<?xml version="1.0" encoding="UTF-8"?>

  <COLLADA xmlns="http://www.collada.org/2005/11/COLLADASchema" version="1.4.1">
    <asset>
      <contributor>
        <authoring_tool>ZModeler 3.x Collada filter</authoring_tool>
      </contributor>
    
      <unit meter="1.0" name="meter"/>
      <up_axis>Y_UP
      </up_axis>
    </asset>
  
    <library_images>
      <image id="her_obelix02_s02_png" name="her_obelix02_s02_png">
        <init_from>her_obelix02=s02.png</init_from>
      </image>
    
      <image id="her_obelix01_s01_png" name="her_obelix01_s01_png">
        <init_from>her_obelix01=s01.png</init_from>
      </image>
    
      <image id="her_obelix03_a_png" name="her_obelix03_a_png">
        <init_from>her_obelix03=a.png</init_from>
      </image>
    </library_images>
  
    <library_materials>
      <material id="her_obelix02_s02" name="her_obelix02_s02">
        <instance_effect url="#her_obelix02_s02_fx"/>
      </material>
    
      <material id="her_obelix01_s01" name="her_obelix01_s01">
        <instance_effect url="#her_obelix01_s01_fx"/>
      </material>
    
      <material id="her_obelix03_a" name="her_obelix03_a">
        <instance_effect url="#her_obelix03_a_fx"/>
      </material>
    </library_materials>
  
    <library_effects>
      <effect id="her_obelix02_s02_fx">
        <profile_COMMON>
          <newparam sid="her_obelix02_s02_png_img">
            <surface type="2D">
              <init_from>her_obelix02_s02_png</init_from>
            </surface>
          </newparam>
        
          <newparam sid="her_obelix02_s02_png_sampler">
            <sampler2D>
              <source>her_obelix02_s02_png_img</source>
            
              <wrap_s>WRAP</wrap_s>
            
              <wrap_t>WRAP</wrap_t>
            
              <minfilter>LINEAR_MIPMAP_LINEAR</minfilter>
            
              <magfilter>LINEAR_MIPMAP_LINEAR</magfilter>
            
              <mipfilter>LINEAR</mipfilter>
            </sampler2D>
          </newparam>
        
          <technique sid="common">
            <phong>
              <ambient>
                <color>0.2000 0.2000 0.2000 1</color>
              </ambient>
            
              <emission>
                <color>0.0000 0.0000 0.0000 1</color>
              </emission>
            
              <specular>
                <color>1.0000 1.0000 1.0000 1</color>
              </specular>
            
              <diffuse>
                <texture texture="her_obelix02_s02_png_sampler" texcoord="0"/>
              </diffuse>
            
              <shininess>
                <float>50.0000</float>
              </shininess>
            
              <transparency>
                <float>1.0000</float>
              </transparency>
            </phong>
          </technique>
        </profile_COMMON>
      </effect>
    
      <effect id="her_obelix01_s01_fx">
        <profile_COMMON>
          <newparam sid="her_obelix01_s01_png_img">
            <surface type="2D">
              <init_from>her_obelix01_s01_png</init_from>
            </surface>
          </newparam>
        
          <newparam sid="her_obelix01_s01_png_sampler">
            <sampler2D>
              <source>her_obelix01_s01_png_img</source>
            
              <wrap_s>WRAP</wrap_s>
            
              <wrap_t>WRAP</wrap_t>
            
              <minfilter>LINEAR_MIPMAP_LINEAR</minfilter>
            
              <magfilter>LINEAR_MIPMAP_LINEAR</magfilter>
            
              <mipfilter>LINEAR</mipfilter>
            </sampler2D>
          </newparam>
        
          <technique sid="common">
            <phong>
              <ambient>
                <color>0.2000 0.2000 0.2000 1</color>
              </ambient>
            
              <emission>
                <color>0.0000 0.0000 0.0000 1</color>
              </emission>
            
              <specular>
                <color>1.0000 1.0000 1.0000 1</color>
              </specular>
            
              <diffuse>
                <texture texture="her_obelix01_s01_png_sampler" texcoord="0"/>
              </diffuse>
            
              <shininess>
                <float>50.0000</float>
              </shininess>
            
              <transparency>
                <float>1.0000</float>
              </transparency>
            </phong>
          </technique>
        </profile_COMMON>
      </effect>
    
      <effect id="her_obelix03_a_fx">
        <profile_COMMON>
          <newparam sid="her_obelix03_a_png_img">
            <surface type="2D">
              <init_from>her_obelix03_a_png</init_from>
            </surface>
          </newparam>
        
          <newparam sid="her_obelix03_a_png_sampler">
            <sampler2D>
              <source>her_obelix03_a_png_img</source>
            
              <wrap_s>WRAP</wrap_s>
            
              <wrap_t>WRAP</wrap_t>
            
              <minfilter>LINEAR_MIPMAP_LINEAR</minfilter>
            
              <magfilter>LINEAR_MIPMAP_LINEAR</magfilter>
            
              <mipfilter>LINEAR</mipfilter>
            </sampler2D>
          </newparam>
        
          <technique sid="common">
            <phong>
              <ambient>
                <color>0.2000 0.2000 0.2000 1</color>
              </ambient>
            
              <emission>
                <color>0.0000 0.0000 0.0000 1</color>
              </emission>
            
              <specular>
                <color>1.0000 1.0000 1.0000 1</color>
              </specular>
            
              <diffuse>
                <texture texture="her_obelix03_a_png_sampler" texcoord="0"/>
              </diffuse>
            
              <shininess>
                <float>50.0000</float>
              </shininess>
            
              <transparency>
                <float>1.0000</float>
              </transparency>
            </phong>
          </technique>
        </profile_COMMON>
      </effect>
    </library_effects>
  
    <library_geometries>
      <geometry id="Obelix_geom" name="Obelix">
        <mesh>
          <source id="Obelix_geom_positions" name="positions">
            <float_array id="Obelix_geom_positions_array" count="6033">-0.065577 1.51853394 0.13606299 -0.053494 1.49815106 0.127061 -0.08208 1.48713898 0.11321899 0.02243 1.5209999 0.123291 0.031333 1.51780509 0.13264499 0.045031 1.49815106 0.127061 -0.039797 1.51780509 0.13264499 -0.030893 1.5209999 0.123291 -0.041274 1.53664195 0.13685698 -0.09799401 1.52292895 0.11688198 0.057114 1.51853299 0.13606299 0.03281099 1.53664195 0.13685698 0.068135 1.54458212 0.129284 0.07361701 1.48713898 0.11321899 0.08953001 1.52292895 0.11688198 -0.07659801 1.54458212 0.129284 -0.002943 1.54058909 0.13286 -0.00552 1.54058909 0.13286 0.098979 1.48688399 0.092879 -0.10744199 1.48688399 0.092879 -0.12817001 1.53386807 -0.128319 -0.041747 1.57098388 -0.0593 -0.064806 1.56143903 -0.038294 -0.050273 1.54318404 -0.067438 -0.057803 1.560094 -0.169768 -0.055069 1.49002301 -0.124438 -0.10532899 1.60623691 -0.07863201 -0.069378 1.56926298 -0.031262 -0.036807 1.58332991 -0.060454 -0.047749 1.55195999 -0.058252 -0.087031 1.57701611 -0.13084398 -0.131411 1.60883996 -0.060046 -0.072401 1.56736505 -0.028961 -0.0492 1.63163492 -0.09678399 -0.030891 1.5723989 -0.061738 -0.050023 1.55001807 -0.059536 -0.051783 1.55311012 -0.16722099 -0.032582 1.62342701 -0.09366801 -0.04233 1.57374691 -0.061372 -0.07426801 1.56626391 -0.041961 -0.08991 1.61835906 -0.13770699 -0.043747 1.57407092 -0.056743 -0.056916 1.54679608 -0.060513 -0.09527701 1.57306909 -0.130075 -0.016258 1.57325398 -0.06823901 -0.041188 1.58492398 -0.140565 -0.07529401 1.65545509 -0.087414 -0.030709 1.59657907 -0.035727 0.020499 1.63987693 -0.10122 0.010034 1.58745908 -0.042287 -0.0196 1.57155108 -0.069873 -0.052499 1.58370399 -0.141436 -0.00339199 1.61253497 -0.051592 -0.015743 1.58055603 -0.041626 -0.024669 1.55903005 -0.12786801 -0.00860999 1.64760301 -0.144488 -0.055231 1.54939198 -0.06041 -0.11357599 1.55047393 -0.14481599 -0.15236902 1.5948081 -0.087794 0.053561 1.5891 -0.11289799 0.013909 1.59279609 -0.053561 -0.034439 1.56208694 -0.1331 -0.019512 1.57986605 -0.04336 -0.120092 1.54526996 -0.14095799 0.059633 1.56329798 -0.09605 0.08124901 1.60779104 -0.058376 0.059306 1.58995604 -0.021413 0.039116 1.55698204 -0.057819 0.081585 1.55510497 -0.00643 0.11218699 1.56116199 -0.058472 0.130488 1.64577505 -0.10083599 0.16182398 1.57306003 -0.089423 0.111236 1.55820298 -0.062353 0.08336 1.58348 -0.16023799 0.15036401 1.53891491 -0.08281 0.049658 1.59791899 -0.030942 0.090872 1.65704903 -0.031521 0.10477199 1.60006997 -0.087179 0.066927 1.56647694 -0.025482 0.022846 1.63018498 -0.100244 0.027907 1.58332991 -0.060454 0.109998 1.60362002 -0.082231 0.066927 1.56647694 -0.025482 0.03968299 1.57164597 -0.04166499 0.007274 1.56505394 -0.049173 0.030218 1.5709939 -0.17267101 0.107898 1.58880901 -0.13119299 0.032164 1.54348111 -0.054301 0.07824101 1.51677393 -0.143568 0.03024 1.57990598 -0.17313201 0.005789 1.56783199 -0.050579 0.03284799 1.57098388 -0.0593 0.042883 1.55311012 -0.16722099 0.11927 1.53386807 -0.128319 0.055906 1.56143903 -0.040819 0.046169 1.48893105 -0.103017 0.041373 1.54209303 -0.046017 0.03342999 1.57374691 -0.061372 -0.058574 1.56845212 -0.040739 -0.077784 1.59062695 -0.005715 -0.06651499 1.58268594 -0.077794 -0.08915801 1.55535793 -0.00932 -0.12159 1.56523203 -0.059694 0.040301 1.63163492 -0.09678399 0.055508 1.56736505 -0.03577099 0.021992 1.5723989 -0.061738 0.082188 1.55460799 -0.00743 0.041123 1.55001807 -0.059536 0.14346902 1.5888369 -0.087794 0.046331 1.54939198 -0.06041 0.065369 1.56626391 -0.041961 0.08101 1.61238787 -0.13770699 0.03484699 1.57407092 -0.056743 0.048017 1.54679608 -0.060513 0.111192 1.54526996 -0.14095799 -0.119507 1.56354403 -0.064213 -0.10246799 1.61211607 -0.030999 0.053061 1.6442661 -0.087374 0.024285 1.58046508 -0.12561298 0.00325 1.57526695 -0.063932 0.015443 1.59519696 -0.037535 -0.027764 1.63024995 -0.09742199 -0.018933 1.58962607 -0.053104 0.00607 1.57372701 -0.065136 0.03382799 1.57938098 -0.12622299 0.01589399 1.59937405 -0.03837 0.00750499 1.64131996 -0.149506 -0.00618699 1.51010394 -0.13779398 -0.06169099 1.60680899 -0.101359 -0.010349 1.58925998 -0.057774 0.015046 1.56781911 -0.06659 0.002587 1.55256998 -0.14560499 -0.048557 1.60019991 -0.030173 -0.077839 1.61567685 0.007439 -0.097575 1.56101501 -0.070336 -0.004232 1.59137797 -0.08924701 -0.003817 1.59377098 -0.04131 -0.078386 1.56595897 -0.134267 -0.004232 1.61040101 -0.12572599 -0.004232 1.63760302 -0.14668199 0.08339 1.56101501 -0.07763401 0.07280199 1.595837 0.00104199 0.04091 1.60019991 -0.030218 0.069922 1.56595897 -0.134267 -0.03956 1.59127402 -0.046598 -0.065348 1.61881206 -0.001891 -0.09185301 1.542032 -0.048365 -0.004232 1.56753802 -0.07821401 -0.004232 1.58857703 -0.057648 -0.078386 1.51769495 -0.11190499 -0.004232 1.54687297 -0.147364 -0.004232 1.55240702 -0.10896199 -0.081984 1.52732706 -0.081361 -0.004232 1.55937898 -0.18388301 0.08339 1.542032 -0.048365 0.07280199 1.59881306 -0.001801 0.037866 1.59127402 -0.047458 0.069922 1.51769495 -0.11190499 0.07352 1.52732706 -0.081361 -0.054963 1.5955081 -0.03582 -0.08129801 1.64076707 -0.057335 -0.100967 1.60327396 -0.08276199 0.048903 1.560094 -0.169768 -0.069378 1.56926298 -0.031262 -0.086592 1.61984 -0.13693499 -0.17422601 1.55693793 -0.09527701 -0.1403 1.64340112 -0.063043 0.086377 1.57306909 -0.130075 0.11862099 1.48822307 0.058454 0.10626499 1.50851201 0.092209 -0.16932399 1.58674192 -0.10297599 0.047219 1.55456114 0.11801099 0.08190901 1.551813 0.105216 0.101163 1.52644598 0.07557 0.11668499 1.50876605 0.0516 0.064024 1.55731404 0.11447899 -0.08950701 1.55505705 -0.010554 0.10467599 1.55047393 -0.14481599 0.114517 1.60883996 -0.06685599 0.038849 1.55195999 -0.058252 0.07813101 1.57701611 -0.13084398 -0.127084 1.48822307 0.058454 -0.12514899 1.50876605 0.0516 -0.11472799 1.50851201 0.092209 -0.090372 1.551813 0.105216 -0.109627 1.52644598 0.07557 -0.055682 1.55456114 0.11801099 -0.072488 1.55731404 0.11447899 -0.027453 1.61286995 0.113644 -0.06340199 1.64084205 0.082904 -0.045087 1.67060801 0.086618 0.03884499 1.66574094 0.089366 0.052418 1.63430199 0.081456 0.014425 1.60902306 0.11204199 -0.035706 1.62628386 0.10105 -0.023038 1.62783596 0.105218 -0.02399 1.61470601 0.109817 -0.036659 1.61315403 0.10565 0.027247 1.62628791 0.101058 0.028199 1.61315796 0.105658 0.015531 1.61471006 0.10982599 0.014578 1.62784001 0.105226 -0.005534 1.63697693 0.116267 -0.003591 1.63549802 0.118599 0.012323 1.52760601 -0.065406 -0.1568 0.106438 0.011542 -0.209121 0.106333 0.021812 -0.193341 0.15297301 0.004577 -0.134479 0.14608199 -0.00799 -0.25497901 0.07993201 -0.007477 -0.23874199 0.14695799 -0.026997 -0.26843398 0.051918 -0.09370199 -0.23400899 0.12565398 -0.072735 -0.22579298 0.044515 -0.15453799 -0.21413299 0.108143 -0.120854 -0.22579298 0.044515 -0.15453799 -0.13012199 0.027356 -0.15031001 -0.156576 0.103605 -0.120684 -0.21413299 0.108143 -0.120854 -0.10498599 0.043713 -0.089005 -0.12807001 0.124677 -0.07599001 -0.11746599 0.185373 -0.020341 -0.121843 0.17359001 -0.099076 -0.233828 0.174928 -0.094121 -0.241757 0.182913 -0.03595 -0.18106602 0.15656601 -0.13344 -0.18106602 0.15656601 -0.13344 -0.183541 0.17978401 -0.109427 -0.216327 0.18046702 -0.08062701 -0.183541 0.17978401 -0.109427 -0.141778 0.18189501 -0.084932 -0.18600299 0.18446801 0.00542499 -0.18275 0.19073198 -0.019039 -0.13549899 0.188859 -0.035352 -0.22088999 0.18582999 -0.046559 -0.12164701 0.074845 -0.019818 -0.20819501 0.69042507 0.36463202 -0.20247901 0.82402102 0.35552599 -0.004232 0.80872206 0.39277901 -0.004232 0.69042507 0.39798199 -0.08056301 1.10961198 0.302038 -0.109348 1.17669701 0.24818001 -0.056355 1.13184797 0.26881101 -0.27237501 0.06956701 0.155836 -0.29453304 0.031103 0.15548901 -0.274502 0.081816 0.15254399 -0.280101 0.030756 0.041345 -0.25830796 0.076161 0.04087499 -0.122038 0.098777 0.14564798 -0.11212199 0.064958 0.09186701 -0.119037 0.057118 0.093795 -0.13047601 0.09128701 0.151028 -0.12655398 0.076136 0.033252 -0.136077 0.067968 0.030961 -0.15333101 0.11772198 0.14914199 -0.14922299 0.128847 0.14539 -0.13073898 0.10281699 0.07754701 -0.117245 0.069183 0.049064 -0.112297 0.06154799 0.062743 -0.12042199 0.095182 0.091584 -0.14693899 0.122229 0.100697 -0.13662198 0.114594 0.114733 -0.11266999 0.080766 0.11059 -0.121357 0.095384 0.118618 -0.14446 0.11089099 0.0569 -0.13577298 0.096274 0.048872 0.122659 0.34133698 -0.14584898 -0.004232 0.35722001 -0.23268 -0.004232 0.32712899 -0.051155 0.105578 0.33637901 -0.03397099 0.105578 0.33637901 -0.03397099 -0.004232 0.32712899 -0.051155 -0.004232 0.35245602 0.098751 0.11340199 0.35610302 0.076496 -0.004232 0.436302 0.26052298 0.149127 0.436302 0.240647 -0.004232 0.55665201 0.35703902 0.184945 0.55665201 0.32703103 -0.004232 0.69042507 0.39798199 0.19973199 0.69042507 0.36463202 0.36553 0.436302 -0.13328 0.43603202 0.55665201 -0.148018 0.342497 0.55665201 -0.31295799 0.291042 0.436302 -0.266952 0.35095401 0.436302 0.018962 0.42261903 0.55665201 0.040258 0.44810997 0.69042507 0.055143 0.45825901 0.69042507 -0.14803299 0.147575 0.436302 -0.35436301 0.20453397 0.351447 -0.18308801 0.29938599 0.37150897 -0.10683999 0.262656 0.36514397 -0.00684399 0.26901101 0.436302 0.15484799 0.17959901 0.34516696 0.04293 0.44019197 0.83402108 0.05995 0.44986798 0.83402006 -0.14532399 0.35680904 0.82902001 -0.32652302 0.359989 0.69042507 -0.32634 0.427648 0.89642899 -0.13704298 0.42830299 0.87193195 0.057562 -0.004232 0.80872206 0.39277901 -0.004232 0.84453104 0.38538299 0.09467301 0.88487796 0.36867301 0.19401599 0.82402102 0.35552599 0.33752899 0.55665201 0.222402 0.36457302 0.69042507 0.242737 0.34810497 0.84336005 0.23635799 0.19212199 0.82932602 -0.42188101 0.19774098 0.69042507 -0.441511 0.183051 0.55665201 -0.42386301 -0.004232 0.69542507 -0.46487304 -0.004232 0.82997595 -0.4449 -0.004232 0.55665201 -0.453141 -0.004232 0.436302 -0.37847398 -0.13042299 0.00271 -0.15137602 -0.190936 0.00271 -0.16350299 -0.240343 0.00271 -0.115663 -0.105264 0.00305699 -0.067649 -0.257036 0.00271 -0.038457 -0.29005503 0.00271 0.040102 -0.11876699 0.00305699 0.024208 -0.30167101 0.00271 0.155093 -0.10081199 0.00305699 0.188454 -0.216128 0.108988 0.040345 -0.15406 0.111509 0.034558 -0.23217801 0.119266 0.150591 -0.30167101 0.00271 0.155093 -0.29005503 0.00271 0.040102 -0.26250198 0.00271 0.26656398 -0.133428 0.00305699 0.29139199 -0.199671 0.00305699 0.32112299 -0.212582 0.09596401 0.03705799 -0.15829001 0.099732 0.031154 -0.22810199 0.10624199 0.15349802 -0.257371 0.063963 0.039121 -0.13112199 0.34133698 -0.14584998 -0.11404199 0.33637901 -0.03397099 -0.004232 0.35722001 -0.23268 -0.11404199 0.33637901 -0.03397099 -0.121866 0.35610302 0.076496 -0.004232 0.35245602 0.098751 -0.15759 0.436302 0.240647 -0.004232 0.436302 0.26052298 -0.19340801 0.55665201 0.32703103 -0.004232 0.55665201 0.35703902 -0.37399398 0.436302 -0.13328 -0.29950502 0.436302 -0.266952 -0.35096102 0.55665201 -0.31295799 -0.44449501 0.55665201 -0.148018 -0.43108197 0.55665201 0.040258 -0.35941704 0.436302 0.018962 -0.466722 0.69042507 -0.14803299 -0.45657303 0.69042507 0.055143 -0.156039 0.436302 -0.35436301 -0.21299701 0.351447 -0.18308801 -0.307849 0.37150897 -0.10683999 -0.27111997 0.36514397 -0.00684399 -0.27747502 0.436302 0.15484799 -0.18806301 0.34516696 0.04293 -0.45833101 0.83402006 -0.14532399 -0.448655 0.83402108 0.05995 -0.36845301 0.69042507 -0.32634 -0.365272 0.82902001 -0.32652302 -0.43611102 0.89642899 -0.13704298 -0.436767 0.87193195 0.057562 -0.103136 0.88487796 0.36867301 -0.004232 0.84453104 0.38538299 -0.36527599 1.12627196 -0.122733 -0.362193 1.15425896 -0.128158 -0.366565 1.14823901 0.021562 -0.36530597 1.11618399 0.026998 -0.31124396 1.18167197 -0.11249599 -0.31145899 1.17499005 0.013329 -0.27615901 1.17864799 0.141329 -0.31454499 1.15366602 0.17426502 -0.165775 1.12140905 0.25171998 -0.17063399 1.16289997 0.26641502 -0.091392 1.07701599 0.30261402 -0.19933299 1.18841803 0.222327 -0.34599198 0.55665201 0.222402 -0.37303598 0.69042507 0.242737 -0.35656799 0.84336005 0.23635799 -0.206205 0.69042507 -0.441511 -0.200585 0.82932602 -0.42188101 -0.19151398 0.55665201 -0.42386301 -0.30363999 1.11785602 0.16569599 -0.004232 0.69542507 -0.46487304 -0.004232 0.82997595 -0.4449 -0.004232 0.55665201 -0.453141 -0.004232 0.436302 -0.37847398 -0.66403797 1.29002499 0.08405801 -0.62524495 1.25861501 0.045019 -0.62386504 1.243806 0.064391 -0.683395 1.287943 0.09851 -0.74618901 1.40853201 -0.11061199 -0.81769697 1.40660309 -0.09924101 -0.81562798 1.33523403 -0.15020701 -0.75263495 1.32640003 -0.170702 -0.73951609 1.43227302 -0.040157 -0.81289397 1.42529606 -0.03333799 -0.809952 1.25996899 -0.11835799 -0.74632502 1.23394799 -0.13336501 -0.80227195 1.22328901 -0.03745999 -0.74011505 1.19113803 -0.042511 -0.65082506 1.21460294 -0.13789099 -0.63438597 1.18120002 -0.03748999 -0.79644598 1.23156094 0.035595 -0.79083497 1.29857099 0.097792 -0.718301 1.28780197 0.101623 -0.73184002 1.20463001 0.035494 -0.79662694 1.367635 0.07230099 -0.80615799 1.41166996 0.026981 -0.73300505 1.41953396 0.025814 -0.72253496 1.37289999 0.083361 -0.88091795 1.34404503 -0.123738 -0.88105296 1.40374302 -0.082136 -0.879849 1.41758596 -0.026611 -0.86732303 1.27682602 0.02842499 -0.87189601 1.33270298 0.069456 -0.87669496 1.29484701 -0.09823101 -0.87394897 1.27047204 -0.029119 -0.87739204 1.397552 0.030434 -0.69246302 1.40557193 -0.11533199 -0.70758504 1.32033501 -0.179054 -0.62140396 1.40670501 -0.11267199 -0.62511203 1.33994399 -0.17286401 -0.62568596 1.32498203 -0.15776601 -0.62693593 1.29339003 -0.157536 -0.62820098 1.28590392 -0.17395701 -0.65707502 1.30464004 -0.04908 -0.87742702 1.33833299 -0.030629 -0.67256001 1.31555103 -0.16710799 -0.62107691 1.42799901 -0.048986 -0.62157294 1.41703402 0.016314 -0.62038294 1.36898695 0.066616 -0.61360899 1.31574498 0.093912 -0.61713204 1.30544398 0.059675 -0.63120893 1.19454193 0.023518 -0.85964601 1.34286998 -0.13797399 -0.84539698 1.34232496 -0.14575798 -0.85272203 1.373435 -0.11808199 -0.86678497 1.36392103 -0.117203 -0.82766299 1.31735204 -0.13834899 -0.83676301 1.30464898 -0.13093098 -0.85085605 1.30383108 -0.1211 -0.84085302 1.34161602 -0.14440999 -0.85853605 1.34223603 -0.13631999 -0.86555104 1.315603 -0.11972099 -0.82398997 1.35875998 -0.13456798 -0.83512406 1.37010394 -0.123942 -0.77340401 1.33134697 -0.16696999 -0.75973798 1.32755206 -0.17048302 -0.76404399 1.35141896 -0.152093 -0.77345503 1.34805702 -0.15339301 -0.75781007 1.30706905 -0.162878 -0.76414604 1.30074201 -0.158921 -0.79721202 1.331295 -0.16179899 -0.78441001 1.35323201 -0.147302 -0.79356701 1.35611104 -0.14423198 -0.809642 1.33506392 -0.1549 -0.80602602 1.310562 -0.143045 -0.81447397 1.30923007 -0.14008 -0.70705403 1.29157698 0.10678299 -0.71599693 1.31723998 0.09503001 -0.70119101 1.32556699 0.09429901 -0.69170204 1.29030895 0.10678799 -0.67812905 1.26557302 0.08825501 -0.68962696 1.25473201 0.081222 -0.71885902 1.26910304 0.086682 -0.70634396 1.29112005 0.10487099 -0.68758402 1.289505 0.10447199 -0.70534397 1.25630593 0.074409 -0.683193 1.32024704 0.096008 -0.671361 1.306751 0.09961901 -0.85168199 1.32184099 0.08125301 -0.85680901 1.35150097 0.067505 -0.84191297 1.35911797 0.07053001 -0.83754806 1.31794594 0.08825101 -0.8222429 1.29436099 0.074019 -0.832498 1.28498196 0.06371899 -0.85063695 1.32157396 0.07946401 -0.83309106 1.317214 0.08665 -0.84660499 1.28810393 0.054383 -0.86012702 1.30109904 0.05655701 -0.824706 1.35275899 0.077345 -0.81468998 1.33802698 0.083271 -0.75821699 1.29386305 0.10109 -0.75669498 1.32285498 0.09165001 -0.74700905 1.32546602 0.09313001 -0.744968 1.29101502 0.10390499 -0.74497695 1.27752101 0.092212 -0.75187899 1.27456402 0.08753901 -0.79094393 1.33162199 0.08898 -0.78209896 1.32752202 0.09153301 -0.79690893 1.30186997 0.09949001 -0.80892901 1.30765699 0.09329801 -0.80763499 1.28817498 0.07759001 -0.81617097 1.28803801 0.074581 -0.193939 0.91078695 -0.385763 -0.34008397 0.91195395 -0.29709202 -0.16545899 1.18367898 -0.30709199 -0.16984298 1.15099501 -0.30713899 -0.004232 1.15186095 -0.32136498 -0.004232 1.18475198 -0.331212 -0.004232 1.20178699 -0.28620302 -0.15091 1.19999504 -0.26025 -0.24960501 1.18989801 -0.20243701 -0.27887102 1.172773 -0.238088 -0.30289902 1.13912296 -0.24194 0.331621 0.91195395 -0.29709202 0.18547502 0.91078695 -0.385763 -0.004232 0.91187396 -0.42288901 -0.004232 0.91187396 -0.42288901 -0.182655 0.26217797 -0.002318 -0.18806301 0.34516696 0.04293 -0.11404199 0.33637901 -0.03397099 -0.13043799 0.265603 -0.027936 -0.233923 0.26548898 -0.031922 -0.27111997 0.36514397 -0.00684399 -0.235218 0.258255 -0.085322 -0.307849 0.37150897 -0.10683999 -0.21299701 0.351447 -0.18308801 -0.19402298 0.25327301 -0.12194301 -0.13112199 0.34133698 -0.14584998 -0.21299701 0.351447 -0.18308801 -0.19402298 0.25327301 -0.12194301 -0.14185799 0.25997102 -0.088803 -0.21946802 0.202163 -0.08048 -0.18507 0.20062799 -0.11035799 -0.18507 0.20062799 -0.11035799 -0.142129 0.20349301 -0.086158 -0.13374799 0.21908601 -0.03333099 -0.13457398 0.20591599 -0.03398799 -0.22373398 0.205496 -0.0434 -0.225495 0.21760399 -0.041449 -0.18210101 0.22428999 -0.011084 -0.18191701 0.211693 -0.013999 0.103834 0.06154799 0.062743 0.10878199 0.069184 0.049064 0.12227599 0.10281699 0.07754701 0.111959 0.095182 0.091584 0.13847601 0.122229 0.100697 0.128158 0.114594 0.114733 0.103997 0.080977 0.11059 0.1271 0.096485 0.048872 0.13578699 0.11110199 0.0569 0.11268399 0.09559501 0.118618 0.047892 1.13184797 0.26881101 0.10088299 1.17669796 0.24818001 0.072099 1.10961198 0.302038 0.358101 1.14823901 0.021562 0.35373001 1.15425896 -0.128158 0.35681306 1.12627196 -0.122733 0.35684203 1.11618399 0.026998 0.302781 1.18167197 -0.112497 0.30299599 1.17499005 0.013329 0.30608199 1.15366602 0.17426502 0.26770099 1.17864799 0.141329 0.162171 1.16289997 0.26641502 0.157311 1.12140905 0.25171998 0.082928 1.07701599 0.30261402 0.19087 1.18841803 0.222327 0.29517599 1.11785602 0.16569599 -0.004232 1.15186095 -0.32136498 0.16138 1.15099501 -0.30713899 0.15699601 1.18367898 -0.30709199 -0.004232 1.18475198 -0.331212 0.14244601 1.19999504 -0.26025 -0.004232 1.20178699 -0.28620302 0.27040701 1.172773 -0.238088 0.24117101 1.18989801 -0.20243701 0.29440602 1.13913094 -0.24195199 0.184878 0.15297301 0.004577 0.20062899 0.10507199 0.02178 0.14829501 0.105164 0.011506 0.126015 0.14608199 -0.00799 0.23027901 0.14695799 -0.026997 0.24648602 0.078709 -0.00751299 0.22554498 0.12565398 -0.072735 0.259907 0.050707 -0.09366301 0.20566999 0.108143 -0.120854 0.21730801 0.043286 -0.15447501 0.14811299 0.103605 -0.120684 0.121707 0.02615 -0.150256 0.21730801 0.043286 -0.15447501 0.20566999 0.108143 -0.120854 0.119607 0.124677 -0.075989 0.096566 0.042516 -0.088981 0.11337999 0.17359001 -0.099076 0.109003 0.185373 -0.020341 0.233294 0.182913 -0.03595 0.22536501 0.174928 -0.094121 0.172603 0.15656601 -0.13344 0.172603 0.15656601 -0.13344 0.17507701 0.17978401 -0.109427 0.20786399 0.18046702 -0.08062701 0.17507701 0.17978401 -0.109427 0.13331501 0.18189501 -0.084932 0.177539 0.18446801 0.00542499 0.127036 0.188859 -0.035352 0.17428701 0.19073198 -0.019039 0.21242601 0.18582999 -0.046559 0.113207 0.07363001 -0.019796 0.105578 0.33637901 -0.03397099 0.17959901 0.34516696 0.04293 0.174192 0.26217797 -0.002318 0.121975 0.265603 -0.027936 0.262656 0.36514397 -0.00684399 0.22546 0.26548898 -0.031922 0.22675499 0.258255 -0.085322 0.29938599 0.37150897 -0.10683999 0.20453397 0.351447 -0.18308801 0.18555898 0.25327301 -0.12194301 0.122659 0.34133698 -0.14584898 0.133394 0.25997102 -0.088803 0.18555898 0.25327301 -0.12194301 0.20453397 0.351447 -0.18308801 0.17660601 0.20062799 -0.11035799 0.211004 0.202163 -0.08048 0.17660601 0.20062799 -0.11035799 0.133666 0.20349301 -0.086158 0.12611099 0.20591599 -0.03398799 0.12528501 0.21908601 -0.03333099 0.21703199 0.21760399 -0.041449 0.215271 0.205496 -0.0434 0.17363801 0.22428999 -0.011084 0.17345301 0.211693 -0.013999 -0.119037 0.057118 0.093795 -0.1242 0.030756 0.029832 -0.1045 0.03283 0.15452699 -0.136077 0.067968 0.030961 -0.155662 0.09997701 0.242745 -0.15333101 0.11772198 0.14914199 -0.13047601 0.09128701 0.151028 -0.10081199 0.033229 0.188454 -0.13300099 0.033576 0.28427001 -0.175047 0.10338699 -0.07563701 -0.23389701 0.03573099 -0.10871599 -0.197969 0.038527 -0.15077601 -0.13450997 0.038527 -0.13744799 -0.11082199 0.037484 -0.06329701 -0.15829001 0.099732 0.031154 -0.136077 0.067968 0.030961 -0.190936 0.00271 -0.16350299 -0.13042299 0.00271 -0.15137602 -0.212582 0.09596401 0.03705799 -0.24206802 0.031104 -0.044217 -0.257371 0.063963 0.039121 -0.280101 0.030756 0.041345 -0.29005503 0.00271 0.040102 -0.257036 0.00271 -0.038457 -0.240343 0.00271 -0.115663 -0.105264 0.00305699 -0.067649 -0.11876699 0.00305699 0.024208 -0.22286501 0.090775 0.24427501 -0.191907 0.032146 0.314898 -0.25535798 0.031103 0.26689502 -0.22810199 0.10624199 0.15349802 -0.29453304 0.031103 0.15548901 -0.27237501 0.06956701 0.155836 -0.26250198 0.00271 0.26656398 -0.30167101 0.00271 0.155093 -0.199671 0.00305699 0.32112299 -0.133428 0.00305699 0.29139199 -0.10081199 0.00305699 0.188454 -0.184273 0.094959 -0.060587 0.17581 0.08043701 -0.060587 0.26603799 0.081816 0.15254399 0.28607001 0.031103 0.15548901 0.26391199 0.06956701 0.155836 0.24984501 0.076161 0.040876 0.271638 0.030756 0.041345 0.11357399 0.098777 0.14564798 0.12201199 0.09128701 0.151028 0.11057399 0.057118 0.093795 0.103658 0.064958 0.09186701 0.11809 0.076136 0.033252 0.12761399 0.067968 0.030961 0.14075899 0.128847 0.14539 0.144868 0.11772198 0.14914199 0.12196 0.00271 -0.15137602 0.0968 0.00305699 -0.067649 0.23188 0.00271 -0.115663 0.18247202 0.00271 -0.16350299 0.11030299 0.00305699 0.024208 0.28159198 0.00271 0.040102 0.248572 0.00271 -0.038457 0.293208 0.00271 0.155093 0.092349 0.00305699 0.188454 0.207665 0.108988 0.040345 0.223715 0.119266 0.150591 0.14559699 0.111509 0.034558 0.28159198 0.00271 0.040102 0.293208 0.00271 0.155093 0.25403901 0.00271 0.26656398 0.124965 0.00305699 0.29139199 0.191207 0.00305699 0.32112299 0.149826 0.099732 0.031154 0.20411899 0.09596401 0.03705799 0.219638 0.10624199 0.15349802 0.24890701 0.063963 0.039121 0.09603701 0.03283 0.15452699 0.115737 0.030756 0.029832 0.11057399 0.057118 0.093795 0.12761399 0.067968 0.030961 0.12201199 0.09128701 0.151028 0.144868 0.11772198 0.14914199 0.147199 0.09997701 0.242745 0.12453801 0.033576 0.28427001 0.092349 0.033229 0.188454 0.16658398 0.10338699 -0.07563701 0.12604699 0.038527 -0.13744799 0.189506 0.038527 -0.15077601 0.22543298 0.03573099 -0.10871599 0.10235799 0.037484 -0.06329701 0.149826 0.099732 0.031154 0.12761399 0.067968 0.030961 0.18247202 0.00271 -0.16350299 0.12196 0.00271 -0.15137602 0.20411899 0.09596401 0.03705799 0.24890701 0.063963 0.039121 0.233605 0.031104 -0.044217 0.271638 0.030756 0.041345 0.248572 0.00271 -0.038457 0.28159198 0.00271 0.040102 0.23188 0.00271 -0.115663 0.11030299 0.00305699 0.024208 0.0968 0.00305699 -0.067649 0.183444 0.032146 0.314898 0.214402 0.090775 0.24427501 0.24689399 0.031103 0.26689502 0.219638 0.10624199 0.15349802 0.26391199 0.06956701 0.155836 0.28607001 0.031103 0.15548901 0.293208 0.00271 0.155093 0.25403901 0.00271 0.26656398 0.191207 0.00305699 0.32112299 0.124965 0.00305699 0.29139199 0.092349 0.00305699 0.188454 -0.65707502 1.30464004 -0.04908 -0.12163301 1.39061497 -0.175602 -0.14850099 1.28097498 -0.23484699 -0.004232 1.29070401 -0.25392898 -0.004232 1.39719795 -0.188738 -0.004232 1.50117099 -0.10028499 -0.212249 1.45012402 -0.055733 -0.213859 1.37478398 -0.141108 -0.19933299 1.18841803 0.222327 -0.27615901 1.17864799 0.141329 -0.259864 1.21598505 0.15381601 -0.17916401 1.25751495 0.203048 -0.237762 1.33907305 0.091771 -0.11694199 1.41183101 0.046551 -0.073046 1.38028799 0.087713 -0.097284 1.49006604 -0.059253 -0.1216 1.4567511 -0.00516699 -0.217672 1.42610406 0.038249 -0.212249 1.45012402 -0.055733 -0.23265298 1.26023101 -0.17870001 -0.004232 1.50117099 -0.10028499 -0.31145899 1.17499005 0.013329 -0.31124396 1.18167197 -0.11249599 -0.30378999 1.21791302 -0.032735 -0.28985503 1.24579095 0.076056 -0.24960501 1.18989801 -0.20243701 -0.15091 1.19999504 -0.26025 -0.004232 1.36613296 0.108394 -0.004232 1.27266299 0.19686 -0.004232 1.20178699 -0.28620302 -0.109348 1.17669701 0.24818001 -0.004232 1.19167495 0.238695 -0.056355 1.13184797 0.26881101 -0.004232 1.134678 0.27106099 -0.38414301 1.22537195 -0.05503 -0.477248 1.19973194 -0.086824 -0.48298501 1.21333706 0.00993299 -0.40088301 1.23792695 0.00766099 -0.58201199 1.29496204 0.04941 -0.48974102 1.31553899 0.070025 -0.56352007 1.23274898 0.011859 -0.41692599 1.3224151 0.050631 -0.50127094 1.38996898 0.01249 -0.43001201 1.38207696 0.012564 -0.574454 1.387861 -0.007585 -0.56312304 1.40396403 -0.06943701 -0.50043398 1.41315197 -0.064629 -0.65108398 1.19754898 0.00847 -0.66544798 1.29049003 0.08540701 -0.60012701 1.21205103 0.00941799 -0.59637898 1.39707397 -0.08179801 -0.63680098 1.40841304 0.000484 -0.59581303 1.31552397 -0.16485999 -0.56196695 1.31200896 -0.14337001 -0.47710701 1.33492397 -0.14741399 -0.47286202 1.24236202 -0.13607999 -0.40285902 1.26547097 -0.11711999 -0.38139699 1.33650099 -0.128237 -0.60609296 1.20442104 -0.11689899 -0.55916208 1.21680998 -0.11479599 -0.64302805 1.40905594 -0.080285 -0.67513499 1.31633101 -0.168199 -0.65357802 1.206012 -0.118091 -0.60609296 1.20442104 -0.11689899 -0.65357802 1.206012 -0.118091 -0.477248 1.19973194 -0.086824 -0.38414301 1.22537195 -0.05503 -0.43439799 1.40452193 -0.05045 -0.63460794 1.36325906 0.059859 -0.55916208 1.21680998 -0.11479599 -0.28985503 1.24579095 0.076056 -0.30378999 1.21791302 -0.032735 -0.32227103 1.31914793 0.088506 -0.237762 1.33907305 0.091771 -0.23265298 1.26023101 -0.17870001 -0.213859 1.37478398 -0.141108 -0.317441 1.35909604 -0.15695199 -0.31039198 1.26550602 -0.133464 -0.278665 1.426625 0.063105 -0.217672 1.42610406 0.038249 -0.35227104 1.41653704 0.052895 -0.28539299 1.46034001 -0.01059 -0.28309398 1.43495904 -0.090991 -0.212249 1.45012402 -0.055733 -0.35397302 1.43380104 -0.09019501 -0.30378999 1.21791302 -0.032735 -0.361663 1.44899498 -0.016963 0.11316999 1.39061497 -0.175602 0.14003799 1.28097498 -0.23484699 0.205395 1.37478398 -0.141108 0.20378601 1.45012402 -0.055733 0.251401 1.21598505 0.15381601 0.26770099 1.17864799 0.141329 0.19087 1.18841803 0.222327 0.17070101 1.25751495 0.203048 0.064583 1.38028799 0.087713 0.10847899 1.41182994 0.046551 0.229299 1.33907305 0.091772 0.209209 1.42610406 0.038249 0.11313599 1.4567511 -0.00516699 0.088821 1.49006604 -0.059253 0.20378601 1.45012402 -0.055733 0.22418999 1.26023101 -0.17870001 0.295327 1.21791302 -0.032735 0.302781 1.18167197 -0.112497 0.30299599 1.17499005 0.013329 0.28139197 1.24579095 0.076056 0.24117101 1.18989801 -0.20243701 0.14244601 1.19999504 -0.26025 0.10088299 1.17669796 0.24818001 0.047892 1.13184797 0.26881101 0.375679 1.22537195 -0.05503 0.39242001 1.23792695 0.00766099 0.47452201 1.21333706 0.00993299 0.46878498 1.19973194 -0.086824 0.48127799 1.31553994 0.070025 0.57354903 1.29496204 0.04941 0.55505699 1.23274898 0.011859 0.40846299 1.3224151 0.050631 0.42154898 1.38207696 0.012564 0.49280801 1.38997005 0.01249 0.56599098 1.387861 -0.007585 0.49197101 1.41315197 -0.064629 0.55465901 1.40396403 -0.06943701 0.58791601 1.39707397 -0.08179801 0.55350405 1.31200896 -0.14337001 0.58734899 1.31552397 -0.16485999 0.39439599 1.26547097 -0.11711999 0.46439799 1.24236202 -0.13607999 0.468643 1.33492397 -0.14741399 0.372934 1.33650099 -0.128237 0.55069899 1.21680998 -0.11479599 0.59763002 1.20442104 -0.11689899 0.46878498 1.19973194 -0.086824 0.375679 1.22537195 -0.05503 0.42593502 1.40452193 -0.05045 0.55069899 1.21680998 -0.11479599 0.591663 1.21205103 0.00941799 0.59763002 1.20442104 -0.11689899 0.295327 1.21791302 -0.032735 0.28139197 1.24579095 0.076056 0.229299 1.33907305 0.091772 0.31380798 1.31914793 0.088506 0.30897699 1.35909604 -0.15695199 0.205395 1.37478398 -0.141108 0.22418999 1.26023101 -0.17870001 0.30192898 1.26550495 -0.133464 0.34380798 1.41653799 0.052896 0.270202 1.426625 0.063105 0.209209 1.42610406 0.038249 0.20378601 1.45012402 -0.055733 0.27463104 1.43495904 -0.090991 0.27692901 1.46034001 -0.01059 0.34550898 1.43380104 -0.09019501 0.295327 1.21791302 -0.032735 0.3532 1.44899498 -0.016963 0.63033691 1.27794503 0.080306 0.65011403 1.19754898 0.00847 0.64860603 1.40841304 0.000484 0.62093792 1.31286095 -0.15708601 0.62358001 1.39376591 -0.081042 0.66356406 1.206012 -0.118091 0.67947897 1.40905594 -0.080285 0.66356406 1.206012 -0.118091 0.71582205 1.27520501 0.092465 0.72695393 1.206959 0.00704999 0.73579902 1.41075395 -0.08230599 0.74417204 1.32392095 -0.160489 0.80716406 1.33520792 -0.14157 0.809853 1.40645408 -0.074327 0.72702301 1.41038798 0.008327 0.79995496 1.40330194 0.01208 0.800086 1.25765395 -0.098369 0.73853905 1.22819494 -0.108535 0.73853905 1.22819494 -0.108535 0.789612 1.23476505 -0.001858 0.800086 1.25765395 -0.098369 0.78237195 1.29125702 0.087362 0.714072 1.36667906 0.07404001 0.62607494 1.36317895 0.05749 0.78816301 1.36228 0.06383 0.87224291 1.34517799 -0.115003 0.87716703 1.39798592 -0.06127099 0.87525998 1.39282499 0.011187 0.866859 1.28226697 -0.016747 0.86884503 1.343253 0.052767 0.86745904 1.30118392 -0.076592 0.86745904 1.30118392 -0.076592 0.68499294 1.31633101 -0.168199 0.866859 1.28226697 -0.016747 0.9385161 1.30851196 -0.007556 0.92400898 1.31240295 -0.090169 0.86745904 1.30118392 -0.076592 0.87525998 1.39282499 0.011187 0.89404397 1.36936496 0.054452 0.86884503 1.343253 0.052767 0.87716703 1.39798592 -0.06127099 0.92125597 1.39770399 -0.08223901 0.92389502 1.39796804 0.00464599 0.87224291 1.34517799 -0.115003 0.91975899 1.35909306 -0.114936 0.911105 1.35688208 0.084831 0.911105 1.30485998 0.083404 0.95863398 1.37635992 0.066377 1.01702094 1.39138399 0.02267 1.01589 1.37654994 0.07054801 1.01578795 1.32997702 0.057388 0.96551104 1.31792699 0.066377 1.02039694 1.34047995 0.022575 1.01712203 1.32763706 -0.034912 1.01833796 1.32249997 -0.121575 1.01954805 1.3613839 -0.130379 0.92400898 1.31240295 -0.090169 1.15978598 1.32630502 0.006403 1.10318398 1.33560501 0.008705 1.12652599 1.37635396 0.016636 1.17616104 1.35982405 0.01317 1.08539199 1.33739398 0.00902199 1.06534004 1.38592003 0.019748 1.02039694 1.34047995 0.022575 1.01702094 1.39138399 0.02267 1.01816904 1.39369999 -0.030401 1.06597495 1.38598596 -0.027845 1.12659501 1.37763904 -0.026726 1.17677807 1.35975204 -0.0234 1.17677807 1.35975204 -0.0234 1.16026902 1.32546399 -0.014911 1.16026902 1.32546399 -0.014911 1.10382199 1.33372401 -0.01916599 1.08586001 1.333526 -0.019874 1.01712203 1.32763706 -0.034912 1.06597495 1.38598596 -0.027845 1.01816904 1.39369999 -0.030401 1.12659501 1.37763904 -0.026726 1.17677807 1.35975204 -0.0234 1.01827394 1.392197 -0.083731 1.01816904 1.39369999 -0.030401 1.01744496 1.31823395 -0.08404401 1.01833796 1.32249997 -0.121575 1.14055395 1.32528494 0.0556 1.09573698 1.32581006 0.056551 1.10783195 1.36973403 0.067596 1.15906095 1.36284004 0.063513 1.06403005 1.32745002 0.057994 1.06211102 1.37389396 0.068737 1.01578795 1.32997702 0.057388 1.01589 1.37654994 0.07054801 1.01702094 1.39138399 0.02267 1.06268596 1.38354503 0.025006 1.10881101 1.380509 0.027612 1.15719604 1.37235497 0.031746 1.15719604 1.37235497 0.031746 1.14018797 1.33148001 0.032829 1.14018797 1.33148001 0.032829 1.09691703 1.33742796 0.029458 1.06471204 1.33949099 0.029194 1.02039694 1.34047995 0.022575 1.06268596 1.38354503 0.025006 1.01702094 1.39138399 0.02267 1.10881101 1.380509 0.027612 1.15719604 1.37235497 0.031746 0.86745904 1.30118392 -0.076592 1.14596295 1.33088396 -0.048358 1.09061396 1.33823298 -0.045788 1.10873794 1.37773393 -0.035484 1.16073095 1.36551903 -0.042437 1.07275199 1.33806799 -0.044353 1.06140101 1.38598596 -0.03244799 1.01712203 1.32763706 -0.034912 1.01816904 1.39369999 -0.030401 1.01827394 1.392197 -0.083731 1.06026995 1.38552998 -0.080578 1.107849 1.37663804 -0.076859 1.15954494 1.36567198 -0.073402 1.15954494 1.36567198 -0.073402 1.145267 1.32846199 -0.065404 1.145267 1.32846199 -0.065404 1.09080195 1.33690594 -0.066632 1.07263696 1.33584998 -0.06692499 1.01744496 1.31823395 -0.08404401 1.06026995 1.38552998 -0.080578 1.01827394 1.392197 -0.083731 1.107849 1.37663804 -0.076859 1.15954494 1.36567198 -0.073402 1.11512005 1.33399604 -0.107431 1.12955701 1.36335502 -0.11746999 1.09858298 1.36479698 -0.12277099 1.08171796 1.32941805 -0.10968199 1.05526995 1.36326693 -0.12691299 1.06197095 1.32717798 -0.111807 1.01954805 1.3613839 -0.130379 1.01833796 1.32249997 -0.121575 1.054196 1.38611899 -0.085701 1.09832299 1.37997006 -0.08760301 1.13029193 1.37511097 -0.09020001 1.11405396 1.34043907 -0.08853601 1.13029193 1.37511097 -0.09020001 1.08100795 1.33967899 -0.087632 1.11405396 1.34043907 -0.08853601 1.06054902 1.33635102 -0.08624701 1.054196 1.38611899 -0.085701 1.09832299 1.37997006 -0.08760301 1.13029193 1.37511097 -0.09020001 -0.86692499 1.28226697 -0.016747 -0.86752508 1.30118392 -0.076592 -0.93247201 1.31240295 -0.090169 -0.94697895 1.30851196 -0.007556 -0.86891101 1.34325193 0.052767 -0.90250798 1.36936496 0.054452 -0.87532602 1.39282499 0.011187 -0.93235799 1.39796804 0.00464599 -0.92972 1.39770399 -0.08223901 -0.87723295 1.39798592 -0.06127099 -0.92822202 1.35909306 -0.114936 -0.87230895 1.34517799 -0.115003 -0.91956802 1.35688208 0.084831 -0.91956802 1.30485998 0.083404 -1.02548503 1.39138399 0.02267 -0.967097 1.37635992 0.066377 -1.02435302 1.37654994 0.07054801 -0.97397496 1.31792699 0.066377 -1.02425098 1.32997702 0.057388 -1.02886104 1.34047995 0.022575 -1.02558505 1.32763706 -0.034912 -1.02680099 1.32249997 -0.121575 -0.93247201 1.31240295 -0.090169 -1.02801203 1.3613839 -0.130379 -1.16824996 1.32630502 0.006403 -1.18462395 1.35982405 0.01317 -1.13498997 1.37635396 0.016636 -1.11164796 1.33560501 0.008705 -1.07380294 1.38592003 0.019748 -1.09385502 1.33739398 0.00902199 -1.02548503 1.39138399 0.02267 -1.02886104 1.34047995 0.022575 -1.07443797 1.38598596 -0.027845 -1.02663302 1.39369999 -0.030401 -1.13505792 1.37763904 -0.026726 -1.18524098 1.35975204 -0.0234 -1.168733 1.32546399 -0.014911 -1.18524098 1.35975204 -0.0234 -1.11228501 1.33372401 -0.01916599 -1.168733 1.32546399 -0.014911 -1.09432399 1.333526 -0.019874 -1.02558505 1.32763706 -0.034912 -1.07443797 1.38598596 -0.027845 -1.02663302 1.39369999 -0.030401 -1.13505792 1.37763904 -0.026726 -1.18524098 1.35975204 -0.0234 -1.02673804 1.392197 -0.083731 -1.02663302 1.39369999 -0.030401 -1.02590799 1.31823395 -0.08404401 -1.02680099 1.32249997 -0.121575 -1.14901697 1.32528399 0.0556 -1.16752505 1.36284004 0.063513 -1.11629497 1.36973403 0.067596 -1.1042 1.32581006 0.056551 -1.07057404 1.37389396 0.068737 -1.07249295 1.32745002 0.057994 -1.02435302 1.37654994 0.07054801 -1.02425098 1.32997702 0.057388 -1.07114899 1.38354503 0.025006 -1.02548503 1.39138399 0.02267 -1.11727404 1.380509 0.027612 -1.16565895 1.37235497 0.031746 -1.148651 1.33148001 0.032829 -1.16565895 1.37235497 0.031746 -1.10538005 1.33742796 0.029458 -1.148651 1.33148001 0.032829 -1.07317495 1.33949099 0.029194 -1.02886104 1.34047995 0.022575 -1.07114899 1.38354503 0.025006 -1.02548503 1.39138399 0.02267 -1.11727404 1.380509 0.027612 -1.16565895 1.37235497 0.031746 -0.86752508 1.30118392 -0.076592 -1.15442597 1.33088396 -0.048358 -1.16919398 1.36551903 -0.042437 -1.11720096 1.37773393 -0.035484 -1.09907806 1.33823393 -0.045787 -1.06986403 1.38598596 -0.03244799 -1.08121597 1.33806799 -0.044353 -1.02663302 1.39369999 -0.030401 -1.02558505 1.32763706 -0.034912 -1.06873405 1.38552998 -0.080578 -1.02673804 1.392197 -0.083731 -1.11631202 1.37663804 -0.076859 -1.16800796 1.36567305 -0.073402 -1.15373098 1.32846199 -0.065404 -1.16800796 1.36567305 -0.073402 -1.09926605 1.33690594 -0.066632 -1.15373098 1.32846199 -0.065404 -1.08110106 1.33584998 -0.06692499 -1.02590799 1.31823395 -0.08404401 -1.06873405 1.38552998 -0.080578 -1.02673804 1.392197 -0.083731 -1.11631202 1.37663804 -0.076859 -1.16800796 1.36567305 -0.073402 -1.12358295 1.33399604 -0.107431 -1.09018099 1.32941805 -0.10968199 -1.10704696 1.36479698 -0.12277099 -1.13802003 1.36335502 -0.11746999 -1.07043397 1.32717798 -0.111807 -1.06373405 1.36326693 -0.12691299 -1.02680099 1.32249997 -0.121575 -1.02801203 1.3613839 -0.130379 -1.06265998 1.38611899 -0.085701 -1.10678601 1.37996898 -0.08760301 -1.13875603 1.37511097 -0.09020001 -1.13875603 1.37511097 -0.09020001 -1.12251698 1.34043907 -0.08853601 -1.12251698 1.34043907 -0.08853601 -1.08947205 1.33967899 -0.087632 -1.06901204 1.33634995 -0.08624701 -1.06265998 1.38611899 -0.085701 -1.10678601 1.37996898 -0.08760301 -1.13875603 1.37511097 -0.09020001 0.9729829 1.36707304 0.10877299 0.93439605 1.35688208 0.13984699 0.911105 1.35688208 0.084831 0.95863398 1.37635992 0.066377 0.97036799 1.35688208 0.16124398 0.93861606 1.35688208 0.181658 0.96551104 1.31792699 0.066377 0.9729829 1.31881402 0.10877299 0.97139998 1.32766603 0.16155499 0.93861606 1.35688208 0.181658 0.93861606 1.31792699 0.181658 0.93861606 1.31792699 0.181658 0.93439605 1.30818794 0.13984699 0.911105 1.30485998 0.083404 0.93439605 1.30818794 0.13984699 0.93861606 1.31792699 0.181658 0.911105 1.30485998 0.083404 -0.91956802 1.35688208 0.084831 -0.94285901 1.35688208 0.13984699 -0.98144599 1.36707304 0.10877299 -0.967097 1.37635992 0.066377 -0.97883202 1.35688208 0.16124398 -0.94707902 1.35688208 0.181658 -0.98144599 1.31881402 0.10877299 -0.97397496 1.31792699 0.066377 -0.97986301 1.32766507 0.16155499 -0.94707902 1.35688208 0.181658 -0.94707902 1.31792699 0.181658 -0.94285901 1.30818794 0.13984699 -0.94707902 1.31792699 0.181658 -0.91956802 1.30485998 0.083404 -0.94285901 1.30818794 0.13984699 -0.94707902 1.31792699 0.181658 -0.91956802 1.30485998 0.083404 0.094463 1.5712049 0.00705499 0.08757 1.57855904 -0.00978099 0.115567 1.54770803 -0.01406 0.09853501 1.5433681 0.00702899 0.102694 1.54165506 -0.023229 0.110499 1.56568002 -0.043962 0.082368 1.55864596 -0.022345 0.09853501 1.5433681 0.00702899 0.124831 1.57024502 -0.03369299 0.098314 1.61207697 0.01361299 0.085972 1.59140396 0.025265 0.08107701 1.60794804 0.030493 0.07383801 1.62243292 0.016033 0.10656899 1.60174605 -0.040653 0.122557 1.60031602 -0.029405 0.111059 1.61636803 -0.011018 0.094706 1.62517998 -0.016249 0.07383801 1.62243292 0.016033 0.074225 1.58969593 -0.011859 0.086269 1.58579301 0.070179 0.070622 1.61910507 0.060556 0.08594901 1.60907194 0.040408 0.10148199 1.58787799 0.046933 -0.004232 1.68434498 -0.043923 -0.004232 1.63439104 -0.038839 0.03011 1.64079997 -0.028833 0.019512 1.69261501 -0.031584 -0.004232 1.70288301 -0.0312 0.053731 1.66006896 0.008328 0.02842799 1.7072661 0.001403 0.022358 1.70235205 0.061756 0.026601 1.70832802 0.035342 0.053467 1.67335698 0.037085 -0.004232 1.71418298 0.033597 -0.004232 1.71442903 -0.001494 0.014867 1.69433102 0.083942 -0.004232 1.69751904 0.089622 -0.004232 1.7066269 0.06953501 0.056047 1.55941796 -0.04167499 -0.004232 1.55591893 -0.055025 -0.004232 1.50117099 -0.10028499 0.088821 1.49006604 -0.059253 0.082368 1.55864596 -0.022345 0.07383801 1.62243292 0.016033 0.040918 1.59962404 -0.030862 0.074225 1.58969593 -0.011859 -0.004232 1.59241509 -0.042375 0.03304899 1.68546292 0.075382 0.047958 1.66514895 0.064995 0.085972 1.59140396 0.025265 0.08107701 1.60794804 0.030493 0.07193701 1.63761208 0.035756 0.057119 1.64858911 0.059493 0.008541 1.63804898 0.09993501 0.009455 1.63620684 0.100397 0.002973 1.61740109 0.110031 0.008541 1.63804898 0.09993501 0.013549 1.66377601 0.09348599 0.023199 1.64130101 0.092058 0.016842 1.52252507 0.15554599 -0.004232 1.52721095 0.15654398 0.017862 1.52242994 0.122138 0.09853501 1.5433681 0.00702899 0.085769 1.54232502 0.10288198 0.050938 1.50897598 0.12332899 0.03777299 1.52570796 0.11668199 0.094463 1.5712049 0.00705499 0.10181099 1.52948904 0.02474 0.085972 1.59140396 0.025265 -0.004232 1.63646898 0.10438499 -0.004232 1.62127397 0.111437 -0.004232 1.62820789 0.12985399 0.025428 1.61555097 0.13125499 0.028784 1.64799211 0.17218603 -0.004232 1.65557 0.17370001 0.027287 1.65755412 0.20677999 -0.004232 1.66380498 0.20850398 0.022717 1.63435003 0.24375 -0.004232 1.65648792 0.23778299 -0.004232 1.59743106 0.249919 -0.004232 1.63156602 0.25091001 0.031216 1.59958207 0.240637 0.054369 1.61951003 0.16567799 0.051643 1.63092801 0.20165799 0.061151 1.60245499 0.19663398 0.05379 1.56287503 0.18798501 0.02643 1.56157994 0.22163599 0.056692 1.558815 0.14905398 0.03281099 1.53664195 0.13685698 0.028741 1.53897893 0.17951701 0.047219 1.55456114 0.11801099 0.044691 1.59029007 0.12487599 0.061304 1.59948206 0.16217701 0.022645 1.60989496 0.120814 0.01937 1.497563 0.16995398 -0.004232 1.48664104 0.17799301 -0.004232 1.49823701 0.18537901 0.017798 1.48762607 0.160025 -0.004232 1.48099207 0.163403 0.11313599 1.4567511 -0.00516699 0.10847899 1.41182994 0.046551 0.100344 1.44542896 0.075478 0.06503301 1.58848095 0.10948499 0.060713 1.60035393 0.09204 0.09574 1.48948704 0.09154401 0.027193 1.5078051 0.12764499 0.027986 1.5069549 0.14659298 0.060649 1.57188796 0.12092099 0.041511 1.60334298 0.11602599 0.007577 1.614925 0.109132 0.021042 1.60883996 0.10576499 0.002973 1.61740109 0.110031 0.010414 1.51251602 0.17711601 0.024523 1.49514901 0.133125 -0.004232 1.479838 0.143671 0.041101 1.45298802 0.13120999 0.059848 1.40699397 0.11458899 0.064583 1.38028799 0.087713 -0.004232 1.36613296 0.108394 -0.004232 1.39750301 0.130418 -0.004232 1.44387399 0.14399 -0.004232 1.51650202 0.18026401 0.040378 1.61248896 0.095379 0.03447699 1.609588 0.09805701 0.034173 1.63077995 0.089414 0.05432201 1.62469098 0.075086 0.033392 1.66173002 0.082281 0.035179 1.63212702 0.08910301 -0.004232 1.66374204 0.09638499 0.051274 1.65363595 0.068517 -0.004232 1.5599339 0.227488 -0.004232 1.53219497 0.18000501 -0.004232 1.52795505 0.13775798 0.021042 1.60883996 0.10576499 0.007577 1.614925 0.109132 0.009455 1.63620684 0.100397 0.023059 1.63925287 0.09192701 0.034173 1.63077995 0.089414 0.03447699 1.609588 0.09805701 0.10284599 1.54437398 0.068163 0.086269 1.58579301 0.070179 0.10148199 1.58787799 0.046933 0.120415 1.54437398 0.038854 0.094463 1.5712049 0.00705499 0.09853501 1.5433681 0.00702899 0.092967 1.49669098 0.028167 0.11272598 1.49669098 0.028167 0.10284599 1.49669098 0.048793 0.063278 1.54437398 0.038853 0.094463 1.5712049 0.00705499 0.085972 1.59140396 0.025265 0.085972 1.59140396 0.025265 0.10284599 1.40880297 0.048811 0.10284599 1.45221996 0.072034 0.13247901 1.45221996 0.039705 0.11189199 1.40880297 0.029928 0.10284599 1.45221996 0.00737699 0.093801 1.40880297 0.029928 0.06668499 1.45221996 0.039705 0.13532799 1.36862598 0.040625 0.10284599 1.36862598 0.069734 0.10284599 1.36862598 0.011516 0.096101 1.32762407 0.03328799 0.109592 1.32762407 0.03328799 0.10284599 1.32762407 0.04737 0.070365 1.36862598 0.040625 0.13101099 1.29069209 0.041704 0.10284599 1.25449204 0.041929 0.10284599 1.29069209 0.067036 0.10284599 1.29069209 0.016373 0.074682 1.29069209 0.041704 -0.004232 1.52721095 0.15654398 -0.02630499 1.52242994 0.122138 0.017862 1.52242994 0.122138 0.018477 1.51868295 0.087846 -0.026624 1.51868295 0.087846 -0.004232 1.52795505 0.13775798 0.03777299 1.52570796 0.11668199 0.03281099 1.53664195 0.13685698 -0.046197 1.52570796 0.11668199 -0.041274 1.53664195 0.13685698 -0.10292699 1.5712049 0.00705499 -0.106998 1.5433681 0.00702899 -0.12403 1.54770803 -0.01406 -0.09603301 1.57855904 -0.00978099 -0.090831 1.55864596 -0.022345 -0.11896199 1.56568002 -0.043962 -0.111157 1.54165506 -0.023229 -0.106998 1.5433681 0.00702899 -0.133294 1.57024502 -0.03369299 -0.10677799 1.61207697 0.01361299 -0.08230199 1.62243292 0.016033 -0.08954001 1.60794804 0.030493 -0.09443501 1.59140396 0.025265 -0.115032 1.60174605 -0.040653 -0.103169 1.62517902 -0.016249 -0.11952199 1.61636803 -0.011018 -0.13102099 1.60031602 -0.029405 -0.082688 1.58969593 -0.011859 -0.08230199 1.62243292 0.016033 -0.029506 1.60883901 0.10576499 -0.031522 1.63925287 0.09192701 -0.017919 1.63620684 0.100397 -0.016041 1.614925 0.109132 -0.042636 1.63077995 0.089414 -0.042941 1.60958692 0.09805701 -0.094412 1.60907194 0.040408 -0.079085 1.61910507 0.060556 -0.094732 1.58579301 0.070179 -0.109945 1.58787799 0.046933 -0.038573 1.64079997 -0.028833 -0.027976 1.69261501 -0.031584 -0.062194 1.66006896 0.008328 -0.03689099 1.7072661 0.001403 -0.06193 1.67335698 0.037085 -0.035064 1.70832802 0.035342 -0.030821 1.70235205 0.061756 -0.02333 1.69433102 0.083941 -0.06451 1.55941796 -0.04167499 -0.097284 1.49006604 -0.059253 -0.090831 1.55864596 -0.022345 -0.082688 1.58969593 -0.011859 -0.049381 1.59962404 -0.030862 -0.08230199 1.62243292 0.016033 -0.056422 1.66514895 0.064995 -0.041513 1.68546292 0.075382 -0.0804 1.63761208 0.035756 -0.065582 1.64858911 0.059493 -0.09443501 1.59140396 0.025265 -0.08954001 1.60794804 0.030493 -0.017002 1.63803193 0.09993901 -0.022013 1.66377601 0.09348599 -0.031892 1.64070699 0.09202 -0.02630499 1.52242994 0.122138 -0.025305 1.52252507 0.15554599 -0.106998 1.5433681 0.00702899 -0.046197 1.52570796 0.11668199 -0.059401 1.50897598 0.12332899 -0.09423201 1.54232502 0.10288198 -0.11027499 1.52948904 0.02474 -0.10292699 1.5712049 0.00705499 -0.09443501 1.59140396 0.025265 -0.017919 1.63620684 0.100397 -0.011292 1.61747798 0.11005899 -0.016041 1.614925 0.109132 -0.03724699 1.64799211 0.17218603 -0.03389199 1.61555097 0.13125499 -0.035751 1.65755412 0.20677999 -0.031181 1.63435003 0.24375 -0.03968 1.59958207 0.240637 -0.060106 1.63092801 0.20165799 -0.062832 1.61951003 0.16567799 -0.03489299 1.56157994 0.22163599 -0.062253 1.56287503 0.18798501 -0.069614 1.60245499 0.19663398 -0.065155 1.558815 0.14905398 -0.037204 1.53897893 0.17951701 -0.041274 1.53664195 0.13685698 -0.055682 1.55456114 0.11801099 -0.053154 1.59029007 0.12487599 -0.069767 1.59948206 0.16217701 -0.031108 1.60989496 0.120814 -0.027833 1.497563 0.16995398 -0.026261 1.48762607 0.160025 -0.108808 1.44542896 0.075478 -0.11694199 1.41183101 0.046551 -0.1216 1.4567511 -0.00516699 -0.073496 1.58848095 0.10948499 -0.069176 1.60035393 0.09204 -0.104203 1.48948704 0.09154401 -0.036449 1.5069549 0.14659298 -0.035656 1.5078051 0.12764499 -0.069112 1.57188796 0.12092099 -0.049974 1.60334298 0.11602599 -0.029506 1.60883901 0.10576499 -0.018878 1.51251697 0.17711601 -0.032986 1.49514901 0.133125 -0.049564 1.45298802 0.13120999 -0.073046 1.38028799 0.087713 -0.06831099 1.40699397 0.11458899 -0.06278599 1.62469098 0.075086 -0.043607 1.63352403 0.088781 -0.049366 1.61100695 0.094169 -0.041856 1.66173002 0.082281 -0.042636 1.63077995 0.089414 -0.059737 1.65363595 0.068517 -0.042941 1.60958692 0.09805701 -0.11130999 1.54437398 0.068163 -0.12887801 1.54437398 0.038854 -0.109945 1.58787799 0.046933 -0.094732 1.58579301 0.070179 -0.106998 1.5433681 0.00702899 -0.10292699 1.5712049 0.00705499 -0.121189 1.49669098 0.028167 -0.10143 1.49669098 0.028167 -0.11130999 1.49669098 0.048793 -0.071742 1.54437398 0.038853 -0.10292699 1.5712049 0.00705499 -0.09443501 1.59140396 0.025265 -0.09443501 1.59140396 0.025265 -0.14094199 1.45221996 0.039705 -0.11130999 1.45221996 0.072034 -0.11130999 1.40880297 0.048811 -0.120355 1.40880297 0.029928 -0.11130999 1.45221996 0.00737699 -0.10226499 1.40880297 0.029928 -0.07514901 1.45221996 0.039705 -0.11130999 1.36862598 0.069734 -0.143792 1.36862598 0.040625 -0.11130999 1.36862598 0.011516 -0.11805499 1.32762407 0.03328799 -0.104564 1.32762407 0.03328799 -0.11130999 1.32762407 0.04737 -0.078828 1.36862598 0.040625 -0.11130999 1.29069209 0.067036 -0.11130999 1.25449204 0.041929 -0.13947501 1.29069209 0.041704 -0.11130999 1.29069209 0.016373 -0.083145 1.29069209 0.041704 0.124332 1.245669 0.042399 0.10433199 1.245669 0.062899 0.103632 1.26816892 0.042399 0.083832 1.245669 0.042399 0.103632 1.22316896 0.058664 0.10433199 1.245669 0.021399 0.051051 1.29509997 0.036399 0.026051 1.28982901 0.032399 0.016051 1.25014901 0.028299 0.10273199 1.245669 0.042399 0.061051 1.19923806 0.064664 0.031051 1.210469 0.068664 0.016051 1.25014901 0.056499 0.051051 1.29509997 0.048399 0.026051 1.28982901 0.052399 0.061051 1.19923806 0.052664 0.031051 1.210469 0.048664 0.15686701 1.29509902 0.036399 0.105185 1.245669 0.042399 0.19186701 1.25014901 0.028299 0.18186701 1.28982901 0.032399 0.146867 1.19923806 0.064664 0.19186701 1.25014901 0.056499 0.17686702 1.210469 0.068664 0.15686701 1.29509997 0.048399 0.18186701 1.28982901 0.052399 0.17686702 1.210469 0.048664 0.146867 1.19923806 0.052664 -0.11209499 1.26816892 0.042399 -0.11279499 1.245669 0.062899 -0.132795 1.245669 0.042399 -0.092295 1.245669 0.042399 -0.11209499 1.22316896 0.058664 -0.11279499 1.245669 0.021399 -0.059514 1.29509902 0.036399 -0.111196 1.245669 0.042399 -0.024514 1.25014901 0.028299 -0.034514 1.28982901 0.032399 -0.069514 1.19923806 0.064664 -0.024514 1.25014901 0.056499 -0.039514 1.210469 0.068664 -0.059514 1.29509997 0.048399 -0.034514 1.28982901 0.052399 -0.039514 1.210469 0.048664 -0.069514 1.19923806 0.052664 -0.16532999 1.29509902 0.036399 -0.19033 1.28982901 0.032399 -0.20033 1.25014901 0.028299 -0.113648 1.245669 0.042399 -0.15533 1.19923806 0.064664 -0.18533 1.210469 0.068664 -0.20033 1.25014901 0.056499 -0.16532999 1.29509997 0.048399 -0.19033 1.28982901 0.052399 -0.15533 1.19923806 0.052664 -0.18533 1.210469 0.048664 -0.683395 1.287943 0.09851 -0.031892 1.64070699 0.09202 -0.031522 1.63925287 0.09192701 -0.017002 1.63803193 0.09993901 0.023059 1.63925287 0.09192701 0.023199 1.64130101 0.092058 -0.011292 1.61747798 0.11005899 -0.004232 1.13805401 0.31116794 -0.004232 1.14842402 0.25969102 0.082688 1.12555694 0.26727998 0.069642 1.11845695 0.317672 0.12686701 1.06491804 0.33543999 0.14836001 1.06235599 0.27947103 0.12686701 0.918646 0.38398598 0.14831399 0.91047694 0.35227202 0.082688 0.83912508 0.37377898 0.069642 0.86510698 0.40175398 -0.004232 0.81600199 0.39112796 -0.004232 0.84551106 0.40825798 -0.004232 1.08921897 0.36867301 0.039427 1.077196 0.372663 0.07453301 1.04435098 0.383563 0.14781299 0.99178197 0.35971303 0.087383 0.99948498 0.398454 0.07453301 0.954618 0.41334396 0.039427 0.92177292 0.42424502 -0.004232 0.90542402 0.428234 -0.004232 1.07154405 0.35666402 -0.004232 1.08921897 0.36867301 0.039427 1.077196 0.372663 0.03289099 1.06111502 0.36012499 0.07453301 1.04435098 0.383563 0.063344 1.03262305 0.369581 0.087383 0.99948498 0.398454 0.074491 0.99370202 0.38249801 0.07453301 0.954618 0.41334396 0.063344 0.95478102 0.39541502 0.039427 0.92177292 0.42424502 0.03289099 0.92628892 0.40487104 -0.004232 0.91586002 0.40833198 -0.004232 0.90542402 0.428234 -0.004232 0.99805602 0.39561702 0.51411402 1.30467699 -0.16599899 0.489284 1.30383704 -0.12744299 0.51467096 1.35425709 -0.11133999 0.52647793 1.37287698 -0.13865499 0.40869399 1.36082397 -0.124191 0.42650401 1.30030893 -0.15963299 0.42203801 1.30709003 -0.12579899 0.44195699 1.23091006 -0.152912 0.44850396 1.18581604 -0.09110401 0.44625701 1.22295903 -0.08024501 0.44163798 1.25477397 -0.12385199 0.45936399 1.18579804 -0.01508599 0.453918 1.22294604 -0.026613 0.469509 1.23106503 0.046105 0.45317101 1.25517201 0.016559 0.47971504 1.30367599 0.074831 0.47420104 1.30581306 0.037346 0.48943602 1.37614296 0.058913 0.488537 1.35656105 0.028049 0.50322204 1.42020701 -0.002445 0.49826299 1.38765 -0.015241 0.51737099 1.41895996 -0.077909 0.508246 1.38676999 -0.068483 0.48277002 1.38714693 -0.16153198 0.48256799 1.30434595 -0.17736102 0.405405 1.30422197 -0.16024699 0.40898796 1.16825795 -0.096358 0.40176596 1.22888993 -0.16204398 0.421645 1.16823697 -0.001406 0.43061202 1.22075998 0.069913 0.438805 1.30595897 0.09698199 0.44600501 1.39077603 0.068738 0.459167 1.44213497 -0.002776 0.47565802 1.44068097 -0.090731 0.455518 1.30614601 -0.17343202 0.44198896 1.37715505 -0.154567 0.37445502 1.30126296 -0.15438501 0.35684802 1.23521899 -0.14075298 0.36339499 1.19012499 -0.07894501 0.374254 1.19010603 -0.002927 0.38644503 1.23370599 0.059933 0.39374398 1.30802797 0.074831 0.40494599 1.380419 0.043001 0.41873198 1.424484 -0.018357 0.43288102 1.42323707 -0.093821 0.44120397 1.35797595 -0.12517601 0.46013798 1.30516194 -0.126227 0.39108099 1.30880795 -0.130206 0.37225102 1.22670697 -0.06967301 0.36763103 1.25852096 -0.11327999 0.379912 1.22669303 -0.01604 0.38684003 1.25919103 0.031319 0.397992 1.30988298 0.044145 0.412836 1.36463998 0.019307 0.42332499 1.39816593 -0.027375 0.43409001 1.39721702 -0.08479 0.47731902 1.23414301 -0.13105298 -0.091152 1.12555694 0.26727998 -0.078106 1.11845695 0.317672 -0.13532999 1.06491804 0.33543999 -0.15682299 1.06235599 0.27947103 -0.15627601 0.99178197 0.35971303 -0.17599901 0.98519995 0.306765 -0.15677701 0.91047694 0.35227202 -0.13532999 0.918646 0.38398598 -0.091152 0.83912508 0.37377898 -0.078106 0.86510698 0.40175398 -0.04789099 1.077196 0.372663 -0.082996 1.04435098 0.383563 -0.095846 0.99948498 0.398454 -0.082996 0.954618 0.41334396 -0.04789099 0.92177292 0.42424502 -0.04789099 1.077196 0.372663 -0.041354 1.06111502 0.36012499 -0.082996 1.04435098 0.383563 -0.07180701 1.03262305 0.369581 -0.095846 0.99948498 0.398454 -0.082954 0.99370202 0.38249801 -0.082996 0.954618 0.41334396 -0.07180701 0.95478102 0.39541502 -0.04789099 0.92177292 0.42424502 -0.041354 0.92628892 0.40487104 -0.74129201 1.32472001 -0.17832301 -0.74109203 1.28769993 -0.16159199 -0.66693893 1.28491306 -0.17243902 -0.66352007 1.32156394 -0.18307101 -0.73476905 1.35379802 -0.15537801 -0.65604499 1.35274004 -0.16021399 -0.004232 1.12833499 -0.34738098 -0.004232 1.15186095 -0.32136498 -0.16984298 1.15099501 -0.30713899 -0.17750701 1.12365198 -0.327785 -0.004232 0.96392002 -0.399024 -0.004232 1.09578204 -0.33870099 -0.16598899 1.094684 -0.310333 -0.18863399 0.96196993 -0.364722 -0.004232 0.94085403 -0.42523002 -0.19564298 0.941619 -0.388667 -0.193939 0.91078695 -0.385763 -0.004232 0.91187396 -0.42288901 -0.004232 0.96392002 -0.399024 -0.19564298 0.941619 -0.388667 -0.004232 0.94085403 -0.42523002 -0.004232 1.12833499 -0.34738098 -0.16598899 1.094684 -0.310333 -0.004232 1.09578204 -0.33870099 0.37107597 1.01866197 -0.15344801 0.31907899 1.07088494 -0.204205 0.35601802 1.03795003 -0.23753298 0.34158997 0.97319903 -0.22978099 0.37107597 1.01866197 -0.15344801 0.35601802 1.03795003 -0.23753298 0.305239 1.02859699 -0.26470798 0.34158997 0.97319903 -0.22978099 0.35601802 1.03795003 -0.23753298 0.31907899 1.07088494 -0.204205 0.305239 1.02859699 -0.26470798 0.35601802 1.03795003 -0.23753298 0.16904298 1.12365198 -0.327785 0.16138 1.15099501 -0.30713899 0.18017001 0.96196993 -0.364722 0.157525 1.094684 -0.310333 0.18547502 0.91078695 -0.385763 0.18718001 0.941619 -0.388667 0.18718001 0.941619 -0.388667 0.157525 1.094684 -0.310333 -0.36448102 1.03795003 -0.23753298 -0.32754199 1.07088494 -0.204205 -0.379539 1.01866197 -0.15344801 -0.36448102 1.03795003 -0.23753298 -0.379539 1.01866197 -0.15344801 -0.35005303 0.97319903 -0.22978099 -0.36448102 1.03795003 -0.23753298 -0.35005303 0.97319903 -0.22978099 -0.31370298 1.02859699 -0.26470798 -0.36448102 1.03795003 -0.23753298 -0.31370298 1.02859699 -0.26470798 -0.32754199 1.07088494 -0.204205 -0.00531299 1.03465104 -0.40714197 0.052872 1.03144204 -0.37237499 -0.00789699 1.07910501 -0.35095801 -0.00531299 1.03465104 -0.40714197 -0.00789699 1.07910501 -0.35095801 -0.070046 1.02657794 -0.370019 -0.00531299 1.03465104 -0.40714197 -0.070046 1.02657794 -0.370019 -0.006814 0.978547 -0.39335998 -0.00531299 1.03465104 -0.40714197 -0.006814 0.978547 -0.39335998 0.052872 1.03144204 -0.37237499 0.16753599 0.98519995 0.306765 -0.37541 1.01786696 0.147969 -0.32580502 1.04813003 0.13442398 -0.313271 0.994872 0.20523199 -0.37541 1.01786696 0.147969 -0.313271 0.994872 0.20523199 -0.36482303 0.95245298 0.13961198 -0.37541 1.01786696 0.147969 -0.36482303 0.95245298 0.13961198 -0.372061 1.00851798 0.090473 -0.37541 1.01786696 0.147969 -0.372061 1.00851798 0.090473 -0.32580502 1.04813003 0.13442398 0.30480702 0.994872 0.20523199 0.31734197 1.04813003 0.13442398 0.36694701 1.01786696 0.147969 0.35636 0.95245298 0.13961198 0.30480702 0.994872 0.20523199 0.36694701 1.01786696 0.147969 0.36359699 1.00851798 0.090473 0.35636 0.95245298 0.13961198 0.36694701 1.01786696 0.147969 0.31734197 1.04813003 0.13442398 0.36359699 1.00851798 0.090473 0.36694701 1.01786696 0.147969 0.16004499 1.07269906 0.26485103 0.10850599 1.02478098 0.33473302 0.104968 1.06422996 0.322592 0.16768299 1.10377096 0.27484503 0.10850599 1.02478098 0.33473302 0.16004499 1.07269906 0.26485103 0.194289 0.87837694 0.33061303 0.127183 0.92521598 0.36274101 0.205895 0.85788404 0.36620901 0.109538 0.91563096 0.37812794 0.127183 0.92521598 0.36274101 0.194289 0.87837694 0.33061303 0.35191001 1.069808 0.03367899 0.28169301 1.06920099 0.173623 0.30839698 1.09595895 0.17928902 0.37974597 1.09691799 0.037782 0.38393901 1.10422396 -0.123357 0.357536 1.07654702 -0.12397999 0.31482599 1.11823105 -0.25558897 0.29047003 1.08756196 -0.24216201 0.43680402 0.90492101 0.059063 0.36282302 0.88032298 0.23786701 0.34273399 0.897148 0.22015699 0.41274099 0.923045 0.052435 0.434597 0.93108203 -0.13960099 0.41017397 0.945574 -0.13558098 0.335025 0.94224199 -0.29698303 0.31738497 0.96124293 -0.27569502 0.41274099 0.923045 0.052435 0.34273399 0.897148 0.22015699 0.28169301 1.06920099 0.173623 0.35191001 1.069808 0.03367899 0.357536 1.07654702 -0.12397999 0.41017397 0.945574 -0.13558098 0.29047003 1.08756196 -0.24216201 0.16768299 1.10377096 0.27484503 0.104968 1.06422996 0.322592 0.082928 1.07701599 0.30261402 0.157311 1.12140905 0.25171998 0.29517599 1.11785602 0.16569599 0.30839698 1.09595895 0.17928902 0.37974597 1.09691799 0.037782 0.35684203 1.11618399 0.026998 0.38393901 1.10422396 -0.123357 0.35681306 1.12627196 -0.122733 0.29440602 1.13913094 -0.24195199 0.331621 0.91195395 -0.29709202 0.427648 0.89642899 -0.13704298 0.434597 0.93108203 -0.13960099 0.335025 0.94224199 -0.29698303 0.42830299 0.87193195 0.057562 0.43680402 0.90492101 0.059063 0.34810497 0.84336005 0.23635799 0.36282302 0.88032298 0.23786701 0.19401599 0.82402102 0.35552599 0.205895 0.85788404 0.36620901 0.09467301 0.88487796 0.36867301 0.109538 0.91563096 0.37812794 -0.16850799 1.07269906 0.26485201 -0.17614701 1.10377096 0.27484503 -0.11343199 1.06422996 0.322592 -0.11696899 1.02478098 0.33473302 -0.20275199 0.87837694 0.33061303 -0.16850799 1.07269906 0.26485201 -0.11696899 1.02478098 0.33473302 -0.13564698 0.92521598 0.36274101 -0.13564698 0.92521598 0.36274101 -0.11800099 0.91563096 0.37812794 -0.21435799 0.85788404 0.36620901 -0.20275199 0.87837694 0.33061303 -0.360373 1.069808 0.03367899 -0.388209 1.09691799 0.037782 -0.31686 1.09595895 0.17928902 -0.290156 1.06920099 0.173623 -0.39240302 1.10422396 -0.123357 -0.365999 1.07654702 -0.12397999 -0.32328899 1.11823105 -0.25558897 -0.29893401 1.08756196 -0.24216201 -0.44526698 0.90492101 0.059063 -0.42120399 0.923045 0.052435 -0.35119699 0.89714901 0.22015699 -0.37128697 0.88032298 0.237868 -0.44306098 0.93108203 -0.13960099 -0.418637 0.945574 -0.13558098 -0.34348898 0.94224199 -0.29698303 -0.325848 0.96124293 -0.27569502 -0.290156 1.06920099 0.173623 -0.35119699 0.89714901 0.22015699 -0.42120399 0.923045 0.052435 -0.360373 1.069808 0.03367899 -0.418637 0.945574 -0.13558098 -0.365999 1.07654702 -0.12397999 -0.29893401 1.08756196 -0.24216201 -0.091392 1.07701599 0.30261402 -0.11343199 1.06422996 0.322592 -0.17614701 1.10377096 0.27484503 -0.165775 1.12140905 0.25171998 -0.31686 1.09595895 0.17928902 -0.30363999 1.11785602 0.16569599 -0.388209 1.09691799 0.037782 -0.36530597 1.11618399 0.026998 -0.39240302 1.10422396 -0.123357 -0.36527599 1.12627196 -0.122733 -0.30289902 1.13912296 -0.24194 -0.44306098 0.93108203 -0.13960099 -0.43611102 0.89642899 -0.13704298 -0.34008397 0.91195395 -0.29709202 -0.34348898 0.94224199 -0.29698303 -0.44526698 0.90492101 0.059063 -0.436767 0.87193195 0.057562 -0.37128697 0.88032298 0.237868 -0.35656799 0.84336005 0.23635799 -0.21435799 0.85788404 0.36620901 -0.20247901 0.82402102 0.35552599 -0.11800099 0.91563096 0.37812794 -0.103136 0.88487796 0.36867301 0.00731299 1.72101689 0.054083 -0.003819 1.70016099 0.09143301 -0.01579499 1.72073103 0.053772 0.034168 1.698755 -0.022041 0.058221 1.67217693 -0.004888 0.050465 1.69823692 0.02613 0.031275 1.71706999 0.017066 0.03339099 1.71446396 0.045721 0.029864 1.66226599 -0.048106 0.04977799 1.64873406 -0.032159 -0.003824 1.66559097 -0.059803 -0.003824 1.62516305 -0.059594 0.029584 1.63278994 -0.050702 -0.0144 1.70682502 -0.029064 -0.041816 1.69834707 -0.021692 -0.01373599 1.696349 -0.040493 -0.037512 1.66154906 -0.051427 0.00565899 1.69659803 -0.040082 -0.04103799 1.71446396 0.045721 -0.03731 1.71812297 0.01508599 -0.01518299 1.72617889 0.012742 -0.01579499 1.72073103 0.053772 -0.058112 1.69823692 0.02613 -0.065868 1.67217693 -0.004888 -0.057425 1.64873406 -0.032159 -0.03723099 1.63278994 -0.050702 0.00731299 1.72101689 0.054083 0.006256 1.72585107 0.013417 0.006304 1.70707608 -0.028999 -0.043669 1.68849799 0.07939801 -0.04103799 1.71446396 0.045721 -0.01579499 1.72073103 0.053772 -0.069945 1.6644201 0.054424 -0.07960801 1.63889095 0.023677 -0.065868 1.67217693 -0.004888 -0.058112 1.69823692 0.02613 -0.073319 1.61530599 -0.00375199 -0.057425 1.64873406 -0.032159 -0.048557 1.59475112 -0.03340799 -0.03723099 1.63278994 -0.050702 -0.003817 1.58832299 -0.043504 -0.003824 1.62516305 -0.059594 0.000179 1.69252703 -0.057709 -0.022552 1.69763396 -0.052446 -0.00601499 1.69611308 -0.034674 -0.022552 1.71415401 -0.03541199 0.000179 1.71925903 -0.030148 0.014227 1.70589209 -0.043929 -0.018323 1.70715213 -0.057696 -0.00082 1.70322002 -0.061749 -0.018323 1.71987296 -0.04458 -0.00082 1.723804 -0.040527 0.009998 1.713511 -0.051138 -0.00565699 1.71819998 -0.055574 0.04091 1.59475112 -0.03340799 -0.003817 1.58832299 -0.043504 -0.00424099 1.68125102 -0.002438 0.065672 1.61530599 -0.00375199 0.071961 1.63889095 0.023677 0.062298 1.6644201 0.054424 0.036022 1.68849799 0.07939801 -0.003819 1.70016099 0.09143301 -0.043669 1.68849799 0.07939801 -0.07960801 1.63889095 0.023677 -0.069945 1.6644201 0.054424 -0.073319 1.61530599 -0.00375199 -0.048557 1.59475112 -0.03340799 0.03339099 1.71446396 0.045721 0.036022 1.68849799 0.07939801 0.058221 1.67217693 -0.004888 0.071961 1.63889095 0.023677 0.062298 1.6644201 0.054424 0.050465 1.69823692 0.02613 0.04977799 1.64873406 -0.032159 0.065672 1.61530599 -0.00375199 0.04091 1.59475112 -0.03340799 0.029584 1.63278994 -0.050702 -0.064944 1.65209398 -0.00735899 -0.05794 1.66709396 -0.016712 -0.083101 1.68509504 -0.017812 -0.09761 1.67536303 -0.003336 -0.056414 1.67994401 -0.00150899 -0.06656 1.66953501 0.014428 -0.08922901 1.68951199 0.005225 -0.082447 1.69442913 -0.00566499 -0.070542 1.65332303 0.00792 -0.095322 1.70415998 -0.024253 -0.10559 1.74065805 -0.0351 -0.105612 1.69877503 -0.013079 -0.082447 1.69442913 -0.00566499 -0.09676 1.71423102 -0.014882 -0.083101 1.68509504 -0.017812 -0.09761 1.67536303 -0.003336 -0.10092599 1.70670891 -0.006484 -0.08922901 1.68951199 0.005225 0.070727 1.68509504 -0.017812 0.045567 1.66709396 -0.016712 0.052571 1.65209398 -0.00735899 0.08523601 1.67536303 -0.003336 0.076856 1.68951199 0.005225 0.05418701 1.66953501 0.014428 0.044041 1.67994401 -0.00150899 0.070074 1.69442913 -0.00566499 0.058169 1.65332303 0.00792 0.09323901 1.69877503 -0.013079 0.09321701 1.74065805 -0.0351 0.082948 1.70415998 -0.024253 0.084387 1.71423102 -0.014882 0.070074 1.69442913 -0.00566499 0.070727 1.68509504 -0.017812 0.08523601 1.67536303 -0.003336 0.076856 1.68951199 0.005225 0.08855301 1.70670891 -0.006484</float_array>
          
            <technique_common>
              <accessor source="#Obelix_geom_positions_array" count="2011" stride="3">
                <param name="X" type="float"/>
                <param name="Y" type="float"/>
                <param name="Z" type="float"/>
              </accessor>
            </technique_common>
          </source>
        
          <source id="Obelix_geom_normals" name="normals">
            <float_array id="Obelix_geom_normals_array" count="6033">-0.20786197 -0.20815504 0.95576187 0.21241469 -0.53252828 0.81933056 -0.44674366 -0.38861062 0.80585478 -0.61386398 -0.71191425 0.34111653 -0.35541512 -0.48678072 0.79795368 -0.21243023 -0.53255325 0.81930934 0.35539912 -0.48676746 0.79796691 0.61384729 -0.71190143 0.34117071 0.02905504 0.1376409 0.99006244 -0.70694543 -0.01490197 0.70712072 0.20786456 -0.20815913 0.95575603 -0.02905473 0.13764341 0.99005934 0.34838728 0.52294737 0.77792603 0.44675236 -0.3886119 0.80585812 0.70694328 -0.01490636 0.70712299 -0.34838442 0.52294552 0.77792144 -0.39041533 -0.59397465 0.70340676 0.39040108 -0.59397048 0.70342285 0.73129893 -0.28160628 0.62120924 -0.73130608 -0.28161433 0.62120488 -0.80420951 0.20797136 0.55677223 -0.3470204 0.93536129 -0.06847608 -0.82529621 0.0651384 0.56093478 0.55470931 -0.74330158 0.37392749 0.98839863 -0.12040065 -0.09262788 0.5551238 -0.63106004 0.54184949 -0.07115121 -0.74191243 -0.66671643 -0.13182502 -0.82747029 -0.54582226 0.43249999 -0.72863961 -0.5310719 -0.56208229 -0.82703195 -0.00928203 -0.56242305 -0.82664065 0.01901994 -0.64933732 -0.61749396 0.44392403 0.02384692 0.29979214 0.95370778 0.94601162 0.32345371 -0.02137759 0.96428516 0.18712888 -0.18747712 0.58150667 -0.3426152 -0.73788155 -0.30315463 0.94427969 -0.12819909 0.9726028 0.17815661 0.14935245 0.96712818 -0.22968902 -0.1091225 -0.26305115 0.57916027 0.77161235 0.79105903 0.60087493 -0.11479462 0.78416581 0.6101127 -0.11336748 0.75686897 -0.28532039 -0.58800596 0.76673145 -0.2729226 -0.58108025 -0.81943647 -0.55998319 0.12229541 -0.81766383 -0.54188931 0.19440472 -0.82532523 -0.22421452 0.51824796 -0.20719498 0.51822078 0.82977621 0.95903518 0.12341309 0.25500148 0.95942964 0.10337824 0.26231986 0.69142434 -0.59426707 -0.41083341 0.68736068 -0.59470564 -0.41698756 -0.2843438 0.87942366 0.38182153 -0.93218919 0.36194594 0.00613946 -0.95674994 0.28273913 0.06855144 -0.34361403 0.87205653 0.34850035 -0.47199329 -0.82952629 0.29851841 -0.47355004 -0.82183091 0.31680329 -0.56226509 -0.48677667 0.66852483 0.84025369 0.21403519 0.49817198 0.66276035 -0.64355037 0.3828934 0.31584866 -0.93372585 0.16851197 0.38905956 -0.91384395 0.11633433 0.75621898 -0.28610452 -0.58845508 -0.79427464 -0.44886865 -0.40946885 -0.2260725 0.81029306 0.54066342 -0.03804817 0.97039773 0.23851549 -0.77963746 -0.39734699 -0.48404287 0.0616309 -0.99247452 -0.10582773 -0.12342764 -0.9830459 -0.13564595 -0.19005991 0.8309261 0.52292871 0.44177716 0.2563883 0.85971443 0.6322057 0.40647911 0.659614 -0.9142787 -0.27974161 -0.29299992 -0.52161806 -0.85228579 -0.03915489 -0.11075885 0.34074308 0.93361952 -0.05166133 0.04577679 0.99762162 0.71410293 0.00498486 0.70003355 0.62745264 0.45441895 0.63230404 -0.98695763 0.09457087 0.13033953 -0.48117419 -0.73082031 -0.48413067 0.01944309 -0.76700998 -0.64134774 0.07923872 -0.8605818 -0.50312411 0.1984321 0.92838838 0.3142354 -0.20146609 0.9794599 0.00968043 -0.21549012 0.9764532 0.01070861 0.7808776 0.08963877 0.61823264 0.04411626 -0.96133669 0.27184179 0.01988079 -0.9549941 0.29597994 -0.70926554 -0.67713323 -0.19607563 -0.67940953 -0.7045557 -0.20496472 0.3468198 0.93541284 -0.06875994 0.30315797 0.94428595 -0.12820261 0.67703822 0.69417885 0.24442623 0.78487034 -0.12471045 0.60698786 -0.41457035 -0.71180017 0.5669958 -0.36965491 -0.69481531 0.61692783 -0.98985173 -0.14131443 -0.01498435 0.87738673 -0.35389869 -0.32396848 -0.08775849 0.76038808 0.64352438 0.90104504 -0.24607097 -0.35718195 0.1102923 -0.93511977 -0.33673529 0.2292681 -0.87524931 -0.42589195 -0.94736054 0.3201711 0.00039648 0.03791673 0.27582284 0.96046575 -0.96490397 0.19259494 -0.17856138 0.68727079 0.60433009 0.40304439 -0.58151322 -0.34260659 -0.73787821 0.54606533 -0.50939142 0.66508207 0.43077283 -0.84964607 0.30419929 0.27934419 0.60180435 0.74820781 -0.77277011 0.61718264 -0.14803959 -0.76716686 0.62569913 -0.14129544 -0.75826622 -0.29987454 -0.57888954 -0.75074477 -0.30932639 -0.58370608 -0.77768213 -0.06662961 0.62512329 -0.06644612 0.58559149 0.80788742 0.83426599 -0.18354631 0.51991647 0.82409708 -0.51416116 0.23771038 0.8250107 -0.54577249 0.14660726 0.13216386 0.52962476 0.83787922 -0.97265675 0.0742309 0.22008427 -0.98083665 -0.00062732 0.1948709 -0.65682432 -0.62991622 -0.41447513 -0.68832663 -0.62365422 -0.37049944 0.67670819 0.5781815 0.45583152 0.68452493 0.69759807 0.21162292 0.981442 -0.03218376 -0.18907077 -0.72532607 -0.21680935 0.65338323 -0.67064437 -0.38034023 0.63686165 -0.53334671 -0.79704691 0.28331684 -0.52404832 -0.81708751 0.24032139 -0.15975271 0.92822357 -0.33599548 -0.23213611 0.82253764 -0.51919007 -0.30809276 0.89622097 -0.3191822 0.00068104 0.99990054 -0.01440872 -0.00032788 0.99875697 -0.04985493 -0.43931427 0.80854575 0.39149784 0 0.7627287 0.64672306 0 0.61028555 0.79218365 0.37330024 0.89635973 -0.23916513 0.42689793 0.84679751 -0.31734161 0.22453224 0.93787076 -0.26454734 0.44227191 0.8033816 0.39873408 -0.36727677 0.58071452 -0.72655994 -0.51229923 0.56718134 -0.64487091 -0.44425203 0.61762646 -0.64898846 -0.0066371 0.75074298 -0.66057351 -0.02053632 0.69887922 -0.71495271 -0.35443951 0.93396636 -0.04568644 0 0.99479493 0.10190385 0 0.94974561 -0.31304474 -0.39742483 0.82681654 -0.39803581 0 0.94606646 0.3239824 0.4788322 0.59981632 -0.64105401 0.60479894 0.56938964 -0.55680191 0.38929139 0.56748879 -0.72554845 0.35443945 0.93396636 -0.04568646 0.39742483 0.8268169 -0.39803983 0.04395452 0.47152205 0.88075821 -0.08663487 0.38615622 0.91836252 -0.68649087 0.18461696 0.70331574 -0.98787191 -0.08435263 -0.13038937 -0.60146633 0.44552239 0.66315326 0.93509503 -0.09627598 -0.34108274 0.40079107 -0.82383691 -0.40083884 -0.13356238 0.62569288 0.76856101 -0.76673145 -0.27291151 -0.58107656 0.9278002 -0.05006856 0.36971526 0.91042521 0.16575254 0.37901579 -0.68460575 -0.19134553 0.70335311 -0.00308337 0.74592829 0.66602585 0.76008499 0.50238388 0.4121797 0.87070916 0.44397904 0.21154838 0.91845639 0.31616695 0.2376475 0.25320586 0.76713461 0.58940565 -0.83930073 0.20829555 0.50218635 0.42854415 -0.85732095 0.28523844 0.66285709 -0.53908354 0.51963394 0.60455915 -0.79322721 0.0728757 0.60383919 -0.79539449 0.05221677 -0.92779269 -0.05008809 0.36972441 -0.91846802 0.31613777 0.23767307 -0.91042878 0.16574083 0.37902055 -0.76008356 0.50238108 0.41217925 -0.87071477 0.44396179 0.21158067 0.00308364 0.74592734 0.66602549 -0.25321853 0.76712323 0.58940941 -0.47094946 0.25189846 0.84543978 -0.52781426 0.22248631 0.81970732 -0.47094946 0.25189846 0.84543978 0.55184704 0.09370469 0.82866643 0.60171726 0.05937623 0.79650886 0.55184704 0.09370469 0.82866643 -0.33122097 0.33326028 0.8827443 -0.33126573 0.33321611 0.88274585 -0.33122097 0.33326028 0.8827443 -0.33117621 0.33330445 0.88274281 0.33125381 0.33328794 0.8827251 0.33126439 0.33327554 0.88272278 0.33125381 0.33328794 0.8827251 0.33124326 0.33330037 0.88272743 -0.41183989 0.28010997 0.86714254 0.4993886 0.12759369 0.85693769 0.96471395 0.04942906 -0.25863361 0.1917942 -0.3620428 0.9122205 -0.21001836 -0.27771299 0.93743058 -0.20435331 0.23103248 0.95124593 0.66033152 0.04282389 0.74976332 -0.80976675 -0.38430984 0.44338711 -0.86051701 0.23888313 0.44994562 -0.93182983 -0.25677341 -0.25646686 -0.96860369 0.13871256 -0.20633543 -0.61065027 -0.71470065 -0.34104504 -0.77789713 0.24560978 -0.57841867 -0.01792265 0.01652813 -0.99970659 0.32309802 -0.83555899 -0.44436042 0.49998116 0.17984592 -0.84716193 0.01224143 0.11806549 -0.99293425 0.91174414 -0.38099436 -0.15359616 0.99174716 -0.00905368 -0.12795491 0.80568842 0.48677461 0.33751933 0.62558928 0.59427625 -0.50544422 -0.60414001 0.65170363 -0.45859709 -0.73881871 0.60551468 0.29580962 -0.43249087 0.4411261 -0.78636373 0.25180098 0.18748237 -0.94944986 -0.43335583 0.62409517 -0.65016553 -0.71544213 0.44300937 -0.5402745 0.38703553 0.46546181 -0.79596085 0.62989995 0.60410729 -0.4881623 -0.01280931 0.67712686 0.73577142 -0.13617451 0.48015471 0.86655311 0.63035116 0.75964559 0.16001705 -0.77807844 0.62450186 0.06784406 0.65534369 -0.48742576 0.57703059 -0.3831584 -0.10469978 0.91773655 -0.39820726 0.08508899 0.91334244 -0.1505686 0.09988216 0.98354473 -0.15725532 -0.17858372 0.97128113 -0.18157893 0.34482862 0.92094572 0.11899436 0.7382989 0.66389713 0.30685983 0.67242828 0.6735659 -0.24332114 0.21211965 0.94647189 -0.92801364 0.33058457 0.17182342 -0.68754104 0.47543304 0.54887718 -0.85508792 0.35130663 -0.38132735 -0.5527718 0.48397999 -0.67839047 0.85561763 0.24477052 0.45609342 0.95193972 -0.3059103 0.01530031 0.7577532 -0.64690551 0.08562456 0.60216019 -0.1104134 0.79071016 0.7657621 0.00437074 -0.64312682 0.49720588 -0.35801272 -0.79033233 0.14688025 0.27292847 0.95076241 0.22934379 0.88070457 0.41446413 0.81349729 0.55252123 -0.18154348 0.89819192 0.43152355 -0.0840386 0.86211036 0.46083905 -0.21070942 0.73905725 0.64570925 -0.19198577 0.68905303 0.71513165 -0.11747474 0.68905291 0.71513284 -0.1174787 0.80762897 0.56766581 -0.15968713 0.80763195 0.56765282 -0.15969622 0.80762897 0.56766581 -0.15968713 0.80762605 0.56767875 -0.15967804 0.03904051 -0.96562864 -0.25699087 0.07426869 -0.93434789 -0.34853978 0.00680109 -0.99993976 -0.00936702 0.08865231 -0.99560066 -0.03058593 0.01637691 -0.98481425 0.17286993 -0.00680055 -0.99993565 -0.00936669 0.07232371 -0.94902231 0.30680488 0.1044097 -0.93247368 0.34583773 0.08183922 -0.77108539 0.63145462 0.23210958 -0.75873036 0.60866121 0.12708419 -0.51253396 0.84921674 0.29458189 -0.42722036 0.85481863 0.15725487 -0.17858429 0.97128328 0.3831578 -0.10469959 0.91773571 0.78545297 -0.59562468 -0.16822332 0.91325464 -0.30851738 -0.26607382 0.6939855 -0.33845718 -0.63548395 0.52618074 -0.66902831 -0.52492147 0.70103175 -0.67785344 0.2215381 0.89067005 -0.40040504 0.2153838 0.96875133 -0.08536468 0.23291 0.97400989 -0.06315522 -0.21754093 0.17335302 -0.75980062 -0.62662742 0.23451514 -0.86763476 -0.4384297 0.60686067 -0.7863077 -0.1159955 0.51575708 -0.80886899 0.2823669 0.48562222 -0.75060953 0.44806831 0.16825689 -0.91167768 0.37488033 0.95047005 0.19373779 0.24307416 0.95301869 0.21859083 -0.20971841 0.70565904 0.22859513 -0.67067036 0.73340435 -0.05063421 -0.67790732 0.93233718 0.33758236 -0.1296066 0.92256661 0.30426575 0.23727173 0.1505679 0.09988199 0.9835455 0.08266047 0.20158065 0.97598501 0.13083049 0.14072635 0.98137142 0.39820729 0.08508888 0.91334488 0.67881069 -0.41986077 0.60243914 0.77474821 -0.02545262 0.63176236 0.80007653 0.17338406 0.57430118 0.30361829 0.22062085 -0.92690148 0.40321111 -0.03850644 -0.9143007 0.33015819 -0.33961643 -0.88071845 0.1253575 0.01622545 -0.99198117 0.11469028 0.20219476 -0.97260942 0.14318127 -0.38606481 -0.9112971 0.10825279 -0.72369648 -0.68157903 0.00061337 -1.0000056 0.0018879 0 -1.00000059 0 0.0012041 -1.00000178 0.00143052 0.00198838 -1.00000369 0.00154581 0.00228215 -1.00000572 0.00058256 0.00207651 -1.00000047 0.0005463 0.00206635 -1.00000238 0.00031153 0.00187972 -1.00000095 -0.00021014 0.00204271 -1.00000274 -0.00001137 -0.23717663 0.70370675 -0.66974148 0.39702328 0.70065785 -0.59283465 -0.33688317 0.74418349 0.57680559 -0.96489139 0.24393261 -0.09746999 -0.95064779 0.29072097 -0.10843031 0.00208348 -0.99999966 0.00145036 0.00220789 -0.99999877 0.00249788 0.00188183 -0.99999335 0.00419288 -0.1418595 0.18048395 -0.97330036 0.03444934 0.21008048 -0.97707875 -0.07897648 0.21390564 0.97366025 -0.20215202 0.12416209 -0.97145917 -0.03904126 -0.9656256 -0.25699141 -0.088652 -0.99559631 -0.0305863 -0.07426819 -0.93434681 -0.34854047 -0.01637691 -0.98481413 0.17286993 -0.10440969 -0.93247404 0.34583841 -0.07232386 -0.94902267 0.30680524 -0.23210814 -0.75872565 0.60865882 -0.08184021 -0.77108879 0.63145796 -0.29458272 -0.42722138 0.85482095 -0.12708455 -0.51253265 0.84921448 -0.7854513 -0.59562498 -0.16822132 -0.52618026 -0.66903237 -0.5249232 -0.69398442 -0.33845855 -0.63548425 -0.91325655 -0.3085155 -0.26607042 -0.89067148 -0.40040394 0.21538385 -0.70103157 -0.67785171 0.22153782 -0.97400983 -0.06315428 -0.21753929 -0.96875133 -0.0853649 0.23291001 -0.17335447 -0.75980092 -0.62662813 -0.234518 -0.86763166 -0.43842845 -0.60685888 -0.78630913 -0.1159972 -0.51575911 -0.80886589 0.28236514 -0.48562314 -0.75060863 0.44806867 -0.1682569 -0.9116775 0.37488021 -0.95301869 0.21859083 -0.20971861 -0.95046594 0.19372929 0.24307226 -0.73340435 -0.05063162 -0.67790464 -0.70565963 0.22859617 -0.67066971 -0.93233987 0.33757455 -0.12960937 -0.92257704 0.30424507 0.23727169 -0.13083088 0.14072671 0.9813685 -0.0826612 0.20158034 0.97598358 -0.98549547 0.02493888 -0.1679064 -0.79507614 0.55432701 -0.24613809 -0.85071413 0.50412601 0.14885572 -0.97852679 -0.00348315 0.20609655 -0.42386018 0.90336521 -0.06537687 -0.42728706 0.90147509 0.06915016 -0.42080342 0.89387565 0.15467216 -0.69846473 0.29987767 0.64979771 -0.50746047 -0.21724448 0.83384304 -0.34934027 0.35243075 0.86819057 -0.48246192 0.17544792 0.85816775 -0.30001278 0.81836109 0.49019044 -0.67881069 -0.41985982 0.60243985 -0.77474821 -0.02545263 0.63176236 -0.80008094 0.17337782 0.5743038 -0.4032109 -0.03850637 -0.91429969 -0.3036185 0.22062091 -0.92690142 -0.33015825 -0.33961732 -0.88071738 -0.81043087 -0.23112746 0.53831452 -0.1253585 0.01622622 -0.99198654 -0.11469088 0.20219447 -0.97260954 -0.14318177 -0.3860652 -0.91129663 -0.1082528 -0.72369648 -0.68157897 0.72352845 -0.35754697 0.59048098 0.98382868 0.17690428 -0.02830095 0.66587475 -0.17093948 0.72622801 0.25112146 -0.15340158 0.95572831 -0.085424 0.76608724 -0.6370453 -0.16517902 0.80372511 -0.57161438 -0.33292733 0.09732051 -0.93792059 -0.22830719 0.12533026 -0.96549304 -0.03162566 0.99781152 -0.05807812 -0.10796238 0.99213972 -0.06328117 -0.46572246 -0.63754288 -0.61371526 -0.3182825 -0.66655603 -0.67410174 -0.48981835 -0.87007777 -0.05527635 -0.26691004 -0.95276245 -0.14492863 0.52939605 -0.67530349 -0.51353806 0.55608338 -0.83050875 -0.03233017 -0.37328918 -0.76498301 0.52484411 -0.27277335 -0.17981143 0.94513371 -0.05379859 -0.32404403 0.94451435 -0.15255482 -0.83982424 0.5209977 -0.15779914 0.56470477 0.8100674 -0.10322762 0.90512176 0.41244771 -0.04304905 0.87234764 0.4869987 0.01956587 0.49044814 0.87125097 -0.76797701 0.15185277 -0.62223384 -0.67599079 0.65651194 -0.33473657 -0.64615795 0.75603021 0.10451217 -0.75238813 -0.56088537 0.3454477 -0.75028909 0.0239045 0.6606938 -0.7950101 -0.42096521 -0.43674745 -0.81484215 -0.5762816 -0.06272935 -0.66712943 0.53568738 0.51768583 -0.02104404 0.79140503 -0.61094269 -0.01717527 0.01291001 -0.99977013 0.90990349 0.34501563 -0.23033785 0.42091166 -0.00868712 -0.90706624 0.90918352 -0.37557868 -0.17983047 0.99173036 0.12573632 -0.0258499 0.61746642 0.28111219 -0.7346564 0.99760517 0.03780558 -0.05796517 -0.99747976 -0.05359069 0.04654251 0.44040467 0.06248873 -0.89563696 0.64098856 0.75456704 -0.14059834 0.68450812 0.67392835 0.27799707 0.60521355 0.42200681 0.67501691 0.66740111 -0.50114727 0.55084991 0.96575268 -0.25179496 -0.06277287 0.88005988 -0.45261951 0.14365315 -0.43567892 0.07874573 -0.89665942 -0.47851895 0.02526179 -0.87772386 -0.4013571 0.5617426 -0.72344101 -0.42313968 0.55962115 -0.71259928 -0.35321932 -0.43050249 -0.83061163 -0.27443551 -0.3306952 -0.90296628 -0.39701601 -0.40566774 -0.82329659 -0.32569922 0.29925468 -0.89687316 -0.42084091 -0.08207603 -0.90342392 -0.40202897 -0.40569894 -0.82084583 -0.14566129 0.5964241 -0.78934915 -0.23234303 0.59791243 -0.76715852 -0.21016075 0.16059154 -0.96439095 -0.20847993 0.14465428 -0.96727039 -0.07667455 0.61653897 -0.78359158 -0.11714654 0.62603864 -0.77094514 -0.28934496 -0.33686708 -0.89599477 -0.2539705 -0.31713731 -0.91374417 -0.33912386 0.28628277 -0.89612995 -0.0869375 0.58406472 -0.80704038 -0.16987921 0.58587885 -0.79239334 -0.3930168 -0.11528321 -0.91228672 -0.38822322 -0.44717347 -0.80580429 -0.23137841 -0.45117976 -0.86192487 -0.04530817 -0.13517105 0.98978653 -0.15970416 0.36450039 0.91741778 -0.0662473 0.3540576 0.93287667 -0.01337867 -0.15808212 0.98733701 -0.01348227 -0.59013247 0.80720089 0.02426102 -0.562069 0.82673697 -0.00620961 -0.6517773 0.75838889 0.00322909 -0.2043324 0.97890349 0.01070397 -0.220355 0.97536399 0.02469803 -0.67825249 0.73441524 0.02510592 0.2620286 0.96473791 0.00734264 0.26446541 0.96437337 -0.42097702 -0.14599464 0.89524894 -0.35215525 0.34281225 0.87091212 -0.34603305 0.3420008 0.87366877 -0.476783 -0.1869422 0.85891311 -0.39216735 -0.60300192 0.69469765 -0.30432807 -0.53372627 0.78900392 -0.42912113 -0.31038739 0.84824739 -0.3222691 0.00542926 0.94664027 -0.43344127 -0.57327049 0.69533751 -0.43845953 -0.57218593 0.69308356 -0.22068579 0.29539576 0.92954065 -0.14544093 0.28252306 0.94817283 -0.2557846 -0.18062245 0.94971808 -0.22521258 0.31232731 0.92290272 -0.18248865 0.30051468 0.9361607 -0.24340495 -0.19275447 0.95058723 -0.26846229 -0.61864242 0.73838998 -0.24821237 -0.60994056 0.75257135 -0.19344462 0.36104633 0.91226973 -0.10635112 0.35008486 0.93066998 -0.36639075 0.06983935 0.92784007 -0.42172383 -0.29859039 0.85615902 -0.42110928 -0.5860945 0.69221923 -0.2526921 -0.61741981 0.74494494 -0.37325237 0.41108041 -0.83168624 -0.71832199 0.40007519 -0.5691784 -0.26797181 0.43213173 -0.86108707 -0.36000158 0.1677967 -0.91774054 -0.11417201 -0.13714225 -0.98395743 -0.11679929 0.69821081 -0.70630164 -0.07385581 0.93270262 -0.35300942 -0.15394769 0.94345458 -0.29359701 -0.29746425 0.9327183 -0.20384338 -0.46596055 0.75152184 -0.46702479 -0.71749092 0.34144445 -0.60715386 0.71832073 0.40007468 -0.56917792 0.37325115 0.41108264 -0.83168618 0.14592982 0.33575482 -0.93057944 -0.14593094 0.33575566 -0.93058409 0.13558508 -0.28029668 0.95029559 -0.1389778 -0.46483391 0.87442802 0.89548533 -0.24380057 0.37238981 0.79939653 -0.15856696 0.57950872 -0.7239467 -0.33728774 0.60178045 -0.81278692 -0.43638973 0.38594048 -0.88014303 -0.40316524 -0.25064188 -0.8088371 -0.55541348 -0.19314658 -0.60567662 -0.50267976 -0.61682442 -0.6408343 -0.34110828 -0.68773935 0.65184316 -0.4512416 -0.60950527 0.3214889 -0.45506003 -0.83040313 0.46684085 -0.37228183 -0.80216501 0.85696457 -0.1909412 -0.4787146 -0.90049561 -0.1950752 -0.38866995 -0.65340791 -0.14686641 -0.7426296 0.50926047 -0.0458847 -0.85939668 0.86443721 -0.02965462 -0.50186604 0.87280701 -0.11012507 0.47548665 0.76722271 -0.12438216 0.62921122 -0.83455168 -0.19551091 0.51507908 -0.8630722 -0.23646005 0.44631847 -0.0629099 -0.2238669 0.97259249 -0.09515367 -0.20437557 0.9742582 -0.86211525 0.46083732 -0.21069752 -0.89818846 0.4315127 -0.08401153 -0.8134961 0.55251777 -0.18153443 -0.73905326 0.6457102 -0.19199913 -0.68904713 0.71513284 -0.11749446 -0.68904117 0.71513493 -0.117518 -0.80762909 0.5676645 -0.15968763 -0.80762623 0.56767737 -0.15967877 -0.80762909 0.5676645 -0.15968763 -0.80763195 0.56765169 -0.15969652 -0.30687873 0.67242321 0.67356709 -0.11899473 0.73829515 0.6639038 0.18157559 0.34482308 0.92094972 0.85072057 0.50412017 0.1488564 0.79509683 0.55427694 -0.24620125 0.98548391 0.02492995 -0.16795164 0.97852685 -0.00348069 0.20610034 0.42392053 0.90333863 -0.06539182 0.42729314 0.90146919 0.06914275 0.69846347 0.2998563 0.64979759 0.42082017 0.89385937 0.1546818 0.34934465 0.35242339 0.86819474 0.50746047 -0.21725415 0.8338428 0.48246189 0.17544789 0.85816787 0.30001826 0.81835048 0.4902003 0.81043403 -0.23114074 0.53831636 0.11417096 -0.13714106 -0.98395642 0.3600017 0.16780051 -0.91773905 0.26797112 0.43213214 -0.8610829 0.1167996 0.69821933 -0.70630629 0.15395209 0.94344207 -0.29363706 0.0738558 0.93270274 -0.35300942 0.46601256 0.75145603 -0.46707394 0.29759466 0.93265899 -0.20395829 0.71747393 0.34134214 -0.60722449 0.20454369 0.22596916 0.95242407 0.20793488 -0.24636901 0.94660731 -0.21376628 -0.3290175 0.91981872 -0.66001347 0.04043609 0.75017286 0.86061691 0.23435738 0.45214366 0.8122838 -0.35954399 0.45927723 0.96922847 0.13569867 -0.2054088 0.93200632 -0.27537971 -0.23566138 0.77934915 0.2416433 -0.57812178 0.64213154 -0.67265222 -0.36773004 -0.50044769 0.17568324 -0.8477665 -0.35691069 -0.80172555 -0.47944852 0.02138478 -0.03212535 -0.99926033 -0.01191322 0.11388393 -0.99343111 -0.99181398 -0.01122114 -0.12722529 -0.91477199 -0.3858013 -0.11981478 -0.6256015 0.59428125 -0.50544965 -0.80569373 0.48678171 0.33751486 0.73882652 0.60552451 0.29581129 0.60413763 0.6517022 -0.45859169 0.43248807 0.4411309 -0.78636248 -0.25180187 0.18747994 -0.94945039 0.43334817 0.62409875 -0.65016905 0.71543289 0.44302468 -0.54026401 -0.38704459 0.46546464 -0.79596336 -0.62990269 0.60410729 -0.48815837 0.01280783 0.67712334 0.73576415 -0.63035092 0.75964738 0.16001619 0.13617493 0.4801517 0.86655246 0.77808107 0.62449798 0.06783961 -0.67529193 -0.45677867 0.57909321 -0.89548378 -0.24380557 0.37238957 0.1389808 -0.46483179 0.87442647 -0.13558331 -0.28029808 0.95029392 -0.79939653 -0.15857209 0.57951664 0.81278692 -0.4363841 0.38594352 0.72395337 -0.33728732 0.60178605 0.88013796 -0.40316819 -0.2506448 0.8088371 -0.55541253 -0.19314208 0.60567436 -0.50268524 -0.61682931 0.64082703 -0.34111293 -0.68774185 -0.65184746 -0.45123192 -0.6095089 -0.85696595 -0.1909443 -0.47870897 -0.46684404 -0.37227498 -0.80216484 -0.32149927 -0.45505395 -0.83040164 0.65340409 -0.1468558 -0.74263269 0.90049334 -0.19507363 -0.38867865 -0.50926512 -0.04588731 -0.85939114 -0.86444043 -0.02965836 -0.50186115 -0.76722593 -0.12438624 0.62921116 -0.87280951 -0.11012276 0.4754916 0.86307363 -0.23647156 0.4463145 0.83455692 -0.19552217 0.51507472 0.06290765 -0.22386899 0.97259154 0.09514707 -0.20437611 0.97426065 0.94371601 0.30019195 -0.13889746 0.97052189 0.23743751 -0.04138637 0.97183009 0.20473932 -0.11676154 0.93158772 0.3034112 -0.20024564 0.40533983 0.82572858 0.39227306 0.34257568 0.92145242 0.18321736 0.86201195 0.50532102 0.03986223 0.94871845 0.29317197 0.11828132 0.78363264 0.28595948 0.55150419 -0.10295629 0.94663187 -0.3054475 -0.80645482 0.49630141 -0.32143111 -0.38406362 0.50466471 -0.77319277 0.59901994 0.48776819 -0.63503376 0.91392775 0.40549903 -0.01797289 0.54757893 0.83675359 -0.00416645 0.89266847 0.44020738 0.09680948 -0.11766515 0.31704943 -0.94108601 0.64330176 0.34013618 -0.68591884 -0.49384495 0.84579138 -0.20191296 -0.81622307 0.52251672 -0.24650886 -0.67500451 0.63565752 -0.37457891 -0.83845065 0.40521147 -0.36443384 -0.87165169 0.32560216 -0.36636279 -0.87215177 0.37640582 -0.31254552 -0.86277406 0.27068519 -0.42702862 0.97141792 0.18565692 -0.14796826 0.99124648 0.13182741 0.00791779 -0.4646139 0.77446002 0.42936795 0.00814724 0.47218104 0.88146441 -0.74496902 0.39242263 0.53947556 -0.30737375 0.93452086 0.17944401 -0.89623521 0.31224637 0.31507422 -0.75544287 0.60199079 0.25869891 -0.85335545 0.20882399 0.47768371 -0.91893591 0.22651634 0.32289873 -0.31352199 0.21326334 0.92533197 0.6507428 0.1223077 0.74939222 0.99456694 0.01441788 0.10316273 -0.05411027 -0.94305046 0.32824106 0.0456859 -0.93401225 0.35432376 0.68754545 0.47543817 0.54887342 0.92800941 0.33058958 0.17181654 0.2433385 0.21213309 0.94646039 0.552791 0.48399391 -0.67837295 0.85509007 0.35131972 -0.38131432 -0.85561554 0.24476581 0.45610132 -0.60216329 -0.11041435 0.79071273 -0.75771965 -0.64694205 0.08562848 -0.95192607 -0.30595629 0.01530912 -0.76575429 0.00435596 -0.64313486 -0.49717938 -0.35804109 -0.79033114 -0.22933995 0.88070105 0.41446494 -0.146875 0.27292659 0.95076426 -0.00061337 -0.99999949 0.00188788 -0.00198837 -1.00000083 0.00154579 -0.00120408 -0.99999871 0.0014305 0 -1.00000011 0 -0.00206635 -1.00000524 0.00031154 -0.00207651 -1.00000548 0.00054631 -0.00228214 -1.00000333 0.00058255 -0.00187972 -1.00000309 -0.00021014 -0.00204271 -1.00000309 -0.00001137 0.23718024 0.70370466 -0.66974333 0.33688922 0.74419058 0.57681333 -0.39702387 0.70066357 -0.59283644 0.95064779 0.29071998 -0.10843031 0.96489139 0.24393261 -0.09747025 -0.00208348 -1.00000083 0.00145035 -0.0022079 -1.00000059 0.00249786 -0.00188185 -0.99999662 0.00419285 -0.03445048 0.21007995 -0.97707983 0.14187999 0.18050244 -0.97328999 0.07897712 0.2139079 0.97366323 0.2022042 0.12421788 -0.97144039 -0.97183057 0.20474134 -0.11676161 -0.97051998 0.23745052 -0.04138157 -0.94371601 0.30018626 -0.13889957 -0.93158772 0.30341096 -0.20024569 -0.8620175 0.50531965 0.03986383 -0.34256516 0.92146351 0.18321923 -0.40533673 0.82573037 0.39227502 -0.78363264 0.28595959 0.55150419 -0.94872077 0.29316797 0.11828321 0.10296047 0.94662984 -0.30545114 -0.5990178 0.48777097 -0.63504014 0.38406332 0.50466173 -0.77318347 0.80645589 0.49631315 -0.32143213 -0.91391893 0.40549894 -0.0179702 -0.5475822 0.83674596 -0.00416194 -0.89266871 0.44019567 0.09682264 0.11766376 0.31704689 -0.94109257 -0.64329735 0.34013654 -0.68592063 0.49384802 0.84578799 -0.20191104 0.67500606 0.6356661 -0.37457458 0.81622611 0.52251642 -0.24651078 0.8384497 0.40520828 -0.36443709 0.87215201 0.37638654 -0.31254475 0.87164376 0.32559781 -0.36636986 0.86277698 0.27068975 -0.42702957 -0.99124422 0.13184584 0.00792281 -0.97141542 0.18565884 -0.14797571 -0.0081447 0.47218429 0.88147353 0.46461587 0.77445955 0.42936744 0.74496944 0.39242618 0.53947943 0.30737282 0.93452575 0.17944194 0.75544084 0.60199031 0.25870043 0.89622979 0.31225516 0.31507714 0.91893591 0.22651631 0.32289822 0.85335009 0.20884178 0.47768666 0.31351863 0.21326796 0.92532505 -0.65074477 0.12231233 0.74939156 -0.99456694 0.01441976 0.10316428 0.97649636 -0.21512266 -0.01356182 -0.24198524 0.61180058 -0.75309474 -0.34180264 0.38393576 -0.85777478 0 0.45743876 -0.88924532 0 0.58682316 -0.80971627 0 0.71341885 -0.70073951 -0.33057441 0.72169108 -0.60818461 -0.44394632 0.5279231 -0.72402442 -0.5425452 0.27212789 0.79472948 -0.87402235 0.13237909 0.46750661 -0.74374349 0.30903269 0.59274709 -0.29476186 0.53840166 0.78946401 -0.37673811 0.59739309 0.70795954 -0.03361691 0.66691604 0.74438346 -0.11044214 0.70947844 0.69602606 -0.24403506 0.96484252 0.09761653 0.00482123 0.81190263 0.58378464 -0.0791357 0.80564712 0.58709395 -0.32894535 0.93531092 -0.13039462 -0.66820774 0.40432255 -0.62451759 0 0.87404929 -0.48584258 -0.98020216 0.16297677 0.11248186 -0.88409762 0.39907493 -0.24312792 -0.93474521 0.35247429 -0.04495308 -0.9221852 0.23297981 0.30869938 -0.6534305 0.37870602 -0.65545616 -0.42351877 0.32035424 -0.84735332 0 0.6874018 0.72628397 0 0.58754664 0.80919753 0 0.32268034 -0.9465089 -0.05018313 0.42738422 0.90267684 -0.00000171 0.4631811 0.88626628 -0.0226347 0.4651806 0.88492994 0 0.49379497 0.86957942 0.12349683 -0.97336509 0.1931775 -0.0867695 -0.98759617 0.13089975 0.04696387 -0.81788997 0.57347005 0.01166041 -0.79904003 0.60116497 0.12639534 -0.12224338 0.98442336 0.05987546 0.06664077 0.99598285 0.02453989 -0.87851856 0.47708066 -0.24638974 -0.00742008 0.96914836 -0.07271313 0.80842565 0.58409971 -0.25074765 0.73363549 0.63159588 0.07932731 0.88692521 0.45505034 -0.12187696 0.89859121 -0.42154159 -0.00467218 0.99254086 -0.12189692 0.20417222 -0.86071043 0.46637129 0.396392 -0.21911681 0.89155953 0.30062572 -0.84255122 0.44692283 0.20295561 0.91284927 -0.35430496 0.30839313 0.9298087 0.20090782 0.23301528 0.09968134 -0.96735891 0.14753769 0.23827594 -0.95993563 0.09149378 0.39471658 -0.91424503 0.12710189 -0.43016763 -0.89376198 0.18698073 -0.49795219 -0.8468074 -0.23068478 0.20896948 -0.9503276 0.07854274 -0.40122436 -0.9126121 0.15009482 -0.44610449 -0.88231276 0.15929639 0.84310578 -0.51362741 0.04315225 0.16358518 -0.98559304 0.02199932 -0.4024476 -0.91517981 0.16651907 -0.98600628 0.00860691 -0.03175626 -0.99731543 -0.06606383 0.28737357 -0.7371958 -0.61152622 0.11568115 -0.84409563 -0.52357775 -0.18168497 0.95734414 -0.22469322 0.46644323 0.45233821 0.76014907 0.17344538 -0.9797649 0.09988702 -0.24891021 -0.53428131 0.80783973 -0.1131561 -0.97129424 0.20924709 -0.21707963 0.01511327 0.97603925 0.01823393 0.21370273 0.9767371 -0.28359228 -0.33976148 -0.89674376 0.09794135 0.57774221 -0.81032215 -0.22766671 0.28931227 -0.92977287 -0.24969261 -0.60173109 -0.75867022 0.04658821 0.6849775 0.72707707 0.28313618 0.80178992 0.526277 -0.32365896 0.56894588 0.75601716 -0.01415942 0.99429479 0.10580501 0.01933171 0.81933151 -0.57300519 0.14593435 0.9553261 -0.2570416 -0.2926583 0.78723688 -0.5427916 -0.12825238 -0.89991693 -0.41679179 -0.39962737 0.90379079 0.15318681 0.24198518 0.61179981 -0.75309385 0.3418021 0.38393374 -0.8577724 0.44394811 0.52792298 -0.72402228 0.3305756 0.72168977 -0.60818484 0.74372966 0.30906652 0.59275228 0.87401674 0.13245296 0.46751078 0.54253363 0.27215593 0.79473097 0.29476016 0.53839993 0.78946293 0.11044026 0.70947993 0.6960232 0.03361211 0.66691932 0.74438167 0.37673534 0.59739363 0.70795578 0.07913205 0.80564771 0.58709627 -0.00482476 0.81189488 0.58378708 0.24403473 0.96484359 0.09761488 0.32894532 0.93531062 -0.13039871 0.66819659 0.40441622 -0.62447444 0.93474646 0.35247682 -0.04495285 0.88409226 0.3991556 -0.24303824 0.98019805 0.16298764 0.11246923 0.92217954 0.23301197 0.30869566 0.6534032 0.37893398 -0.65535292 0.42347508 0.32041116 -0.84735672 0.05018095 0.42738663 0.90268191 0.02263189 0.46518069 0.88493423 -0.12349608 -0.97336258 0.1931778 -0.01166019 -0.7990445 0.60116884 -0.04696405 -0.81788741 0.57346975 0.08677026 -0.98759558 0.13089963 -0.05987755 0.06664207 0.99598005 -0.15660289 -0.04497804 0.98663964 -0.02454311 -0.87852482 0.47708558 0.24639031 -0.00742226 0.96914496 0.25074526 0.73363531 0.63159195 0.07271239 0.8084269 0.5840941 -0.05296943 0.89044194 0.45201492 0.00467477 0.9925324 -0.12190061 0.12187579 0.89858942 -0.42154049 -0.03356282 0.89375137 -0.44732561 -0.14754231 0.23827567 -0.95993104 -0.1778658 0.07890015 -0.9808897 -0.18698172 -0.49795675 -0.84681181 -0.12710365 -0.43016728 -0.89375834 -0.09149524 0.39471556 -0.91424175 0.23068123 0.20897172 -0.95032563 -0.15009831 -0.44610353 -0.88230978 0.0084142 -0.37857918 -0.9255385 -0.28737351 -0.73719496 -0.61152408 -0.11567599 -0.84409527 -0.52357459 0.18168091 0.95734622 -0.22469645 -0.17344845 -0.97976651 0.09988663 -0.34460147 -0.81515763 0.46559354 -0.15815769 -0.9873664 0.00988931 0.11315698 -0.97129806 0.20924691 0.2489117 -0.53428113 0.80783741 -0.01823173 0.21370359 0.97673501 0.21708483 0.0151058 0.97604175 0.22766533 0.289314 -0.92977401 -0.09794134 0.57774519 -0.81032644 0.28358769 -0.33976368 -0.89674603 0.24969231 -0.60173074 -0.75866825 0.32365791 0.56894654 0.75601227 -0.04659603 0.68498239 0.72707183 -0.28313818 0.80179523 0.52627778 -0.14593419 0.95532509 -0.25704002 -0.01933099 0.81933079 -0.57300323 0.01415592 0.99428775 0.10580124 0.29265555 0.78723795 -0.54279172 0.12824657 -0.89992122 -0.4167846 0.39962857 0.90379538 0.15317954 -0.29008874 -0.21835016 0.93176659 -0.04975094 -0.92948039 0.36550428 -0.13808272 0.96683796 0.21485864 0.03334755 0.19018495 -0.98118659 -0.09032027 0.8463652 -0.52488982 0.03197113 -0.39638965 -0.91752877 -0.09643057 0.90501561 -0.41430708 0.14808317 -0.98507853 -0.0877843 0.09828763 -0.49700492 0.86217402 0.28384446 -0.93830212 0.19756458 0.05320538 0.91784414 -0.39336305 0.1907288 0.12526795 -0.97362413 0.34776442 0.09670935 -0.93258758 0.15263867 0.88116018 -0.44751148 0.02375167 0.95152821 0.30664496 0.1224956 0.93329682 0.33757259 0.4052354 -0.46702605 -0.78592319 0.25723186 -0.46127098 -0.84915446 0.37820615 -0.9143727 -0.14455376 0.44548683 -0.86970155 0.21253259 0.50998789 -0.84036259 -0.18361578 0.3494081 -0.2726272 0.89644186 -0.03627042 0.52196383 0.85220455 -0.34205399 0.52297562 0.780702 0.16193559 0.60987458 0.7757811 0.3345264 0.30803542 -0.89062672 0.17145103 0.96337201 -0.20621443 0.12783986 0.87985889 0.45772814 0.58642476 -0.79254348 0.16729141 0.34938039 0.31809445 0.88134615 0.58037835 -0.77813358 -0.24014828 0.45244595 -0.54552269 -0.7054863 -0.01075134 0.15118587 -0.98845025 0.01487429 -0.99941894 0.03097576 0.3029866 -0.95288738 0.01436704 0.16239444 -0.9831908 -0.08350921 0.11633144 -0.94736203 -0.29829409 -0.26548784 0.87506954 0.40469467 -0.33520372 0.78464205 0.52151608 -0.72451467 0.16949319 0.66809985 -0.14292238 0.96685412 -0.21161722 -0.07456303 0.90194722 -0.42537897 -0.02666446 0.98051926 0.19463639 -0.13333913 0.072828 -0.9883938 -0.13225158 0.03341068 -0.99065479 -0.51645088 0.52091014 0.67966422 -0.27123841 -0.84120838 0.46777846 -0.05583576 0.70357109 0.70843518 0.01354132 0.9742616 0.22501599 -0.06541861 0.47739147 0.8762602 0.13549513 -0.57489323 0.80693231 0.31332041 -0.91860713 0.24083807 0.28717756 -0.95743336 -0.02931285 0.18655255 -0.9772736 0.10068028 -0.19066462 -0.34703599 -0.91827013 -0.09090122 0.48436641 -0.87013243 -0.05076453 -0.53588998 -0.84276645 0.16806903 -0.79030723 0.58922219 -0.0599457 -0.8320903 0.55140507 0.13888697 0.46755581 0.87299327 0.87720011 0.29169666 0.38137688 0.02344944 -0.61783466 0.78596325 0.17352323 0.64879283 0.74092627 0.08721652 -0.66855911 0.73853064 0.12089027 0.68468705 0.71875674 0.13711433 0.9902521 0.0246525 0.14987476 0.98863359 0.01216357 0.26414677 0.96426328 0.02074596 0.33552001 0.94202962 0.0038063 0.90244402 -0.43053033 0.01607415 0.89872275 -0.43770145 0.02695477 -0.05025682 -0.59253555 -0.80398886 -0.05559947 -0.88029604 -0.47118025 0.03720007 -0.87560211 -0.48162829 0.1570639 -0.47950979 -0.86336707 0.09414317 -0.05018246 -0.99429788 0.06404341 0.06697478 -0.99570014 0.01643404 -0.19156489 -0.98134967 -0.01823597 -0.23200395 -0.97255518 0.04944609 0.95251217 -0.30048318 0.05390712 0.99854138 0.0041594 0.05969477 -0.99745955 0.03894739 0.06914983 -0.99141248 -0.11104524 0.36461194 -0.71481509 0.59675115 -0.03849202 -0.94829573 0.31505294 0.10419931 0.49794459 0.86093436 0.90273764 -0.03492531 0.42878692 -0.03876587 -0.88913421 0.45601489 0.0488612 0.39071809 0.91921433 -0.00893511 -0.88302217 0.46925582 0.10504696 0.7409246 0.66333154 0.14688849 0.94386276 0.29590672 0.08792144 0.96604826 0.24296103 0.09495957 0.96456124 0.24618878 0.1442383 0.95249613 0.26824611 0.90857281 -0.38250588 -0.16790763 0.90463879 -0.39970331 -0.14791157 0.0098905 -0.6020579 -0.7983988 -0.00615805 -0.47563939 -0.87962804 0.00089877 -0.75021626 -0.66120294 0.08721961 -0.41475533 -0.90574892 0.0631157 -0.05849264 -0.99629267 0.05199754 0.00531229 -0.99864163 0.06566031 -0.05889916 -0.99610569 0.07532782 -0.05772013 -0.99549963 -0.05160738 -0.65362892 -0.75506187 0.40028485 -0.76115555 0.51031118 0.00860356 -0.85416763 0.51993656 0.14808365 0.24596251 0.9579071 0.65984354 0.62606302 0.41552027 0.12519508 -0.6517987 0.74799372 0.20328935 0.63619515 0.74426443 0.21232148 -0.68321899 0.69868002 0.17061984 0.88045041 0.44239985 0.13994856 0.94432475 -0.29778924 0.17284497 0.98478313 -0.0181992 0.19679671 0.98025485 -0.01929026 0.20770886 0.9781911 -0.00312402 0.92839934 -0.37139417 -0.01240026 0.93444904 -0.35589112 0.01241556 -0.06555518 -0.62247953 -0.77989364 -0.05489683 -0.90025075 -0.43190118 0.17385481 -0.87225108 -0.4571374 0.37656791 -0.91266562 -0.15891571 0.15020516 -0.14380623 -0.97814228 0.17957475 -0.00540881 0.98373457 0.01533594 -0.24511964 -0.96937384 0.01920236 -0.21714198 -0.97595443 0.3793609 -0.88645886 -0.26512369 0.81875859 0.24581977 -0.51886254 0.12977507 0.18490022 -0.97415825 0.16415709 -0.91422387 -0.37048055 0.1308913 0.25591134 -0.95780864 0.25058227 -0.90951337 -0.33166705 0.086981 0.59329343 -0.80028043 0.18564428 -0.60281113 -0.77598811 0.07088743 0.86042325 -0.50462901 0.0807363 0.9052362 -0.41717874 0.10645243 0.91204383 -0.39604597 0.90182253 -0.39817943 0.16784188 0.89764349 -0.41301154 0.15385556 0.086679 -0.55196905 0.82934759 0.05600466 -0.37792782 0.92414816 0.16076472 -0.54456019 0.82317029 0.05417751 -0.00815635 0.99849906 0.05019342 -0.00716175 0.9987162 0.08236251 0.00925475 0.99656405 -0.00947181 -0.9991103 0.04132146 -0.10142227 -0.948886 -0.29892519 -0.15232628 -0.98488607 -0.08245713 -0.29205775 -0.95630922 0.01362809 0.65150127 0.19800305 0.73236639 0.28804623 0.80007295 0.5262348 0.21396997 0.87956981 0.42495425 0.02409103 0.98051467 0.19499354 0.06342284 0.90198745 -0.4270791 0.12199774 0.96890583 -0.21529596 0.13027268 0.03336008 -0.99091812 0.11373267 0.07476828 -0.99069669 0.45979949 0.55398577 0.69404731 0.23073391 -0.84370588 0.48471328 -0.01354111 0.97426208 0.22501569 0.05583639 0.70357168 0.70843411 0.06541862 0.47739257 0.87626008 -0.31331922 -0.91860541 0.24083752 -0.13549847 -0.57489329 0.80693416 -0.28717645 -0.95743313 -0.02931421 -0.1865516 -0.97727372 0.10067853 0.19066356 -0.34703363 -0.91826757 0.05501989 -0.53633195 -0.84221564 0.09089996 0.48436969 -0.87013076 -0.16807277 -0.79030032 0.58922416 -0.87720053 0.29171013 0.38136993 -0.13888761 0.46755346 0.87299292 0.05994427 -0.83209149 0.55140644 -0.17352448 0.64878675 0.74092741 -0.02345168 -0.6178349 0.78596551 -0.12089247 0.68468228 0.71875269 -0.08721818 -0.66856215 0.73853118 -0.1498751 0.98863431 0.01216277 -0.13711725 0.9902518 0.02465264 -0.26414918 0.96426334 0.02074221 -0.33551998 0.94202962 0.0038063 -0.89873468 -0.43767874 0.02695454 -0.90245761 -0.4305086 0.01607434 0.05559817 -0.88029681 -0.47117965 0.05025592 -0.59253353 -0.80398486 -0.03720032 -0.87559114 -0.48162102 -0.15706291 -0.47951339 -0.86336856 -0.0941425 -0.05018149 -0.99429782 -0.06404489 0.0669742 -0.99570569 -0.01643444 -0.19156459 -0.98134705 0.01823597 -0.23200224 -0.97254594 -0.04944609 0.9525127 -0.30048339 -0.05390673 0.99853983 0.00415961 -0.05969477 -0.99745955 0.03894738 -0.06914984 -0.99141248 -0.11104524 -0.3646094 -0.7148257 0.59674007 -0.90274872 -0.03492606 0.42876344 -0.10419729 0.49794637 0.86093335 0.0384979 -0.94830116 0.31504984 -0.0488612 0.390718 0.91921468 0.03876587 -0.88913487 0.45601531 -0.10504837 0.74092425 0.66333297 0.00893494 -0.88302104 0.46925556 -0.0879225 0.9660479 0.24296207 -0.14689166 0.94386204 0.29590985 -0.09495957 0.96456047 0.24618859 -0.14423684 0.95249697 0.26824366 -0.90463348 -0.39970558 -0.14793766 -0.90857281 -0.38250412 -0.16794121 0.00615795 -0.47563856 -0.87962852 -0.00988401 -0.60204735 -0.79840017 -0.00089978 -0.75021584 -0.66120395 -0.08722198 -0.41475542 -0.90574916 -0.06311708 -0.05849282 -0.99629398 -0.05199868 0.00531236 -0.9986399 -0.06566031 -0.05889906 -0.99610468 -0.07532782 -0.05771984 -0.99549677 0.04480044 -0.65426764 -0.75494571 -0.40028884 -0.76114232 0.51032781 -0.65983567 0.62606302 0.41552999 -0.1480768 0.24597094 0.9579049 -0.00860565 -0.85415767 0.5199638 -0.20329037 0.6361973 0.74426592 -0.12519547 -0.65179107 0.74799729 -0.17061988 0.88043849 0.44239922 -0.21231788 -0.68321911 0.69868097 -0.17284782 0.98478439 -0.01819649 -0.13994856 0.94432344 -0.29778829 -0.19679355 0.98026242 -0.01928072 -0.20768621 0.97819116 -0.00308928 -0.93446131 -0.35585167 0.01246171 -0.92840816 -0.37137444 -0.01238397 0.05490193 -0.90026071 -0.43188857 0.06555286 -0.62247792 -0.77989984 -0.17386177 -0.87225334 -0.457132 -0.37655563 -0.91266151 -0.1589275 -0.15020413 -0.14380817 -0.97814794 -0.17957632 -0.00541159 0.98373749 -0.01533749 -0.24511931 -0.96937766 -0.01920787 -0.21713769 -0.9759558 -0.37935914 -0.88645212 -0.26512223 -0.16416577 -0.9142191 -0.37048639 -0.12977722 0.18490818 -0.97415562 -0.818754 0.24581828 -0.51887238 -0.25057604 -0.90951099 -0.33167864 -0.13089506 0.25590985 -0.9578022 -0.18564428 -0.60281465 -0.77598775 -0.086981 0.59329241 -0.80028139 -0.0708955 0.86042754 -0.50463134 -0.08073271 0.90524127 -0.41716658 -0.10641851 0.91204836 -0.39605124 -0.89763217 -0.41303523 0.15383075 -0.90182378 -0.39819686 0.16782875 -0.05600416 -0.37792872 0.92414816 -0.08668711 -0.55197412 0.8293529 -0.16077096 -0.54457229 0.8231629 -0.0541766 -0.0081571 0.99849918 -0.05019284 -0.00716196 0.99871673 -0.08235933 0.00925372 0.99656447 0.62063965 0.78329212 0.03573616 -0.72231413 0.66423759 0.19254659 -0.7218175 0.5918172 0.35882343 0.5530011 0.83317207 -0.00465612 0.72350771 0.60778186 0.32732694 -0.70353682 0.70710809 0.07100837 0.90892013 -0.36253361 -0.20604742 0.80528973 -0.59288949 0.00096271 0.72216422 -0.44928359 0.52597254 0.53174775 0.01402501 0.84678982 0.52274423 0 0.8524897 -0.99495383 0 0.10042126 -0.95592727 -0.00352665 0.29359254 -0.92412861 -0.01047734 0.38195701 0.33410258 -0.93720724 0.10009442 0.37689213 -0.90979417 0.17387851 0.23149913 -0.97237952 -0.02980232 0.7218175 0.59181791 0.35882287 0.72231377 0.66423932 0.19254695 -0.62063423 0.78328998 0.03573743 -0.55299562 0.83317594 -0.00465419 -0.7235148 0.60777727 0.32733188 0.70353682 0.70710993 0.07100837 -0.80528562 -0.59289783 0.00096231 -0.90891923 -0.36252765 -0.20603643 -0.72215075 -0.44930156 0.52597349 -0.53174036 0.01401493 0.8467934 -0.52274423 0 0.85249125 0.95592727 -0.00352664 0.29359185 0.99495383 0 0.10042126 0.92412861 -0.01047731 0.38195603 -0.33409108 -0.93721243 0.10009078 -0.37687148 -0.90980609 0.17388336 -0.23149809 -0.97238054 -0.02979971 0.86634301 0.46611967 0.17942757 0.88260935 0.0377903 0.46859529 0.95466491 -0.26833572 0.12891511 0.71442533 -0.51802408 0.47038265 -0.03233464 -0.92324283 -0.38287635 0.18116322 -0.43267261 -0.88317285 -0.67485735 -0.33679028 -0.65662125 -0.64185891 -0.76551265 -0.04488521 0.98099621 -0.01610815 -0.19340837 0.77106184 0.33790473 0.53973162 0.95414539 0.019772 0.29870733 0.59064406 0.39980106 0.70092864 0.38564102 0.80688642 0.44746753 0.01279247 0.42721577 -0.90407093 0.96264639 0.23583598 0.13311104 0.85836177 0.49020305 0.15143159 -0.05863132 0.96096512 -0.27041363 -0.78642721 0.39518286 -0.47474017 -0.73146416 0.2662067 -0.62777439 0.83113788 0.43901985 0.34128962 0.75839437 0.45433956 0.46736087 0.86609946 0.49909645 -0.02804234 0.8076251 0.58966761 -0.00726776 -0.00000147 0.18524186 -0.98269357 -0.00000306 0.0346717 -0.99940445 0.57526582 0.12123443 -0.80894212 0.54457664 0.53341996 -0.64723483 0 0.77927894 -0.62668023 0.85235088 0.35960834 -0.37972311 0.58106953 0.79112692 -0.19101637 0.4724191 0.82672404 0.30553449 0.51395279 0.8470426 0.13555484 0.84755473 0.51497274 0.12832838 -0.00000352 0.99387725 0.11050829 -0.0000024 0.96131774 -0.27546363 0.37418754 0.58072745 0.72301514 -0.00002686 0.62477955 0.78080506 -0.00000928 0.93779143 0.34721063 0.40277072 0.44085949 -0.80213807 -0.00000141 0.43701984 -0.89945226 -0.00000134 0.54625719 -0.83762143 0.73697454 0.34764992 -0.57967471 0.6847491 0.38020579 -0.62174419 0.79784108 0.37204309 -0.47437807 0.40000843 0.30159165 -0.86547439 0.54337561 0.45118659 -0.70793898 -0.00000223 0.20798742 -0.97813501 0.68639645 0.44139539 0.57796215 0.81049727 0.36644711 0.45697277 0.79177893 0.39809068 -0.46326785 0.86954789 0.34749396 -0.35091506 0.90592654 0.42342742 0.00288193 0.84130953 0.35499041 0.40765651 0.40480216 0.23412917 0.88392411 0.34755872 0.36753763 0.86263071 0.27696877 0.36077531 0.89059191 0.30187397 0.2739897 0.91313197 0.38174652 0.21677602 0.8984922 0.44687604 0.17484223 0.87734954 0.65951178 0.6891869 0.30013977 0.00000655 0.95320054 0.30235944 0.53244102 0.72711677 0.43337132 0.96066984 0.19951194 -0.19317758 0.68690965 0.10121971 0.71967245 0.29893508 0.25652208 0.91915752 0.424948 0.13297298 0.89540754 0.97928734 0.19525455 0.05368469 0.98384669 0.15347544 0.09217688 0.96410962 0.24578557 0.10044815 -0.0001137 0.35252516 0.93580325 -0.00008742 0.89016907 0.45563128 -0.00000219 0.85135983 -0.52458626 0.49851128 0.67112604 -0.54871815 0.4734913 0.78849835 -0.39253934 -0.00000182 0.93927195 -0.34318815 0.45540415 0.88458477 0.10063922 0 0.99998911 0.00570549 0.49988007 0.33966206 0.79671563 0 0.79602237 0.60527775 0 -0.19508859 0.98078688 0 0.22817961 0.97362365 0.57610678 -0.18754535 0.79557468 0.80170159 0.51054221 -0.31086235 0.85686295 0.46687387 0.21868297 0.95404144 0.00207551 0.29967388 0.85228454 -0.44682552 0.27195351 0.47063907 -0.63765016 0.60985073 0.90842905 -0.40655263 -0.09741989 0.66531852 -0.73714728 0.118247 0.43053668 -0.8740717 0.22503155 0.70022971 -0.34827457 0.62321881 0.8657463 0.48188665 0.13516145 0.98267021 0.08367227 -0.16544398 0.4615499 0.87251048 -0.16031421 0.77857638 -0.16728936 0.60485092 -0.00000737 -0.77106757 0.63676331 -0.00000163 -0.11427289 0.99345251 0.61744353 -0.75810636 0.20989036 -0.00000693 -0.9773372 0.21168967 0.99017783 0.1398366 -0.00196359 0.91404625 -0.11385974 0.38930197 0.88794784 -0.0912644 0.45080241 0.67839488 0.50136107 0.53704881 0.56285524 0.63668004 0.52711093 0.8154969 -0.01144763 0.57866156 0.71398593 0.37278796 0.59268719 0.98698457 0.08882747 0.13411191 0.44064428 0.01669054 0.89753269 0.40295746 0.83671211 0.37087519 0.4697388 0.85095374 0.23504127 0.27427428 0.96124192 0.02823015 0.49107628 0.75657124 0.43181055 0.50622808 0.51223367 0.69379411 0.72570313 -0.23580816 0.64634118 -0.00000881 -0.69498 0.71904028 0.43621327 -0.06425611 0.89755194 0.50659519 -0.37452988 0.77659238 0.65716187 -0.44781264 0.60631177 -0.00000199 -0.6265429 0.77939118 -0.00000195 -0.36998998 0.92903634 -0.00000235 -0.1365395 0.99063756 0.00002009 0.64894715 0.76083637 0.32220216 0.39124932 0.86204724 0.28374755 0.70536781 0.6495755 0.13321252 0.23587064 0.96261366 0.67213854 0.38794033 0.63066653 0.58124709 0.24220762 0.77685285 0.4023154 0.19594532 0.89428644 -0.00002417 0.24637429 0.9691812 0.75216223 0.28198021 0.59560478 -0.00000156 -0.63556126 0.77205718 -0.0000028 -0.92927541 0.36938949 -0.00000276 -0.99607524 0.08852268 0.42686712 0.34057145 0.83773939 0.36525838 0.32570518 0.87207322 0.40206422 0.33720676 0.85126333 0.44376036 0.34658979 0.82641105 0.45130079 0.34365736 0.82355068 0.45319118 0.34220539 0.82312052 0.39198031 -0.06705249 0.91753306 -0.42126979 0.29285106 0.8583564 0.88530914 0.45567685 0.09272597 0.99729034 0.07327835 -0.00793058 0.8029031 0.40438675 -0.43797647 0.0893278 -0.17988675 -0.97962971 -0.57097774 -0.16315282 -0.80460678 0.81734828 0.09513721 -0.56824815 0.32028715 -0.03718455 0.94659307 -0.98616894 -0.16494603 -0.01693641 -0.73569358 0.0550236 -0.67508236 -0.89327137 0.34928272 -0.28298076 0.67691305 0.62908468 -0.38216637 0.02868378 0.01822351 0.99942299 0.05565579 -0.00536638 0.99843588 0.98742684 -0.01306018 0.15754188 0.76852108 0.00643478 -0.63980547 0.03309479 -0.02731448 -0.99908908 -0.74368746 -0.02885575 -0.6679093 -0.97989972 -0.17944234 0.08721443 0.98656156 -0.02509073 0.16147299 -0.00001076 -0.01065431 0.99994501 -0.00000359 -0.0482495 -0.9988372 -0.74719829 -0.03367871 -0.66375861 0.74720062 -0.03368068 -0.66375831 -0.00001748 -0.01015444 0.99995335 -0.9865643 -0.02509212 0.16145482 0.9930475 0.05730146 0.10286635 -0.00001565 -0.99999889 0.0026893 -0.00001126 -0.0665695 0.99778666 -0.00000894 -0.0234769 -0.99973222 -0.99304756 0.05730705 0.10284977 0 0.99049487 -0.13763783 0.06376971 0.99088486 -0.11870843 -0.047853 0.9920279 -0.11663251 -0.63968745 0.04004577 0.76759643 0.13832169 0.98855205 0.06026562 0.00002087 -0.94471159 0.32790421 0.06599868 -0.81196724 0.57996338 0.20866937 -0.83742003 0.50516813 -0.06608062 -0.81153922 0.58055836 -0.20870797 -0.83759175 0.50486725 -0.86633955 0.46613275 0.17940556 -0.71441651 -0.51803523 0.47037353 -0.95466491 -0.26834139 0.1289028 -0.88260786 0.0377932 0.46858921 0.67485735 -0.33679028 -0.65662125 -0.18116322 -0.43267249 -0.88317285 0.0323346 -0.92324283 -0.38287635 0.64185891 -0.76551271 -0.04488537 -0.9809884 -0.01612012 -0.19341841 -0.77105612 0.33790435 0.53972679 -0.38564192 0.80689065 0.44745933 -0.59063506 0.39978995 0.70095152 -0.95414456 0.01977701 0.29871904 -0.01277794 0.42721285 -0.90406348 0.05864853 0.96095463 -0.27042016 -0.85834979 0.49022763 0.15142157 -0.96264293 0.23583203 0.13311037 0.73146559 0.26621478 -0.6277698 0.78643084 0.39519708 -0.47472899 -0.42687937 0.34057106 0.83773397 -0.4437757 0.34659083 0.82640742 -0.40208532 0.33720137 0.8512504 -0.36527704 0.32570006 0.87206475 -0.45130109 0.34365938 0.82354615 -0.45319059 0.34220691 0.82311438 -0.86609946 0.49909665 -0.02804201 -0.75840188 0.45433666 0.46735468 -0.83113585 0.43902286 0.34129144 -0.80762498 0.58966857 -0.00726756 -0.57526415 0.1212325 -0.80893968 -0.54457789 0.53341639 -0.64722696 -0.85234921 0.35961343 -0.37971393 -0.58107292 0.79112668 -0.19101098 -0.84755163 0.51496982 0.12831625 -0.51395589 0.8470426 0.13555571 -0.47241687 0.82673 0.30553542 -0.37418745 0.58073544 0.72300995 -0.40277185 0.44085901 -0.80213575 -0.73696912 0.34765048 -0.57967173 -0.6847491 0.38020588 -0.62174419 -0.54337549 0.4511828 -0.70794076 -0.40000888 0.30158962 -0.86547415 -0.7978452 0.37205072 -0.47436865 -0.81050823 0.36642142 0.45696916 -0.68638173 0.44141384 0.57795733 -0.90592839 0.42343079 0.0028934 -0.84131919 0.35498147 0.40764989 -0.79177893 0.39809086 -0.46326729 -0.86955874 0.34749482 -0.35089924 -0.30212571 0.27395695 0.91305907 -0.38185756 0.21665881 0.89847432 -0.44481244 0.17490635 0.87838076 -0.53223371 0.72741336 0.4331285 -0.65951434 0.68924692 0.29998743 -0.96065988 0.1995085 -0.19321021 -0.42506613 0.13271066 0.89538424 -0.29892355 0.25661832 0.91913052 -0.68689207 0.10118523 0.71969075 -0.98385002 0.15347975 0.09217216 -0.97928979 0.19524455 0.05365966 -0.96410509 0.24579979 0.10046651 -0.34678216 0.3686647 0.8624625 -0.49104851 0.75658978 0.4318005 -0.46966036 0.85097025 0.2351205 -0.47349657 0.78849674 -0.39254041 -0.49851128 0.67111626 -0.54872685 -0.45541056 0.88457929 0.10063464 -0.49988451 0.33966075 0.79671211 -0.57611262 -0.18754696 0.79556615 -0.85687177 0.46687161 0.21867429 -0.80169867 0.51053643 -0.31085701 -0.47063925 -0.63764766 0.60984162 -0.85228448 -0.44682558 0.27195357 -0.9540449 0.00207359 0.29966953 -0.90842905 -0.40655275 -0.09741983 -0.43053966 -0.87407104 0.2250319 -0.66519746 -0.73730559 0.11793792 -0.70024139 -0.34863441 0.62300471 -0.86575304 0.48188417 0.13515668 -0.98267021 0.0836723 -0.16544395 -0.46155088 0.87251161 -0.16033112 -0.77859057 -0.16729469 0.60483292 -0.61744765 -0.75809611 0.20988678 -0.88794689 -0.09126828 0.45080566 -0.91405316 -0.11388098 0.38929258 -0.99017742 0.13983794 -0.00197719 -0.67839488 0.50136101 0.53704869 -0.55217397 0.66595784 0.50161558 -0.8154882 -0.01144227 0.57866489 -0.98697498 0.08903026 0.13404615 -0.71379936 0.3731253 0.59268612 -0.44064428 0.0166906 0.89753245 -0.40295218 0.83672367 0.37086044 -0.27428248 0.96124377 0.02819133 -0.50623661 0.51223993 0.69378445 -0.72570372 -0.23580459 0.64633909 -0.43621465 -0.06425383 0.89755212 -0.65716216 -0.44781952 0.60630682 -0.50659453 -0.37453107 0.77659363 -0.66489873 0.38148682 0.64217094 -0.41982459 0.18410788 0.88874142 -0.3765554 0.41765847 0.82690506 -0.58025264 0.24249666 0.77750731 -0.24402633 0.23504635 0.94085725 -0.75253279 0.2821016 0.5950759 -0.34549849 0.74621619 0.56903821 -0.39198967 -0.06704771 0.91752811 -0.99728974 0.0732768 -0.00794224 -0.88530259 0.45568599 0.09272562 0.42128079 0.29284334 0.8583533 -0.08932273 -0.17988694 -0.97962411 -0.80291126 0.40438809 -0.43797063 -0.81734143 0.09513785 -0.56825327 0.57097786 -0.16315172 -0.80459432 -0.32030658 -0.03718042 0.94658919 0.98617121 -0.1649485 -0.01692793 0.7356937 0.05502241 -0.67508331 0.89327876 0.34926472 -0.28298967 -0.67690405 0.62910548 -0.38215674 -0.98742916 -0.01305948 0.15752582 -0.05566709 -0.00536477 0.99843767 -0.02869586 0.01823552 0.99943151 -0.76851387 0.00644052 -0.63980505 -0.03309962 -0.02731768 -0.9990836 0.7436843 -0.02885 -0.66790936 0.97989972 -0.1794466 0.08721438 0 -0.0106545 0.99994864 -0.98656388 -0.02509036 0.16145554 0.00000114 -0.04824678 -0.9988366 -0.74719066 -0.03367846 -0.66376993 0.74720079 -0.03368064 -0.66375837 -0.00000515 -0.01015392 0.99995365 0.98656293 -0.02508333 0.16146592 0 -0.0665695 0.99778386 0 -1.00000488 0.00268927 -0.99305113 0.05731219 0.1028513 0 -0.0234768 -0.99973585 0.9930475 0.05730157 0.10286614 0.9912736 0.08071647 0.10424434 0.00078776 0.30190803 0.95334306 -0.00251182 0.99996581 0.00855622 -0.99106719 0.08344378 0.10409677 0.00177891 -0.96493502 0.26251503 -0.00203128 -0.19903172 -0.97999515 0.28315308 0.64986918 -0.70534146 -0.4477333 0.81979285 -0.35704623 -0.54588705 -0.12047365 -0.82915412 0.99810364 0.06159224 0.00205238 0.17635057 -0.70339674 0.68857357 -0.6259757 -0.55960423 0.54315674 -0.48325416 0.07427637 0.87233387 0.16868747 0.80539326 0.56823301 -0.73924089 0.56616914 0.36467282 0.15363849 -0.78910644 -0.59474867 -0.63789466 -0.74010963 -0.212933 -0.28315281 0.64984557 -0.70535923 -0.99810507 0.06159338 0.00202123 0.54588693 -0.12047365 -0.82915596 0.44771134 0.81978951 -0.35707234 -0.17634619 -0.7034005 0.68857411 0.48325511 0.07427646 0.87233369 0.6259757 -0.55960428 0.54315728 -0.16869939 0.8054112 0.56820237 0.73924089 0.56616908 0.36467294 0.63789466 -0.74010981 -0.21293322 -0.15363481 -0.78910977 -0.59474909 0.00251526 0.99996879 0.00855958 -0.00078499 0.30190791 0.95333781 -0.9912736 0.08071652 0.10424439 0.99107029 0.08344641 0.1040998 -0.00177891 -0.96493491 0.26251503 0.00203128 -0.19903169 -0.97999515 -0.28315281 0.64984545 -0.70535911 -0.99810507 0.06159335 0.00202129 0.54588693 -0.12047356 -0.82915579 0.44771134 0.81978951 -0.35707228 -0.17634619 -0.70340026 0.68857399 0.48325511 0.07427633 0.87233351 0.6259757 -0.5596044 0.54315686 -0.16869939 0.80541102 0.56820237 0.73924089 0.5661692 0.36467288 0.63789466 -0.74010981 -0.21293307 -0.15363481 -0.78910948 -0.59474897 0.28315278 0.64984545 -0.70535917 -0.44771134 0.81978969 -0.35707231 -0.54588693 -0.12047351 -0.82915585 0.99810507 0.06159322 0.00202123 0.17634621 -0.7034002 0.68857387 -0.6259757 -0.55960428 0.54315686 -0.48325511 0.07427632 0.87233351 0.16869935 0.80541114 0.56820237 -0.73924089 0.56616932 0.36467291 0.15363481 -0.78910948 -0.59474891 -0.63789466 -0.74010963 -0.21293304 0.08737165 -0.22994155 0.9692783 -0.34770085 -0.14768394 0.92590292 -0.36285998 0.06022487 0.92989828 -0.40868526 0.20677564 0.88894777 0.34385402 0.07313757 0.93617864 0.33985831 -0.08314706 0.93679734 -0.27555063 0.36192627 0.89055501 0 0.93278982 0.36044364 0 0.98031249 0.19748375 0.44670342 0.86635409 0.22336545 0.31770666 0.8012772 0.50698196 0.65641007 0.5776056 0.48529269 0.79155571 0.54365897 0.27908372 0.6295934 -0.14362886 0.76354141 0.83826087 -0.18065647 0.51448094 0.54158443 -0.507981 0.66981343 0.33768912 -0.35330834 0.87243871 0 -0.57874667 0.81550877 0 -0.4109575 0.91166009 0 0.76048905 0.64935425 0.30330999 0.67470142 0.67290136 0.48369919 0.48065864 0.7314446 0.75209917 0.21138529 0.6242412 0.54637163 0.21444792 0.80962835 0.46018892 -0.05376025 0.88619666 0.30197565 -0.20822395 0.93029966 0 -0.29761624 0.95469197 0 -0.24062903 0.97062649 0 -0.5619936 0.82714604 -0.34409831 -0.48875394 0.80170081 -0.27662741 -0.08194998 0.95747837 -0.64644262 -0.24479916 0.7226311 -0.42726092 0.09537227 0.89909433 -0.79323859 0.12289027 0.59638208 -0.46965628 0.32545779 0.82068269 -0.72631479 0.51260715 0.45793389 -0.38569738 0.54640543 0.74342663 -0.42183321 0.8259214 0.37404777 -0.18835388 0.59653973 0.78017277 0 0.74510742 0.66694907 0 0.88563172 0.4643976 -0.00000104 0.31498678 0.94910272 0.90509184 -0.26705786 -0.33089878 0.79195942 -0.34689768 0.50246369 0.90272434 -0.29065072 0.31721188 0.94938834 0.1719969 -0.26283255 0.02665322 0.81664549 -0.57652628 0.72165097 0.28794848 -0.629545 0.95300504 0.29557627 0.06655392 0.81097488 -0.24236084 -0.53252774 0.85957049 -0.46657096 -0.20849951 0.99321666 0.08370046 -0.08077988 0.97606226 0.21140585 -0.05118686 0.89010708 -0.45558854 0.01283676 0.97082736 0.15360653 -0.18414486 0.92224534 -0.31470258 0.22458392 0.905683 0.11296125 -0.40864702 0.86189543 -0.09848405 0.49743821 0.94135036 -0.16771303 -0.29280993 0.75071562 0.32967962 0.57250392 0.98014148 -0.1975643 0.01744323 0.88302074 0.40794881 0.23209333 0.96653386 -0.2068531 0.1517415 0.96035512 0.27874603 0.00645934 0.95145216 -0.20159984 0.23260146 0.13599848 0.5346952 -0.83403413 0.09329003 -0.1981965 -0.97572132 -0.06282727 0.29276752 -0.95412507 -0.06186501 -0.89404981 -0.44368564 -0.10475285 -0.27368423 -0.9561012 0.03905194 -0.95181545 0.30418999 -0.00161981 -0.50926643 0.86061732 0.01384473 0.01003094 0.99985506 0.02000815 0.51927494 0.85438095 -0.03241952 0.91811307 0.39499857 0.07599392 0.97414656 -0.21276732 -0.76551671 -0.19629362 -0.61275783 -0.7918296 0.22888897 -0.56624895 -0.83390628 0.36734237 -0.41191002 -0.93324955 -0.18949381 -0.30520431 -0.90808978 -0.4174919 0.03289295 -0.87367527 -0.40445327 0.27041843 -0.83007543 -0.26785042 0.48912754 -0.85040437 0.09381661 0.51771968 -0.85552149 0.41789361 0.30569918 -0.86576746 0.4910975 -0.09629681 -0.87098984 0.36551915 -0.3283209 -0.98455842 -0.16588374 -0.05594192 -0.95327838 -0.28922587 0.08726854 -0.81685756 0.36279894 0.44847714 -0.96288433 0.18273699 0.19867305 -0.91237189 0.32171856 0.25313755 -0.97989674 0.16933806 0.10549993 -0.98962881 0.14354173 0.00653263 -0.96796443 0.14216639 -0.20697034 -0.95279749 -0.02169314 -0.30283998 -0.97260948 -0.09741069 -0.21108451 -0.98574026 -0.09420802 -0.13946938 -0.00158452 -0.83041267 -0.55715048 -0.44670682 0.8663523 0.22336646 -0.31770943 0.80127649 0.50698274 -0.65641341 0.57760339 0.48529365 -0.79155834 0.54365676 0.27908482 -0.75209917 0.21138538 0.62424144 -0.91839166 0.22323633 0.32670183 -0.83826093 -0.18065354 0.51448071 -0.62959519 -0.14362592 0.76354129 -0.54158669 -0.50797659 0.66981271 -0.33769189 -0.35330652 0.87243901 -0.30331285 0.67469832 0.67290214 -0.48370042 0.48065614 0.73144472 -0.54637163 0.21444789 0.80962853 -0.46019294 -0.05375749 0.88619743 -0.30198003 -0.20822195 0.93030061 0.34409933 -0.48874389 0.80170964 0.27662562 -0.08194034 0.95747974 0.64644018 -0.24479022 0.72263259 0.42725976 0.09537339 0.89909606 0.79323859 0.12289032 0.59638202 0.4696496 0.32545562 0.82067774 0.72631759 0.51260435 0.457935 0.38569565 0.54640299 0.74343569 0.42183321 0.82591639 0.37405793 0.18835078 0.5965358 0.7801832 -0.0901349 -0.02167367 -0.99569651 -0.14713936 -0.40802004 -0.90105142 -0.10876591 -0.34116922 -0.93369152 -0.04906349 0.34875081 -0.93593975 -0.03184996 0.60989466 -0.79184867 -0.04118326 0.59718013 -0.80106197 0 0.68392083 -0.72956205 0 0.74171121 -0.67072055 -0.18744662 0.66908851 -0.71916027 -0.34090264 0.05374085 -0.93856873 0 0.41029264 -0.91196169 0 0.41600864 -0.90936663 -0.25781545 0.40809743 -0.87578301 -0.3306496 0.60705629 -0.72260345 0 -0.09237023 -0.99572613 -0.41598069 -0.09033033 -0.90487881 -0.30231879 -0.09800947 -0.94815489 0 -0.080518 -0.99676015 0 0.76536614 -0.64359608 -0.19587119 0.7655334 -0.61286637 0 0.7506503 -0.66070649 0 -0.40407576 -0.91472973 -0.2015901 -0.46740185 -0.86075817 0 -0.25764086 -0.96624257 0.68647924 0.72585232 0.04356682 0.68647924 0.72585232 0.04356682 0.68647924 0.72585232 0.04356682 0.94530191 -0.23742261 -0.22374666 0.94530191 -0.23742261 -0.22374666 0.94530191 -0.23742261 -0.22374666 0.49113535 -0.21062852 -0.84523849 0.49113535 -0.21062852 -0.84523849 0.49113535 -0.21062852 -0.84523849 0.17066183 0.78886444 -0.59040761 0.17066183 0.78886444 -0.59040761 0.17066183 0.78886444 -0.59040761 0.34090222 0.05371925 -0.93857338 0.18744505 0.66908702 -0.71916706 0.33064888 0.60705802 -0.72260321 0.25781545 0.40809752 -0.87578307 0.30231796 -0.09801718 -0.94815441 0.41598131 -0.09033223 -0.90487881 0.1958688 0.76553304 -0.61286005 0.2015901 -0.46740167 -0.86075817 -0.68647918 0.72585262 0.04356663 -0.68647918 0.72585262 0.04356663 -0.68647918 0.72585262 0.04356663 -0.94530191 -0.23742174 -0.2237468 -0.94530191 -0.23742174 -0.2237468 -0.94530191 -0.23742174 -0.2237468 -0.49114355 -0.21062959 -0.84523569 -0.49114355 -0.21062959 -0.84523569 -0.49114355 -0.21062959 -0.84523569 -0.17066354 0.78886283 -0.59040397 -0.17066354 0.78886283 -0.59040397 -0.17066354 0.78886283 -0.59040397 0.37743585 0.73458821 -0.56386327 0.37743585 0.73458821 -0.56386327 0.37743585 0.73458821 -0.56386327 -0.41772195 0.70307881 -0.57550311 -0.41772195 0.70307881 -0.57550311 -0.41772195 0.70307881 -0.57550311 -0.46876161 -0.1988784 -0.86065088 -0.46876161 -0.1988784 -0.86065088 -0.46876161 -0.1988784 -0.86065088 0.49137472 -0.22014884 -0.84267042 0.49137472 -0.22014884 -0.84267042 0.49137472 -0.22014884 -0.84267042 0.91839166 0.22323603 0.32670186 -0.28598049 0.74080075 0.60781327 -0.28598049 0.74080075 0.60781327 -0.28598049 0.74080075 0.60781327 -0.70302624 -0.20093698 0.68220017 -0.70302624 -0.20093698 0.68220017 -0.70302624 -0.20093698 0.68220017 -0.9872885 -0.15567559 -0.03219399 -0.9872885 -0.15567559 -0.03219399 -0.9872885 -0.15567559 -0.03219399 -0.54615205 0.8212087 -0.16534258 -0.54615205 0.8212087 -0.16534258 -0.54615205 0.8212087 -0.16534258 0.28597774 0.74079711 0.60781381 0.28597774 0.74079711 0.60781381 0.28597774 0.74079711 0.60781381 0.70301587 -0.20093576 0.68220136 0.70301587 -0.20093576 0.68220136 0.70301587 -0.20093576 0.68220136 0.9872885 -0.15567377 -0.03221169 0.9872885 -0.15567377 -0.03221169 0.9872885 -0.15567377 -0.03221169 0.54615205 0.82120566 -0.16535171 0.54615205 0.82120566 -0.16535171 0.54615205 0.82120566 -0.16535171 0.67594799 -0.16600961 0.71801848 0.67624769 0.27142515 0.68485859 0.72640706 -0.05147507 0.68534264 0.56811332 -0.44688006 0.69105193 0.6037409 0.33337392 0.7241332 0.57176715 0.36598317 0.7342679 0.57935458 0.3406309 0.7404939 0.58130645 0.31954832 0.74831373 0.4396049 0.74622334 0.49989932 0.39645897 0.50302207 0.76798875 0.54036694 0.65866599 0.52361953 0.38121898 0.8373556 0.39180069 0.6838567 -0.71274257 0.15602956 0.55791259 -0.57051372 0.6027092 0.58262449 -0.67655256 0.45036872 0.67775115 -0.71911544 0.1533866 0.70905197 -0.68978688 -0.14645749 0.68172559 -0.67505774 -0.28204631 0.76525522 0.08338504 -0.63830623 0.44374921 -0.62716076 -0.64012316 0.51396363 0.82167892 0.24634611 0.31281151 0.85656856 0.41043137 0.40750228 0.83090751 0.37886052 0.53947049 0.82308756 0.17750572 0.52973169 0.84805654 -0.0136824 0.5156691 0.84563552 -0.13782666 0.41984301 0.82084261 -0.38724811 0.64177904 0.55619263 -0.52799713 0.86961262 0.40032803 0.28901058 0.65103034 0.39237295 0.64978293 0.74814505 0.40432771 0.52612853 0.90560748 0.38931726 0.16826452 0.88360254 0.35484059 -0.30552648 0.91218956 0.38544737 -0.1391267 0.6164386 0.35194726 -0.70437295 0.17082038 0.78829367 0.59112084 -0.0628739 0.80767129 0.58627778 -0.05394406 0.79626466 0.60254279 0.14036062 0.8166006 0.5598886 0.5158469 0.74117345 0.42962028 0.5787931 0.6528298 0.48869475 0.63222447 0.74399055 0.21627779 0.60814986 0.78553773 0.11441245 0.62876132 0.77628148 -0.04533945 0.62321291 0.76884753 -0.14313115 0.45606952 0.71892423 -0.52455878 0.69676736 -0.11864991 -0.70742709 0.95341518 -0.22371166 -0.20238819 0.91089292 -0.17067299 -0.37569822 0.69976429 -0.07608862 -0.71032042 0.93179359 -0.29099613 0.21701124 0.96746649 -0.23598623 0.09127025 0.71461893 -0.36424287 0.59719968 0.82399539 -0.30459003 0.47776617 0.28776219 -0.37848656 0.87974684 0.30115093 -0.33812912 0.89161973 -0.04655948 -0.27937933 0.95905503 -0.04511527 -0.27358805 0.96079948 -0.67594466 -0.16601325 0.71801115 -0.56811446 -0.44687917 0.6910489 -0.726407 -0.05148456 0.68534038 -0.67625079 0.27140852 0.68485919 -0.57935267 0.34062867 0.74048931 -0.57176762 0.36598246 0.73426981 -0.60374066 0.33337389 0.72412879 -0.58131545 0.31955378 0.7483067 -0.54036593 0.65865705 0.52362215 -0.39645173 0.5030083 0.76799733 -0.43960707 0.74622471 0.49990617 -0.38122131 0.83735774 0.39180292 -0.68385437 -0.71274782 0.15603035 -0.67775115 -0.71911646 0.15338875 -0.58262449 -0.67655292 0.45036711 -0.55791485 -0.57051265 0.60270777 -0.70903987 -0.6897929 -0.14645576 -0.68172202 -0.67506418 -0.28204673 -0.76528097 0.08335834 -0.63828758 -0.44375723 -0.62715915 -0.64012876 -0.5139659 0.82167731 0.2463448 -0.5394653 0.8230894 0.17750559 -0.40750601 0.83090787 0.37886069 -0.31281076 0.85656373 0.4104309 -0.52972584 0.84806733 -0.01367819 -0.51565629 0.84564368 -0.13782106 -0.41983764 0.82084684 -0.38724442 -0.64177969 0.55619478 -0.52799403 -0.74814469 0.40432845 0.52612572 -0.65102962 0.39237233 0.64978048 -0.86961137 0.40032803 0.28900933 -0.90560748 0.38931735 0.16826461 -0.91218962 0.38544752 -0.13912664 -0.88359861 0.35483621 -0.30552356 -0.61644319 0.35194464 -0.70437277 0.05394407 0.7962649 0.60254303 0.06287388 0.80767135 0.58627784 -0.17082264 0.78829146 0.59112328 -0.14036062 0.81660108 0.55988884 -0.57880109 0.65281162 0.48869952 -0.51585751 0.74116624 0.42962648 -0.63223973 0.74397958 0.2162841 -0.60815439 0.78553612 0.11441488 -0.62875608 0.7762856 -0.04533832 -0.62327817 0.76878906 -0.14315071 -0.45613827 0.71888632 -0.52455151 -0.91088994 -0.17069929 -0.37569765 -0.95341667 -0.22371862 -0.20238853 -0.69676093 -0.11866204 -0.70742298 -0.69975588 -0.07611116 -0.71031678 -0.967465 -0.235975 0.09127018 -0.93179174 -0.29098546 0.21700919 -0.82399128 -0.30460079 0.47776305 -0.71461303 -0.3642628 0.59719699 -0.30114905 -0.33813764 0.8916186 -0.28776219 -0.37848629 0.87974684 0.04511527 -0.27358805 0.9607993 0.04655948 -0.27937933 0.95905491 0.24810963 0.80881701 0.53316176 -0.0060356 0.83800362 0.54563683 -0.01733403 0.87516884 0.48351996 0.57258772 0.6588122 -0.48797609 0.76995546 0.4279482 -0.47332757 0.75038702 0.63996169 -0.16546551 0.5509004 0.82254426 -0.14122934 0.44230511 0.89469706 0.06231931 0.56172531 0.3077179 -0.76796789 0.69954709 0.23362993 -0.67531928 0.02666228 0.22272003 -0.97452499 -0.00000397 -0.00516955 -0.99999168 0.42182254 0.04595809 -0.90551629 -0.19026394 0.81108396 -0.55312264 -0.63334248 0.58763587 -0.50356107 -0.22097785 0.60137966 -0.76780338 -0.51085227 0.27368718 -0.8149399 0.19649107 0.61480489 -0.76381988 -0.44412433 0.89345943 0.06706467 -0.51761734 0.83082794 -0.2044569 -0.16362503 0.97388204 -0.15746839 -0.09368549 0.98768767 0.12529505 -0.74621177 0.64276812 -0.17327646 -0.78736819 0.4603505 -0.41004204 -0.75132603 0.23248317 -0.61763248 -0.40592935 -0.01949266 -0.91370108 0.13161219 0.98477205 0.11364398 0.19835455 0.97387465 -0.11058807 0.14886121 0.83883045 -0.52365553 -0.61010531 0.65664515 0.44339364 -0.61633286 0.64619443 0.45008349 -0.37222199 0.75313724 0.54243934 -0.90573682 0.413718 0.09208657 -0.95374801 0.24844582 -0.16925422 -0.95415749 0.23272457 -0.18822391 -0.86810987 0.45301237 0.20290416 -0.89987891 0.03776852 -0.43450188 -0.82567559 -0.03624856 -0.56298607 -0.61722979 -0.19412932 -0.76246185 -0.44347184 -0.28204777 -0.85075925 0.00001226 -0.37414895 -0.92737176 -0.00000972 -0.40024542 -0.91641207 0.15035 -0.78761692 -0.59754288 -0.76788349 -0.61139289 -0.19121264 0.00129072 -0.71957368 0.69442997 -0.88438927 0.211082 0.41630774 0.14896339 0.55908614 0.81562273 0.99723079 -0.05306377 0.05216115 -0.6099039 0.15971346 -0.77622402 0.35491957 0.02481065 -0.93457599 -0.50366848 0.85928695 -0.08915899 0.35780965 0.93368449 0.01486694 0.6870344 0.52242505 -0.50505089 0.00003574 0.71871746 -0.69530967 -0.30869673 -0.45933881 0.83289663 0.00011371 -0.40420472 0.91467406 0.00145232 -0.78173322 0.62362251 -0.49795472 -0.54141545 0.67743674 -0.54375702 -0.65367738 0.52634716 -0.51034599 -0.7777378 0.36699147 -0.34954737 -0.90243121 0.25189056 0.00031282 -0.98031016 0.19747807 0.35136624 -0.9024712 0.24920387 0.54799062 -0.65166566 0.52444261 0.51395666 -0.77678127 0.36395253 0.50142109 -0.53873306 0.67701516 0.31026728 -0.45734771 0.83341114 0.61749765 0.64550761 0.44946282 0.61073062 0.65606925 0.44338219 0.95415755 0.23272454 -0.18822382 0.95374801 0.24844576 -0.16925403 0.90573688 0.41371789 0.0920866 0.86810987 0.45301228 0.20290411 0.82567559 -0.03624856 -0.56298607 0.89987891 0.03776852 -0.43450188 0.61724743 -0.19411801 -0.76244903 0.44348439 -0.28200194 -0.85076343 -0.46287092 -0.61158481 -0.64165941 0.1496296 0.14941896 -0.97738977 0.09154504 0.15235328 -0.98408308 -0.74339259 -0.61041615 0.27343675 0.50567328 0.86251549 0.01950151 -0.28590857 0.11137645 0.95177015 0.06412258 0.51836419 0.85276483 0.48622327 0.87384139 -0.0000369 -0.67193034 -0.61281785 0.41589363 0.57494223 0.06381045 -0.81570415 -0.29352685 0.89050745 0.34762974 -0.94713362 -0.29972168 -0.11448588 0.74301184 0.64527223 0.17765274 0.75060011 0.58879786 0.29987007 -0.04385449 -0.31051485 -0.94956257 -0.93482925 -0.34831451 -0.06920195 -0.15637821 0.55205601 0.81901739 -0.4709654 0.28044637 0.83639686 -0.09154945 0.15236504 -0.98408135 -0.149634 0.1494168 -0.97738929 0.46287989 -0.61157635 -0.64166084 0.74340362 -0.61040995 0.27343019 -0.06411574 0.51835501 0.85276167 0.28592103 0.11136927 0.95176598 -0.5056746 0.86251007 0.019509 -0.48622279 0.87384443 -0.00002382 0.67194626 -0.61280963 0.4158886 0.94713285 -0.29974079 -0.11450148 0.29348147 0.89050989 0.34765656 -0.57498061 0.06384388 -0.81568388 -0.75058253 0.58880674 0.29989844 -0.74300117 0.64527503 0.17768063 0.04383082 -0.31051077 -0.94956209 0.93480875 -0.34834625 -0.06919908 0.47097312 0.2804332 0.83640109 0.15637557 0.55205637 0.81901543</float_array>
          
            <technique_common>
              <accessor source="#Obelix_geom_normals_array" count="2011" stride="3">
                <param name="X" type="float"/>
                <param name="Y" type="float"/>
                <param name="Z" type="float"/>
              </accessor>
            </technique_common>
          </source>
        
          <source id="Obelix_geom_tangents" name="tangents">
            <float_array id="Obelix_geom_tangents_array" count="6033">-0.97626628 0.10502981 -0.18944697 -0.9770564 -0.12914706 0.1693709 -0.89459126 0.2058708 -0.39665885 0.78689105 -0.51725518 0.33654742 0.88772432 -0.44306739 0.12511032 0.92799195 -0.37260495 -0.00158926 -0.93389698 -0.14917564 0.32494195 -0.78690256 -0.51723784 0.33653213 -0.99914613 -0.02522284 0.03282697 -0.70714927 -0.00367189 -0.7070554 0.97815861 0.04723236 -0.20245253 0.9729863 0.23085713 -0.00353975 0.89728682 0.05399956 -0.43814846 0.86794631 -0.03021711 -0.49574348 0.70715178 -0.00364434 -0.70705307 -0.89728831 0.05400179 -0.43814566 0.8483694 -0.52885919 0.02429207 -0.84291915 -0.53787267 0.01364246 0.67814681 0.20275979 -0.70641226 -0.67813697 0.20276271 -0.70641238 0.58675331 0.12852479 0.79950656 0.37668876 0.20587226 0.90317358 0.56339335 0.16271404 0.81001667 0.24068225 0.57353943 0.78303195 0.13303626 0.39170624 0.91042449 -0.08897173 0.60265741 0.79303081 0.16305068 -0.66807035 0.72601701 0.17119021 -0.56136059 0.80968122 0.14844581 -0.52342677 0.83904408 0.6464884 -0.44632267 0.61875787 0.65601334 -0.43209471 0.61882237 0.73598105 -0.36317743 0.57135748 0.50051552 -0.8293911 0.24819779 0.271459 -0.75445844 0.59758657 0.22903918 -0.94455924 0.23528764 0.45999714 -0.60962829 0.64557788 0.32710729 0.22947111 0.91670557 0.05767561 -0.80726842 0.58736348 0.17845062 0.30730067 0.93473877 0.7063166 -0.42920308 0.56294304 0.49447506 -0.51757836 0.69828877 0.50095796 -0.51456636 0.69589583 0.54829341 -0.21247465 0.8088517 0.39703725 -0.50969332 0.76328147 0.44306882 -0.48348155 0.75494135 0.48073663 -0.45688801 0.74842966 0.56040454 -0.43783458 0.70303369 0.47396411 -0.68882153 0.54853349 -0.0780379 -0.75022317 0.65657244 -0.07356565 -0.80635713 0.58683818 0.15375298 -0.43459838 0.88740598 0.16630619 -0.42998843 0.88738589 0.09075931 -0.37178634 0.92387511 -0.01210856 -0.04812709 0.99877378 0.05157637 -0.06706167 0.99641832 0.1930042 -0.29760131 0.93498554 0.71488918 -0.1619772 0.68022123 0.71961404 -0.15360827 0.6771811 0.79471971 -0.09451318 0.59957975 -0.45888638 -0.20868341 0.86364882 -0.54404735 -0.06245323 0.83672885 -0.12812426 0.13400483 0.98266967 -0.10954458 0.07949364 0.9908007 0.55129218 -0.20582238 0.80853127 -0.36931933 -0.17845201 0.91201581 -0.2830187 -0.58572793 0.75948972 -0.35183628 -0.23641408 0.90572031 -0.43855091 -0.20534895 0.87493966 -0.30089138 -0.11957163 0.94613703 -0.30072449 -0.0932107 0.94914909 -0.73462094 -0.47372048 0.48573049 -0.78095586 -0.36173765 0.50918435 -0.42704596 -0.52754616 0.73439527 -0.1201723 -0.50342696 0.85564791 -0.5475915 0.29923909 0.78141839 -0.69806734 -0.69532761 0.17095719 -0.71894336 -0.69505242 -0.00534079 -0.50350296 -0.69109056 0.51855075 -0.25855639 -0.644384 0.7196731 -0.04649119 -0.94227662 0.33160524 0.16612082 -0.61827085 0.76821823 -0.3161935 -0.61326185 0.72383738 -0.17809669 -0.50880908 0.84225671 -0.41542946 -0.21072189 0.88488786 -0.38617752 -0.08850795 0.91817321 -0.38475849 -0.09498004 0.91812332 -0.60609469 -0.13100115 0.78453393 -0.54744696 0.20435549 0.81151466 -0.55945778 0.23472861 0.79493309 -0.31242789 0.05260145 0.94849058 -0.33561222 0.04997826 0.94067742 -0.34058671 0.19390513 0.92000463 -0.32710029 0.2294729 0.91671278 -0.4425516 0.11864678 0.88886015 -0.50868481 0.42972811 0.74604828 -0.29766136 0.69485161 0.65466014 -0.18216866 0.70526177 0.68514422 -0.06479972 0.35500528 0.93261745 0.16214378 -0.41679042 0.89442478 0.30356712 -0.59487361 0.74429638 0.22170577 -0.44649475 0.86688916 0.33457269 -0.2840982 0.89853011 0.37025894 -0.32623587 0.8697636 -0.31342272 -0.92764612 0.20310158 -0.6248779 -0.74350435 0.23818582 -0.23909827 -0.92546489 0.2938756 -0.40592556 -0.14061877 0.9030294 -0.45998888 -0.60963413 0.64557329 -0.79053349 -0.05057595 0.61033037 -0.71759696 -0.11807837 0.68638048 -0.81474374 -0.26378211 0.51634717 -0.51148873 -0.46749037 0.72100324 -0.51518291 -0.46978479 0.7168628 -0.54850018 -0.18652962 0.81508575 -0.55325609 -0.18841116 0.81142662 0.61943302 -0.25097581 0.7438528 0.72481216 -0.52812838 0.44241564 -0.54760336 -0.38582416 0.74248488 -0.47551753 -0.39989208 0.78357382 -0.42744141 -0.43294763 0.79363776 -0.44805257 -0.7220955 0.52710497 0.10901198 -0.69082144 0.71476639 0.10130153 -0.85593109 0.50708371 -0.19313192 -0.39079856 0.89999132 -0.16455081 -0.36319531 0.91706743 -0.27459963 -0.37625582 0.88489233 -0.07458547 -0.22175451 0.9722512 0.18832129 -0.0249662 0.98179658 0.68841186 -0.22411453 0.68983349 0.73152918 -0.48140149 0.48283201 0.45124679 0.01521375 0.8922755 0.43258168 -0.0122875 0.90151664 0.16273549 0.36046861 0.9184676 0.12393123 0.55442792 0.82295273 0.18797644 0.38623203 0.90304913 -0.21075205 0.01422537 0.97744115 -0.07130486 0.04970476 0.99621787 -0.06513697 -0.46333348 0.88379531 0.00550404 -0.64671561 0.76271785 -0.11844772 -0.78661133 0.605993 -0.0702916 0.28438651 0.95613434 -0.03536836 0.36628915 0.92983093 -0.05571188 0.28338962 0.9573858 0.00581517 -0.44714095 0.89444541 0.19853806 0.81209437 0.54871797 0.20041283 0.80911289 0.55242437 0.22389931 0.77794916 0.58709007 -0.11396269 0.65570882 0.74636645 -0.10199553 0.70990492 0.69687441 0.03717553 0.06289322 0.99732777 0.00587592 -0.10190273 0.99478044 0.00578242 0.31304149 0.94972797 -0.22007724 0.33522312 0.91607787 -0.10415325 -0.32222153 0.94092496 -0.01557396 0.73589534 0.67692325 -0.03139412 0.71566869 0.69774762 0.01241627 0.78437752 0.6201621 -0.03717552 0.06289322 0.99732777 0.22007858 0.33522622 0.9160759 0.21954045 -0.86462544 0.45192899 0.25351768 -0.88293801 0.39517336 0.48971652 -0.59760052 0.6348699 -0.15229351 0.36192779 0.91968318 0.24580158 -0.68661019 0.68421826 0.28053218 -0.3870423 0.87835245 0.65667096 -0.04677978 0.75273843 0.51968437 -0.61611554 0.59189248 -0.39703562 -0.50968652 0.76327122 0.34914182 -0.23279316 -0.90769901 0.40983086 -0.23675709 -0.88090597 0.600162 -0.69558654 0.39493276 0.9587697 0.19146992 -0.21000198 0.59721291 -0.28999838 -0.7478307 0.43517666 -0.49514832 -0.7519638 0.33837767 -0.3170086 -0.88600759 0.96416255 -0.15015816 -0.21876619 0.45880943 -0.22419367 0.85979568 -0.72161341 -0.13477852 0.67906252 -0.73404659 -0.33100377 0.59297091 -0.62397775 -0.41471686 0.6623185 -0.62696037 -0.4334728 0.64732823 -0.33308612 -0.33529429 -0.88127504 -0.33838866 -0.31700946 -0.8860058 -0.41304873 -0.31381936 -0.85493468 -0.59720999 -0.28999194 -0.74783558 -0.43519266 -0.49515068 -0.7519613 -0.9587697 0.19147022 -0.21000171 -0.84078877 0.12684443 -0.52630364 0.54898113 0.83386879 0.05735623 0.52111232 0.84692405 0.10567368 0.54898113 0.83386879 0.05735623 -0.41845046 0.89063941 0.17795258 -0.38620083 0.89455138 0.225068 -0.41845046 0.89063941 0.17795258 0.94355889 0.11558893 0.31040166 0.94354339 0.11560456 0.31044306 0.94355889 0.11558893 0.31040166 0.94357397 0.11559028 0.31035368 0.94354727 -0.11560049 -0.31043117 0.94354328 -0.11560454 -0.31044189 0.94354727 -0.11560049 -0.31043117 0.9435521 -0.11559652 -0.31042073 0.67267504 0.73539764 0.0819268 -0.55238634 0.80889021 0.20146874 0.26220288 -0.2705087 0.9263288 0.97912295 0.00677921 -0.20316996 0.97613116 -0.1138579 0.18496218 0.97757139 0.09878008 0.18601994 0.74690724 -0.1412505 -0.64976058 0.35682871 0.27732234 0.89206825 0.50094282 0.55732864 0.66215858 -0.31050123 0.19821064 0.92967846 -0.14744986 0.34773134 0.92593189 -0.5703026 0.09810065 0.81556044 -0.57441526 0.09534372 0.81299816 0.98389479 -0.17760023 -0.02057593 0.93761708 0.21892633 0.27009629 0.85145907 -0.28083947 0.44290226 0.99062636 -0.13659004 -0.00402817 0.29421615 0.34473587 0.89140533 0.12654438 0.23191022 0.96447529 0.46411701 -0.16471464 -0.87033079 -0.3261839 -0.38929631 -0.86143367 -0.28220742 0.36322875 0.88794063 0.28070422 -0.12255079 0.95194056 -0.78555239 0.24373392 0.56877184 0.95668866 -0.19632612 0.21495519 -0.79532916 0.07446987 0.6015946 -0.62798646 -0.06880095 0.77518118 0.88484459 0.05531749 0.46260448 0.69583664 -0.15973343 0.7002157 0.99768695 0.05786522 -0.03587598 0.98111214 0.18671308 0.05072318 0.72329349 -0.49982565 -0.47647591 0.468672 0.50521397 0.72465599 0.29867154 -0.53446608 -0.79066552 -0.91715415 -0.07483752 -0.39145638 -0.91416456 -0.11910208 -0.3874708 -0.985509 -0.0938131 -0.14134205 -0.98381486 -0.05725902 -0.16981258 -0.71898378 0.59236586 -0.3635595 -0.76589073 0.49377268 -0.4118348 -0.73170776 0.61925891 -0.28486522 0.38124339 0.91817446 -0.10776736 0.32753296 0.94369276 -0.04664352 0.48285704 0.86387871 -0.1434473 0.39065345 0.92010852 -0.02832983 0.55680156 0.8201804 0.13144075 0.5063796 -0.57849812 -0.63947383 -0.17091131 -0.57196927 -0.80227487 -0.25533032 -0.41468157 -0.87341521 0.41891502 -0.79941399 -0.43064268 0.03859832 -0.99848815 0.0391929 -0.40469836 -0.90144088 0.15373832 0.68830225 -0.71851588 0.09992687 0.90404739 -0.35053016 0.24462219 -0.33620159 0.70147861 0.62840876 -0.29275444 0.72969557 0.61794403 -0.25309106 0.75184567 0.60883442 -0.3565483 0.6167492 0.70178188 -0.4725671 0.56626659 0.67530552 -0.4725769 0.56627619 0.67528972 0.34125261 -0.22905739 0.91164168 0.3412561 -0.22905496 0.91164102 0.34125261 -0.22905739 0.91164168 0.34125589 -0.22906987 0.91164102 0.99442788 0.01233627 0.10471583 0.99245336 0.03503268 0.11756366 0.99551555 0.00588667 0.09445066 0.98458399 0.08293796 0.1540761 -0.98161592 -0.04872123 -0.18456636 -0.9840581 0.00835738 -0.17767163 -0.97803875 -0.12776993 -0.16466808 -0.99409207 -0.08745977 0.06430575 -0.94313683 0.14489689 0.29917147 -0.9196442 0.03265242 0.39140679 -0.97053875 0.11248004 0.21312574 -0.95500954 -0.09930686 0.27947964 -0.98755284 -0.02453352 0.15537822 -0.92367341 -0.03770292 0.38133828 0.31313772 0.14798556 0.93811109 0.3005398 0.06926262 0.95125254 0.6539853 -0.07286058 0.7529924 0.6058149 -0.13827808 0.78350485 -0.20551077 0.10545155 0.97296454 -0.21245284 0.05229976 0.97577186 -0.23240166 0.016006 0.97249253 0.21687018 -0.01741762 0.97605326 0.89772181 -0.13976651 0.41782211 0.88203208 0.00030593 0.47119682 0.37614538 0.15556149 0.91341068 -0.41780888 0.05026908 0.90714677 -0.58615684 0.10066947 0.80392442 -0.90360792 0.00933305 0.42826076 -0.2161675 -0.14996114 0.96477367 0.22664235 -0.05515827 0.97242238 0.67834213 0.05551346 0.73264862 0.67826346 -0.01250226 0.73472197 0.14217038 -0.01264343 0.98976686 -0.18539294 -0.18975071 0.96417304 -0.54952508 -0.81857 0.16725288 -0.54175251 -0.81290094 0.21378054 -0.54512739 -0.81660138 0.18977153 -0.90285106 0.21237446 0.37384896 -0.60807082 0.13853858 0.78170867 -0.63126841 -0.08740708 0.77062369 -0.57531946 -0.04948389 0.81643794 0.9462706 0.04387647 0.32040544 0.91483112 -0.00787801 0.40377511 0.92264082 -0.08095169 0.37708746 0.99185904 -0.0247503 0.12493729 0.99221119 -0.07130677 0.10217781 0.98918249 0.02606378 0.14437666 0.98762228 0 0.15686054 0.7184096 -0.00087261 -0.69562188 0.71840907 0 -0.69562355 0.71840925 -0.00013006 -0.69562337 -0.28777971 -0.0020526 -0.95769741 0.38747592 0.00034722 -0.92188628 0.3874761 0.00030097 -0.92188628 0.38747565 0.00051346 -0.92188628 -0.10867065 0.00000463 -0.99408051 -0.10867021 -0.00021067 -0.99408051 0.97070249 0.14426097 -0.19218155 0.91662552 -0.33558376 0.21724994 0.934231 0.34042637 0.10642799 0.24379054 0.96973385 0.01352542 0.29042962 0.95671614 0.01882802 0.30205582 -0.00075331 -0.95329931 0.30205802 -0.00171432 -0.95329609 -0.00188183 -0.00419288 0.99999335 0.9887497 0.07305727 -0.13056416 0.99839326 0.03691909 0.04313932 0.98384925 0.17411663 0.04155163 0.81149874 0.57655316 -0.09517731 0.99102714 -0.00450165 -0.13363827 0.98457595 -0.08293727 -0.15407487 0.9941928 -0.09667715 0.04732031 -0.98391457 -0.01489061 -0.17803823 -0.98113652 0.0396742 -0.18923616 -0.983305 0.01633666 -0.18126317 -0.96767433 0.11664447 -0.223614 -0.99170836 0 -0.12853053 -0.95478132 0.09393414 -0.2820872 -0.99055018 0.0209575 -0.1355867 0.3106143 -0.14425907 -0.93952658 0.60581759 0.13827724 -0.78350175 0.65318934 0.07534762 -0.75344641 0.30053545 -0.06926206 -0.95125367 -0.21981182 -0.03546283 -0.97490223 -0.20551345 -0.10544795 -0.97296413 0.21686716 0.01741712 -0.97604801 -0.232402 -0.01600609 -0.97249402 0.94747498 0.04499777 -0.31667314 0.91583933 -0.0459682 -0.3989185 0.37614934 -0.15556219 -0.91340675 -0.41780152 -0.05027041 -0.90714713 -0.82555155 0.22522325 -0.51744902 -0.90361293 -0.00933298 -0.42826327 0.22788843 0.06121815 -0.97176768 -0.21480785 0.155835 -0.96414616 0.6782603 0.01250171 -0.7347228 0.67777333 -0.05821122 -0.73297144 0.16193135 0.06928534 -0.9843724 -0.18539777 0.18974976 -0.96417662 -0.51445305 0.8365355 -0.18854193 -0.51070827 0.83240591 -0.21518028 0.16875506 0.0370326 -0.98496266 0.23091897 -0.09860368 -0.96797164 -0.10240723 0.11881415 -0.98762854 -0.2058539 0.06796255 -0.97622337 0.06724693 -0.04059459 -0.99691208 -0.00768572 0.07285937 -0.99731692 -0.29233643 0.02778706 -0.95591577 -0.65617243 0.09408835 -0.74872685 -0.79507102 0.49112018 -0.35591124 -0.76548589 0.42701038 -0.48135378 -0.74036778 0.44186427 -0.50657159 -0.90725972 -0.08601197 -0.4116831 -0.6080707 -0.1385385 -0.7817073 -0.6246393 0.18564419 -0.75853665 -0.5753166 0.04948556 -0.81643896 0.91482874 0.00787796 -0.40377473 0.94341757 -0.0665874 -0.32487635 0.92263975 0.08095057 -0.37708752 -0.53264975 -0.09185723 -0.84134154 0.98965575 0.07241424 -0.12387975 0.99221208 0.07130719 -0.10217846 0.98917981 -0.02606376 -0.14437685 0.96787568 0.07979509 -0.23845052 -0.29443764 -0.9335443 -0.20450003 0.17452019 -0.91068973 0.37443362 -0.05329134 -0.98181441 -0.18225775 0.36130668 -0.90115174 -0.23957805 -0.15487729 -0.6418151 -0.75106103 -0.18967743 -0.59464568 -0.78129829 0.03977906 -0.9923301 -0.11708211 -0.03667448 -0.99209174 -0.12010569 -0.07438635 -0.06029557 -0.99540754 -0.0830701 -0.07243332 -0.99391194 0.11613438 -0.73155034 0.67182621 0.163185 -0.73898245 0.65366903 0.10419717 -0.1213668 0.98712959 0.01677783 -0.15495522 0.98778089 0.07117076 -0.56783264 0.82006232 -0.02228862 -0.05377872 0.9983116 0.0422019 -0.57915294 -0.81412719 -0.20414192 -0.94919576 -0.23949199 -0.06876658 -0.94243481 -0.32724453 0.09714848 -0.53734976 -0.83774905 0.01298087 -0.81909238 0.57352447 -0.05428697 -0.41916405 0.90628674 -0.02811926 -0.48831048 0.87221823 -0.00201138 -0.87140368 0.49057909 0.13544477 -0.91102435 -0.38948871 -0.24935821 -0.63121411 -0.73443795 -0.20350661 -0.03868245 -0.97831102 0.21878207 -0.70741285 -0.67208818 -0.31334694 -0.89283525 -0.32351886 -0.21207123 -0.481678 0.85030399 0.12111905 -0.27507707 0.95376839 -0.09025086 -0.74791891 0.65763232 -0.16527065 -0.60541937 -0.77856476 -0.18570433 -0.98256018 -0.00949608 0.0864879 -0.70081664 -0.70808715 -0.36372311 -0.91767766 -0.15998269 -0.39677336 -0.65027294 -0.64786616 0.12345119 -0.87899385 0.46057772 0.2591257 -0.9545277 -0.14746685 0.05899426 -0.90248259 0.42666893 0.0173251 -0.81970154 -0.57253003 0.20882907 -0.97734411 0.03453017 0.06542266 -0.23622114 -0.9695002 0.19646945 -0.53775769 0.81989591 -0.11054511 -0.79516823 0.59622997 -0.62447897 -0.77961082 0.04732324 -0.18316435 -0.49008366 -0.85221969 -0.25311028 -0.70305992 -0.66456846 0.41611447 -0.86571573 -0.27820595 0.4536026 -0.84877704 -0.27171358 0.16952697 -0.73064072 -0.66138485 -0.39838065 -0.82128243 -0.40841516 0.54484158 -0.81640051 0.19144112 0.50737941 -0.84746532 0.15616285 0.2188553 0.82929991 -0.51416379 0.55351686 0.8293976 0.07574463 0.36393703 0.89697002 -0.2510156 0.21815037 0.82822697 -0.51619142 0.64899692 0.65980837 0.37878279 0.63880459 0.68858347 0.34320171 -0.25571218 0.94305362 0.21275986 -0.2602646 0.9451377 0.19743986 -0.13990917 0.77147628 0.62069699 -0.00236975 0.77611685 0.6305984 -0.0816905 0.94130923 -0.32752336 -0.2767285 0.929051 -0.24553467 0.33438356 0.92705431 0.1696154 0.43774893 0.75010938 0.49570709 0.4332109 0.76662267 0.47394954 0.40489285 0.86905555 -0.28426787 0.33386285 0.74674595 -0.57524907 0.16292466 0.85548835 -0.49154668 -0.40832334 -0.90175046 -0.14184029 -0.39047758 -0.87686763 0.28041496 -0.39210607 -0.86895607 0.30195267 0.28399056 -0.94736918 -0.14783653 0.40191009 -0.74238808 -0.53603565 0.36223258 -0.76584775 -0.53130251 -0.40133511 -0.6930202 -0.59888422 -0.44259401 -0.87810014 -0.18182422 -0.4368365 -0.87845312 -0.19366401 -0.36861236 -0.68905649 -0.62396625 -0.67100427 -0.71093697 0.21055677 -0.6712223 -0.71354843 0.20079092 -0.28445154 -0.9159285 -0.28312989 -0.4474365 -0.87896137 0.16505868 -0.44798013 -0.87842403 0.16643126 0.35815279 -0.93366226 -0.00440128 0.46558603 -0.78142882 -0.41545384 0.42536153 -0.81726555 -0.38877709 0.43185364 0.75432027 0.494486 0.59301436 0.78063006 0.19739437 0.29590746 0.63827148 0.71067751 0.2951273 0.63673958 0.71237422 0.64966944 0.75535924 -0.08580243 0.65752253 0.74370665 -0.12074126 -0.41893788 -0.86465113 -0.2772828 -0.48881497 -0.85561536 0.17027228 -0.49038842 -0.85308765 0.17825478 0.18709315 -0.97098364 -0.14899247 -0.00476575 -0.76566763 -0.64322886 0.25956115 -0.79035629 -0.55495614 0.47762551 0.84686361 -0.23388106 0.48287808 0.83638368 -0.25943744 0.37638117 0.92307933 0.07914944 0.42522018 0.76883031 0.4776014 0.4225169 0.54856842 0.72150273 0.25803902 0.69904569 0.66690722 0.90467342 -0.03736357 -0.42447539 0.65891818 0.12867522 -0.74113727 0.96285858 0.08941019 -0.25477728 0.93289854 0.05422537 -0.35603468 0.9933249 0.00106069 -0.11540725 0.98824652 0.01106205 -0.15248848 0.98463639 0.01202923 -0.17422035 0.97479727 0.09645834 -0.20117453 0.84051822 0.15457297 -0.51927673 0.81729917 0.16335085 -0.55258113 0.68814191 0.21223446 -0.69385085 0.62860289 -0.02263817 0.77740259 0.90467383 0.03736418 0.42447453 0.98929652 -0.05181792 0.13644176 0.98898741 0.025774 -0.14578972 0.93111261 -0.29176312 -0.21889757 0.81868981 -0.55074703 -0.16263997 0.386088 0.00918099 -0.92242201 0.5994786 0.14633195 -0.78691156 0.68807373 -0.29029029 0.6650559 0.56166613 -0.41114159 0.71798802 -0.27557065 0.00397132 0.96127286 -0.00064347 -0.32762842 0.94480737 -0.76738692 0.16401292 0.61985609 -0.75000174 0.08702721 0.65568594 0.70655919 0.0694412 0.70423926 0.90458097 -0.11169868 0.41141747 0.84973787 -0.06242894 0.52350068 0.51232981 0.21465091 0.8315392 -0.42263182 0.18202227 0.88783537 -0.75365467 0.03387208 0.65640965 0.86017995 0.05891065 0.50657957 0.50245952 0.0844985 0.86046712 0.46045222 -0.13733836 -0.87700693 0.60215697 -0.19817029 -0.77339441 0.46490823 0.25175714 0.84881286 0.39067342 0.24756462 0.88661842 0.97605516 0.18953874 0.1067553 0.97321822 -0.22484293 0.04788691 0.25309106 0.75184042 0.60884503 0.2927581 0.7296818 0.61795071 0.33620091 0.70147497 0.6284183 0.35654201 0.61675373 0.70178354 0.47256045 0.56627375 0.67530432 0.47255279 0.56628173 0.67529628 -0.3412594 -0.22906726 0.91164037 -0.34125607 -0.22906961 0.91164102 -0.3412594 -0.22906726 0.91164037 -0.34125604 -0.22905486 0.91164102 -0.7316869 -0.61927775 0.28486788 -0.7658769 -0.49378883 0.41184883 -0.71896435 -0.59238762 0.36355631 -0.1024105 -0.11881024 0.98762383 0.23097371 0.09862976 0.96794953 0.16879989 -0.03703294 0.9849576 -0.20585839 -0.06796325 0.97622587 0.06725207 0.04060586 0.99691208 -0.00768319 -0.07285279 0.99731901 -0.65617046 -0.09408069 0.74872685 -0.33971701 -0.00282267 0.94052966 -0.76548792 -0.42700781 0.48135256 -0.79507412 -0.4911169 0.35590859 -0.74037159 -0.44186657 0.50657415 -0.90726777 0.08601784 0.41167953 -0.532651 0.09186222 0.84134196 0.99331822 -0.00106075 0.11540548 0.93289955 -0.05422665 0.35603489 0.96285971 -0.08941038 0.25477632 0.98824426 -0.01106221 0.15248742 0.97479906 -0.09645504 0.20117774 0.98463817 -0.01202925 0.17422064 0.81149654 -0.15264147 0.56407624 0.84054463 -0.1546629 0.51919853 0.68816385 -0.21214094 0.69386003 0.9775972 -0.09664777 -0.18702475 0.97691955 0.10074405 -0.1883732 0.9749706 -0.01289237 0.22197256 0.74715001 0.13955794 0.64984039 0.50520205 -0.28100886 -0.81597458 0.37144597 -0.28821846 -0.88259326 -0.16058553 -0.28394114 -0.9453059 -0.2954359 -0.20050914 -0.9340901 0.52808403 0.24331602 0.81359576 0.56991779 0.0980536 0.81583296 0.85148333 0.27700224 -0.4452497 0.92429521 -0.22876442 -0.3055496 0.98383107 0.17846238 0.0153178 0.99690887 0.07859997 -0.00294446 0.12077823 -0.40626173 -0.90574684 0.30531452 -0.46603834 -0.83041827 -0.32419906 0.39127697 0.86128567 0.33423884 -0.09683237 0.9375083 0.28071176 0.12256049 -0.95193609 -0.2822045 -0.36322422 -0.88794313 0.78555632 0.24373523 0.5687744 0.96477576 0.12585288 -0.23101748 0.73899002 0.16686776 0.65272752 0.62799272 -0.06881043 0.77518029 0.88157295 -0.06621738 -0.46739461 0.69583211 0.15973082 -0.70022238 0.98432245 -0.13800778 0.10986976 0.72329683 0.4998289 0.47647737 0.98110708 -0.18671074 -0.05072271 0.46866073 -0.50520831 -0.72465963 0.36817108 0.47157793 0.80129342 0.38608788 -0.00918282 0.92241867 0.81868408 0.55074394 0.16263955 0.93110826 0.29176306 0.21889815 0.59947979 -0.14633332 0.78691024 0.56166613 0.41113879 -0.7179888 0.68806955 0.29029107 -0.66505882 -0.27557286 -0.0039691 -0.96127429 -0.00063636 0.32763041 -0.94481047 0.74591482 0.08872948 0.66011527 0.75000859 0.08702755 0.65568135 0.73727549 -0.18887744 -0.64866391 0.51232707 -0.2146539 -0.83154099 0.87717972 -0.07968693 -0.47351943 0.90457686 0.11169821 -0.41142683 0.75365228 0.03387112 0.65640161 0.41612228 0.12686598 0.90041782 0.85791169 -0.10617662 -0.50271868 0.50245344 -0.08450136 -0.86046867 0.60216001 0.19817434 0.77339358 0.46045943 0.13733723 0.8769993 0.39066516 -0.24757945 -0.88661973 0.46490254 -0.25177294 -0.84881483 0.97605504 -0.18954043 -0.10675459 0.93797465 0.34619595 -0.0189833 -0.11944645 -0.08229933 -0.98942991 -0.02743136 -0.06177941 -0.99771389 -0.10204815 -0.08104153 -0.99147435 -0.1101526 -0.2893486 -0.95087423 -0.34732853 0.53603053 -0.76943792 -0.44030397 0.32974438 -0.83511029 -0.30184231 0.57489752 -0.76051898 0.06548646 0.18378093 -0.98078551 0.46117072 0.32704694 -0.82484852 -0.34856765 -0.321939 -0.8802648 -0.18313273 -0.72651876 -0.66229955 -0.17050285 -0.86177443 -0.47778134 -0.31198253 -0.58822047 -0.74610103 0.083917 -0.23208763 -0.96907165 0.17009761 -0.11618322 -0.97855445 0.17327357 -0.13687932 -0.97531994 -0.23684078 -0.92928131 -0.28345873 -0.13889019 -0.82918589 -0.5414446 0.17809004 -0.12890601 -0.97553589 0.24302871 -0.07656408 -0.96699878 0.3689848 -0.14881007 -0.91745337 0.40112295 0.00616634 -0.91600486 0.38747849 0 -0.92189016 0.34446488 0.01877098 -0.93861802 0.42606594 -0.06545955 -0.90232082 -0.13993082 -0.05576622 -0.98858972 0.01039716 -0.01814153 -0.99978503 0.06399185 0.51297193 -0.85601895 -0.03025057 0.88120781 -0.47176363 0.06753832 0.84889321 -0.52423208 -0.05753092 0.16997817 -0.98376991 -0.13108573 0.49213832 -0.86059527 0.01620163 0.41186656 -0.91110357 -0.48150968 0.03553885 -0.87572483 -0.33151339 0 -0.94345232 0.23272379 0.96199562 -0.14286039 0.36109374 0.81835244 -0.44712361 0.10048387 0.12807936 -0.98666759 0.7681492 0.17071175 0.61710408 0.77230901 -0.19194263 -0.60555813 -0.48286386 0.8638718 -0.14343993 -0.32754023 0.94369217 -0.04664186 -0.38126127 0.9181691 -0.10776845 -0.55679965 0.82018189 0.13145121 -0.39065583 0.9201078 -0.02830778 -0.5063821 -0.57850181 -0.63946751 -0.41891103 -0.7994243 -0.43063616 0.25533863 -0.41466211 -0.87341742 0.17093045 -0.57195663 -0.80227701 -0.03859249 -0.99848773 0.03920638 0.40476574 -0.90140714 0.15373064 -0.90404512 -0.35053225 0.24462263 -0.68830201 -0.71851552 0.09992907 0.28778874 -0.00198454 -0.95769789 0.28779134 -0.00205262 -0.95769712 0.28779023 -0.00171651 -0.95769735 -0.71842337 0 -0.69562355 -0.38748671 0.00051348 -0.92188628 -0.38748716 0.00030098 -0.92188628 -0.38748698 0.00034725 -0.92188628 -0.10050458 0.000398 -0.99493685 0.10866413 -0.00021066 -0.99408051 -0.97090407 0.19524027 -0.13869343 -0.9342291 0.34043263 0.10643506 -0.91662492 -0.33558769 0.21725165 -0.28843846 0.95680841 0.03651754 -0.24379053 0.96973385 0.01352551 0.33150913 -0.00205905 -0.94345089 -0.3020579 -0.00171431 -0.95329609 0.00188185 -0.00419285 0.99999662 -0.99920984 0.01249655 0.03791835 -0.98874923 0.07306071 -0.1305841 -0.98384812 0.17411885 0.04155188 -0.81148879 0.57656508 -0.09518598 0.10204797 -0.08104142 -0.99147435 0.02742609 -0.06177653 -0.99771359 0.1194489 -0.08230024 -0.98942955 0.11015272 -0.2893486 -0.95087423 0.30184229 0.57490539 -0.76051707 0.44031437 0.32973571 -0.83510373 0.34734125 0.53603446 -0.76943452 -0.46117075 0.32704694 -0.82484858 -0.06548829 0.18378213 -0.98078551 0.38396876 -0.32110353 -0.86572163 0.31198494 -0.58822208 -0.74609906 0.1998816 -0.86299746 -0.46399634 0.1831377 -0.72651643 -0.66230181 0.07317041 0.12104163 -0.98995336 -0.17009673 -0.1161806 -0.9785613 -0.1732866 -0.13688085 -0.97531982 -0.32933037 -0.88158379 -0.33817576 0.1388885 -0.82918755 -0.5414412 -0.17808581 -0.12890533 -0.97553625 -0.36897208 -0.14881256 -0.91745146 -0.24302321 -0.07657127 -0.96699586 -0.40112578 0.00616508 -0.91600366 -0.34831469 0.02909714 -0.93692686 -0.38748421 0 -0.92187764 -0.42606701 -0.0654643 -0.90232291 -0.01040278 -0.01814337 -0.99978568 0.13993832 -0.05576863 -0.98859455 0.03025139 0.88121138 -0.47175588 -0.06399238 0.51297199 -0.85601889 -0.06753561 0.84889726 -0.52423954 0.08513046 0.16080883 -0.98330935 -0.0161969 0.41186412 -0.91110476 0.13108566 0.49213662 -0.86059754 0.33151285 0 -0.94345232 0.4815126 0.03554295 -0.87572185 0.57621335 0.73182256 -0.3639013 -0.17041897 0.93824096 -0.30112414 -0.10048512 0.12807902 -0.98666777 -0.07963021 -0.30156158 -0.9501188 -0.95417776 -0.00920098 0.29912415 -0.92972412 -0.00501155 0.36823244 -0.98811473 0.13670764 0.07032357 -0.98064198 0.1585659 0.11491706 -0.95364883 0.21088407 0.21470056 -0.92689778 -0.1269185 0.35320304 -0.89142369 -0.17812905 0.41670691 0.82978646 0.02630994 0.55746782 0.48256498 0.12417829 0.86701338 0.64598021 0.10418261 0.75622136 0.86117236 -0.20838105 0.4636425 0.92605766 0.26125433 0.27235126 0.99926271 0.03651467 0.01241052 0.99384596 0.08492275 0.07113408 0.94407626 0.25938129 -0.20359395 0.961881 0.15586564 -0.22471555 0.95872369 0.22285869 -0.17659124 0.92170896 0.28792276 -0.25992906 -0.74341083 -0.39569573 0.53923904 0.99628796 -0.04184483 -0.07527705 0.10212979 -0.07059323 0.99226519 -0.24222069 0.05358154 0.96874775 -0.05976328 -0.03124174 0.99773016 0.32055189 0.01385954 0.94713237 -0.70813358 0.00024543 0.70608301 -0.89910297 -0.26296102 0.34996708 0.96985479 -0.17699846 0.16752234 0.97256704 -0.18825486 0.13668839 -0.99567463 0.08796114 0.02998748 0.99753197 -0.02310824 0.06639742 0.99925467 -0.0343221 0.01793945 0.97293021 -0.19339083 0.12654554 0.99966886 0.02251347 -0.0127838 0.92705019 0.18261079 0.32746999 0.93009843 -0.03323396 0.36581771 0.91512503 0.26537531 0.30353759 0.99948361 0.02742069 0.01706007 0.98780247 -0.07552447 -0.1362092 0.99343612 -0.10146981 -0.05293375 0.97875561 -0.07606393 -0.19041417 0.96804698 -0.05009237 0.24573383 0.99366417 0.00839855 0.11207811 0.96339472 0.12517547 0.23708015 0.99684932 -0.07119893 -0.03500543 0.98413374 0.1645932 0.06632416 0.99561181 0.01601447 0.09225585 0.71020014 -0.19764758 -0.67568961 0.81112723 -0.37131946 -0.45188659 0.52851992 -0.2428937 -0.81343542 0.88502572 -0.01618745 0.46527134 0.89309727 -0.21028507 -0.39769034 0.97191777 -0.05773508 0.22815841 0.98791625 0.0111684 0.15460141 0.97132047 0.16697043 0.16929134 0.99177196 0.04118979 0.12121331 0.98156287 0.05976126 0.1815938 0.97107043 0.11149467 -0.21120615 0.97327342 0.22904038 -0.01693351 0.96704217 0.25190123 0.03714517 0.98676707 -0.11990815 0.10921388 0.99906465 -0.01016479 0.04205496 0.99892982 -0.02844746 0.03652224 -0.16651907 -0.00860691 0.98600628 0.03175626 0.06606383 0.99731543 0.94701083 0.12301982 0.29672569 0.98379316 0.02463915 0.17763322 0.96364244 0.21885752 0.15328332 0.87126361 -0.38336746 -0.30649681 0.93302842 0.19593881 0.30178563 0.94953318 0.02977732 0.31226139 0.93344607 -0.03176796 0.35732462 0.97315283 -0.0750671 0.21760116 0.99726131 -0.07395961 -0.00243506 0.95740309 -0.15345135 -0.24464055 0.99429937 -0.02230062 0.1042783 0.97367122 0.07927726 -0.21375173 0.73715801 0.38991825 -0.55187189 0.9644496 0.15870419 -0.211311 0.91131838 -0.05389689 -0.40817534 0.93120797 0.04997072 0.36106022 0.9941869 0.00269813 0.10767721 0.98868295 0.06963419 0.13292513 0.97959288 -0.10323283 0.172495 0.88403158 0.4391176 0.16023871 0.67686942 0.22773548 -0.69999311 0.91510882 0.38354991 0.12439218 0.95020785 0.00764817 0.31153656 0.92972322 -0.00501201 0.36823107 0.89148002 -0.17868624 0.41633852 0.92702444 -0.12738542 0.3527198 -0.64599309 0.10418649 0.75620849 -0.48257842 0.12419804 0.86700724 -0.82979022 0.02630594 0.55745625 -0.86117212 -0.20838085 0.46364235 -0.99384602 0.08492563 0.07112874 -0.99926236 0.03651537 0.01240308 -0.92605861 0.2612574 0.27234455 -0.95873161 0.22285516 -0.1765905 -0.96188106 0.15586184 -0.22471269 -0.94407596 0.25938007 -0.20359028 -0.92607315 0.29244822 -0.23847159 0.74342162 -0.39569415 0.53921729 0.0597631 -0.03124118 0.99773046 0.24213491 0.05356734 0.96876957 -0.10211643 -0.07059178 0.99226829 -0.32055013 0.01385009 0.94713797 0.70806599 0.00033615 0.70614941 0.90170952 -0.05909934 0.42829033 -0.99796971 -0.01412589 0.06216704 -0.97292902 -0.19340551 0.12654995 -0.98717829 0.10064872 -0.1239498 -0.99948563 0.02741779 0.0170624 -0.99870583 0.04976484 -0.01080771 -0.93009957 -0.0332349 0.36581443 -0.99448868 -0.09002722 -0.05376435 -0.98425736 -0.07582025 -0.1596823 -0.97875341 -0.07605808 -0.19041764 -0.96690597 -0.07025798 0.24528647 -0.9459609 0.04709638 0.32084726 -0.97858496 -0.05526179 0.1983101 -0.99569257 -0.08160598 0.04407454 -0.9915451 0.02041516 0.12819933 -0.98857852 0.14783729 0.02932425 -0.99916568 -0.04054294 -0.00604315 -0.97724088 -0.1847006 0.10435669 -0.98293569 -0.0619476 0.17325135 -0.98156222 0.05975979 0.18159268 -0.99177858 0.04119113 0.12121736 -0.97131904 0.16697199 0.16929471 -0.9710718 0.11149532 -0.21120074 -0.93156578 -0.23509619 0.27734133 -0.9806306 0.17801987 -0.08173405 -0.94700714 0.12301871 0.29672718 -0.98379548 0.02463685 0.17763159 -0.98121639 0.19156101 0.02277858 -0.93302532 0.19594247 0.30178533 -0.9098915 0.412066 0.04799686 -0.97836383 0.1580526 0.13352486 -0.96411957 -0.05643616 0.25940754 -0.949533 0.0297761 0.31226332 -0.99726214 -0.07396139 -0.00243244 -0.97314664 -0.07506854 0.21760554 -0.97367134 0.07927742 -0.21375071 -0.99429872 -0.02230029 0.10427789 -0.95739701 -0.15344923 -0.24463486 -0.73715813 0.38992603 -0.55187917 -0.94585856 0.21521871 0.24296955 -0.99890961 -0.02854243 -0.03712909 -0.91131248 -0.05389808 -0.40817373 -0.97959037 -0.10323213 0.17249475 -0.98868038 0.06963482 0.13292491 -0.9941841 0.00269635 0.10767745 -0.94543095 0.15317283 -0.28758615 -0.67686823 0.22773538 -0.69999734 -0.9151084 0.38355233 0.12438982 -0.95048555 0.17916562 -0.25392603 -0.96403005 0.14036825 0.22573943 -0.9829767 -0.10722345 -0.14923067 -0.99703523 -0.06183534 -0.04587083 -0.98500784 -0.15371641 -0.07836674 -0.99867549 -0.04972453 -0.01331699 -0.98074939 -0.15741407 -0.1155865 -0.98578747 -0.1541448 0.06680401 -0.9948596 -0.0276487 0.09747501 -0.95300927 -0.2533048 0.16618525 -0.92413028 -0.1039985 -0.36765911 -0.95011785 -0.22578529 -0.21517239 -0.909494 -0.20687341 -0.36060612 -0.9791642 0.07344972 -0.18935379 -0.99507465 0.05203381 -0.08438695 -0.99114301 0.13263401 -0.00703876 -0.91310497 -0.24917244 -0.32274501 -0.91993441 -0.38596211 -0.06901346 -0.89837723 -0.40020545 0.18100698 -0.89250575 -0.4126816 0.18204182 -0.85898183 -0.48623525 -0.16042865 -0.93497415 -0.163901 0.31458334 -0.99642786 0.04620869 -0.07070834 -0.93636014 -0.11986639 -0.32995756 -0.98625334 0.0736628 0.14796002 -0.91929086 -0.10131113 -0.38033311 -0.97895737 0.14306962 -0.14554688 -0.99163022 0.12181426 0.04279912 -0.80776094 -0.55681014 0.19364494 -0.80533711 -0.37883942 0.45597973 -0.81060098 -0.52373248 -0.26201066 -0.88128434 -0.15239298 -0.44735189 -0.95613309 -0.29095831 -0.03410145 -0.11596675 -0.03249613 -0.99272462 -0.08262676 -0.0412857 -0.99572559 -0.11630677 0.06496967 -0.99109056 0.00955993 0.30138831 -0.95346077 -0.21656672 -0.46315484 0.85941409 -0.18124279 -0.59690761 0.78157986 0.18193012 -0.88789801 0.42254301 -0.04079881 0.20787682 0.97730382 -0.04606688 0.42300202 0.90496494 -0.00515102 -0.19484041 0.9808286 -0.09190034 0.99209859 0.08549468 -0.09916033 0.9939843 0.04675787 -0.1907523 0.70378233 -0.68433807 0.03598787 -0.49451559 -0.86843096 -0.11137888 -0.7095027 0.69584576 -0.12384994 -0.2216699 0.96722784 0.03213283 -0.87668739 0.48000737 -0.05017212 -0.81738077 -0.57391303 -0.81600837 -0.39012744 -0.42653726 0.19042833 0.08705368 -0.97783967 -0.0753775 -0.11641504 -0.99034002 0.0034106 0.93518736 -0.35413869 0.12063418 0.87267409 0.4731832 -0.15666027 0.83767985 -0.52322018 -0.57146525 -0.56514501 -0.59502631 -0.47167637 -0.46321364 -0.75031013 -0.386245 -0.78613884 0.48250168 0.26271185 -0.9564444 0.12731781 0.26476612 -0.75426639 -0.60082236 0.54323649 -0.69057897 0.47750174 0.23697395 -0.7061472 -0.66723374 0.20091792 -0.72594029 0.65776524 -0.04760595 -0.01827142 0.99870624 -0.04592248 -0.00532864 0.9989356 -0.04877759 -0.00812659 0.99878409 -0.01687012 0.00196861 0.99986001 -0.4298019 -0.89708649 0.10260072 -0.43804096 -0.8931161 0.10235801 0.11356922 0.79641123 -0.59400952 0.05867009 0.46822276 -0.8816648 -0.01923555 0.48125654 -0.87637369 -0.58002621 0.66277489 -0.47361602 0.02694157 0.99849268 -0.04784439 0.01581015 0.99756416 0.06811706 0.39733528 0.90190436 -0.16940297 0.42341309 0.87939666 -0.21772013 -0.03771996 0.30241303 0.95243647 -0.00370308 -0.00396579 0.9999915 -0.00250444 -0.03916563 -0.99923327 0.02363483 0.11290852 -0.99333002 -0.38922493 -0.69918719 -0.59971618 -0.24762969 -0.29639387 -0.92241069 -0.13305888 -0.8508846 0.50825262 -0.04042777 -0.99918117 0.00374434 -0.06127276 -0.45337041 -0.88921849 -0.04987849 -0.91821124 0.39294543 -0.10667633 -0.46574556 -0.87846999 0.20442592 -0.66884706 0.71475048 -0.02255748 -0.29587718 0.95496603 -0.01767941 -0.24235363 0.97003307 -0.06214483 -0.24107958 0.96851428 0.05733459 -0.27866956 0.95867904 -0.39757072 -0.91516675 -0.06649657 -0.41207071 -0.90889325 -0.06414183 0.00747749 0.79846628 -0.60200742 0.01934664 0.87943302 -0.47565471 0.00793882 0.66118977 -0.75018341 0.09126893 0.90872117 -0.40731432 -0.06224075 0.99611463 -0.06242543 -0.0661759 0.99781206 0.00186221 0.11815139 0.99169882 -0.0508504 0.38405813 0.92299505 -0.02445519 0.08163874 0.75077731 -0.65549985 -0.53931647 -0.64589211 -0.54034847 -0.3978322 -0.47995077 -0.78191228 -0.25252467 -0.92706718 0.27708929 0.43528022 -0.76922775 0.4677967 0.06176073 -0.74733991 -0.6615732 0.41951009 -0.74343289 0.52089947 -0.01954468 -0.71779031 -0.69598732 0.33882852 -0.47398304 0.8127393 0.03741132 0.29549357 0.95461395 -0.00355855 0.01910158 0.99981763 -0.02191618 0.0240683 0.99947032 0.03827336 -0.00493564 0.99925926 -0.36632533 -0.92031129 0.13727405 -0.3541493 -0.92509266 0.13710032 0.03171822 0.7798971 -0.62512151 -0.01186904 0.43311628 -0.90126892 -0.12237167 0.44148128 -0.88888876 -0.12483192 0.11999357 -0.98489966 0.03353569 0.98953946 -0.14033268 0.01106954 0.9999338 0.00347719 0.31390495 0.92165257 -0.22808648 0.35124491 0.9153858 -0.19675505 -0.72741932 -0.4628159 0.50663828 0.22420829 -0.96884902 -0.1052326 -0.41208856 -0.8835346 -0.22260515 -0.56784236 -0.3946821 0.72235752 -0.26983284 -0.92043765 -0.28281694 -0.14391954 -0.37377776 0.91628673 0.0544916 -0.80494903 -0.5908488 -0.11690851 -0.79765732 0.59167725 -0.00174656 -0.50579655 -0.86265908 0.00170361 -0.41866891 -0.90814157 -0.02474085 -0.39575745 -0.91802945 -0.43125423 -0.85380726 0.29162117 -0.43324967 -0.89095901 0.13601975 -0.11696252 0.82108752 0.55869549 -0.14368212 0.91291656 0.38202272 -0.15096436 0.81064652 0.56575811 -0.03818569 0.99922504 0.01023421 0.25512984 0.96688892 -0.00588884 0.42372548 0.9047537 -0.04342156 -0.01359741 -0.04119718 -0.99905857 -0.00956089 0.30138828 -0.95346083 -0.04361559 0.09004798 -0.99498834 0.07813397 -0.0380603 -0.9962196 -0.1622751 -0.90663369 0.38946427 0.17457423 -0.58418727 0.79263027 0.19385099 -0.46460309 0.86404036 0.01346787 -0.19535234 0.98064258 0.04944882 0.4245783 0.90404852 0.04458791 0.21134884 0.9763939 0.10327041 0.99354854 0.04702317 0.08314541 0.99295952 0.08448022 0.10289012 0.74306113 -0.66126803 -0.02445135 -0.50301808 -0.86393855 0.12385769 -0.22166895 0.96722623 0.11138744 -0.70950252 0.69584677 -0.03210311 -0.87668918 0.48000639 0.81600062 -0.39013852 -0.42655571 0.18623977 -0.81470673 -0.54916232 -0.12431222 0.0675964 -0.98994603 0.07539538 -0.11641662 -0.99033966 0.12717674 0.93628039 -0.32743482 0.15703159 0.83764611 -0.52316421 -0.12066482 0.87267069 0.47318255 0.60853526 -0.55342191 -0.56870752 -0.26273384 -0.95643338 0.12730292 0.44321101 -0.75897152 0.47701006 0.47167765 -0.46321227 -0.7503115 -0.5432316 -0.69058529 0.4774928 -0.26476478 -0.75426609 -0.60082361 -0.20091911 -0.72594918 0.65775666 -0.01026872 -0.74070937 -0.67175976 0.0459242 -0.00532755 0.9989356 0.04760786 -0.01827117 0.99870624 0.04875351 -0.00812916 0.99878409 0.01687013 0.00196862 0.99986007 0.42649155 -0.88674538 -0.17832825 0.42977901 -0.89709728 0.10260196 -0.01554815 0.47110008 -0.88195144 -0.11356767 0.79640407 -0.59402114 -0.0172259 0.48244815 -0.87576036 0.58005684 0.66276267 -0.47359808 0.22821126 0.97105123 -0.07061542 -0.01582455 0.99756416 0.06811705 -0.39733662 0.90190436 -0.16940289 -0.42338975 0.8794053 -0.21772226 0.03771775 0.30241264 0.95243665 0.0149319 -0.00335915 0.99988516 0.00250452 -0.03916563 -0.99923321 -0.02363483 0.11290852 -0.99333002 0.60681143 -0.66848323 -0.43001204 0.04042747 -0.99918046 0.00374303 0.48006712 -0.73293573 0.48203044 0.2476232 -0.29637786 -0.92242273 0.14115007 -0.90837987 0.39361851 0.06127728 -0.45336875 -0.88921957 -0.20442682 -0.66884127 0.71474678 -0.00628005 -0.46930935 -0.88301764 0.04624946 -0.23968523 0.96975436 0.02257883 -0.29587715 0.95496603 0.04531588 -0.24286289 0.9690093 0.06164309 -0.26190385 0.96313085 0.42248498 -0.88672905 -0.18767145 0.39757143 -0.91516675 -0.06649658 -0.01934657 0.87943272 -0.47565358 -0.00748111 0.79846395 -0.60200176 -0.05774138 0.66014442 -0.7489273 -0.09131024 0.90872313 -0.40730988 -0.06364645 0.99648532 -0.05447177 0.0661759 0.99781206 0.00186221 -0.11815139 0.99169882 -0.05085034 -0.38405545 0.92299505 -0.02445519 -0.08163874 0.75077731 -0.65549985 0.64150366 -0.63042185 -0.4370832 -0.43525885 -0.76922298 0.46780991 0.35863058 -0.8892986 0.28379785 0.39781468 -0.47997134 -0.78191394 -0.41953548 -0.74342144 0.52089196 -0.06178324 -0.74734486 -0.6615673 -0.33878974 -0.47402962 0.81272773 0.19289848 -0.7301994 -0.65544728 0.0027465 0.01895649 0.99982395 -0.03740891 0.29549259 0.95461442 0.00377458 0.02042269 0.99979153 -0.03827337 -0.00497024 0.99925937 0.35411467 -0.92509891 0.13709734 0.36630787 -0.92031916 0.1372721 0.0172923 0.43333923 -0.90107181 -0.03182357 0.77989692 -0.62510768 0.08793299 0.44860821 -0.88939951 0.12483297 0.12000353 -0.9849021 0.1264616 0.97844698 -0.16327062 -0.01108407 0.9999338 0.00347733 -0.31388251 0.92166032 -0.228087 -0.35121508 0.91539558 -0.1967515 0.66927585 -0.46075629 0.58291161 0.5678634 -0.39469136 0.72233797 0.32256447 -0.92115011 -0.21782716 -0.22420161 -0.96884962 -0.10524426 0.14394546 -0.3737926 0.91627731 -0.2018251 -0.95276543 -0.22698864 0.01320976 -0.79117234 0.61145279 -0.05445513 -0.80494903 -0.59085143 -0.02647122 -0.50734537 -0.86133771 0.03587284 -0.41562213 -0.90883179 0.02477696 -0.39575748 -0.91802945 0.43326934 -0.89094757 0.136018 0.42146166 -0.89625202 0.1382336 0.14367248 0.91291763 0.38202263 0.13197675 0.81878792 0.55872243 0.15819168 0.80901687 0.56610751 0.03816564 0.99922206 0.01023381 -0.25511637 0.96689918 -0.00588774 -0.42374914 0.90474452 -0.04342112 -0.48517402 0.3478419 0.80225925 -0.44531031 -0.65974328 0.60534707 -0.38551845 -0.77440745 0.50167965 -0.70253021 0.46929144 0.53499919 -0.47728198 0.09784505 0.87329028 -0.51233071 -0.5739085 0.63887105 0.34696306 0.93157806 -0.1086076 0.59289443 0.80528472 0.00070879 0.35496523 0.89330422 0.27571192 -0.02798344 0.99961176 0.00101635 -0.19353883 0.97389342 0.11867744 0 -1.00000023 0 0.00337126 -0.99999907 -0.00103541 0 -0.99962952 -0.02742056 -0.33410258 -0.10009442 0.93720724 -0.37689213 -0.17387851 0.90979417 -0.23149913 0.02980232 0.97237952 0.38552044 -0.774409 0.50167959 0.44531225 -0.65974555 0.60534653 0.48518427 0.34783645 0.80226008 0.70253379 0.46928637 0.53499639 0.47727822 0.09784479 0.87329416 0.51233965 -0.57391738 0.63885716 -0.59290671 0.80528186 0.00070851 -0.35356023 0.9319736 -0.08014605 -0.35499083 0.89329671 0.27570706 0.19952321 0.97379829 0.10917278 0.19353717 0.97388883 0.11867622 -0.00337125 -0.99999895 -0.0010354 0 -1.00001144 0 0 -0.99962946 -0.02742053 0.33409108 -0.10009078 0.93721243 0.37687148 -0.17388336 0.90980609 0.23149809 0.02979971 0.97238054 -0.46164103 0.88441466 -0.06855334 -0.15973797 0.96157547 0.22333773 0.27127465 0.96249761 -0.00535508 0.36252417 0.84900866 0.38441093 0.51043587 0.31409408 -0.80050574 0.46861457 0.82750545 -0.30926375 0.44516688 0.52385973 -0.72622681 -0.2824428 0.18158938 0.941947 0.08087471 0.93978973 0.3320529 -0.41604276 0.90899928 0.02525558 -0.08645984 0.97349604 0.21173959 -0.4554994 0.8821985 -0.11936585 -0.88664155 0.45826768 -0.06222773 -0.90941753 0.38084961 0.16710506 -0.25715491 0.95009609 0.17663112 -0.50803828 0.85327827 0.11761852 -0.86683182 0.08533907 0.49125957 -0.18081095 0.58762908 0.78867478 -0.33910341 0.65672133 0.67359266 -0.3409387 -0.08254138 0.93646153 -0.45343282 -0.14734379 0.87902866 -0.03001144 0.10792288 0.9937081 -0.17146086 0.24661193 0.95383307 0.97609915 0.21359941 0.04026257 0.9839383 0.1784211 0.00618359 0.79894895 0.12874515 0.58746117 0.80570684 -0.11834792 0.58038062 0.95571025 0.18444649 0.22935898 0.379746 0.07365239 0.92215904 0.19583937 0.09188938 0.97632875 -0.32482029 -0.1589483 0.93232431 -0.23756953 -0.01129357 0.97131099 -0.15276213 0.0051553 0.98825707 -0.02799524 -0.11046566 0.99348875 -0.02895458 0.27535152 0.96091416 -0.84828709 -0.10067246 0.51987898 -0.89388643 -0.35005443 0.28006967 -0.81152855 -0.20289118 0.54796886 0.89210586 0.00698619 0.45178714 0.97718211 0.19106695 0.09283263 0.97249534 0.19512026 0.12724539 0.63485059 -0.06162574 0.77017487 0.67501316 -0.00926903 0.73774899 0.47380795 0.09958223 0.8749827 0.82314674 0.29702887 0.48394712 0.70049144 0.22107684 0.67855653 0.98755344 0.15388156 0.03271706 -0.65294269 0.02411148 0.75702454 -0.52539235 0.10986123 0.84374581 0.55259055 -0.14367106 0.82098429 0.4092864 -0.10943111 0.90582671 0.04198394 -0.09659442 0.99444237 -0.39962961 -0.09937128 0.91127642 0.91213449 -0.03529565 -0.40837293 0.93191566 -0.03369183 -0.36112021 0.95554056 -0.00578885 -0.29482236 -0.93159827 -0.11868284 0.34358893 -0.90780588 -0.09472877 0.40855785 -0.88151465 -0.08106848 0.46515333 -0.20242272 -0.22171178 0.95387306 0.00476282 -0.30235804 0.95318308 -0.25012663 -0.35396825 0.90119596 0.20171773 -0.02321077 0.9791763 -0.71958256 -0.04393212 0.69302086 -0.94546403 -0.05100772 0.32172914 -0.89852677 -0.05814332 0.43506863 -0.13462127 0.42967983 0.89289157 -0.15090069 0.43384533 0.88826714 -0.12324042 0.07914577 0.98921647 -0.98549279 -0.15887509 0.05972931 -0.95405956 -0.13659608 0.26668515 0.78285951 0.32640229 0.52971893 0.70223344 0.05850636 0.70954228 0.67307553 -0.03644297 0.73868508 0.75633914 0.22450752 0.6144509 0.3865089 -0.29827907 0.87272225 0.54393071 -0.00478874 0.83911739 -0.73336101 -0.32340242 0.59800273 -0.58254802 -0.49196997 0.64699999 -0.99837389 -0.05590878 -0.01112155 -0.98607655 -0.16192792 0.03794749 -0.81725047 -0.11475008 0.5647577 0.41239249 -0.09595623 0.90594687 -0.03041041 -0.3776734 0.92544814 -0.29825568 -0.09079096 0.95016058 -0.40303766 -0.229557 0.88592754 -0.76144613 0.05568083 0.64584229 0.01241788 -0.20669838 0.97833015 -0.25442326 -0.07496446 0.96418943 -0.33215077 0.07839096 0.93996586 -0.58616703 0.21790127 0.78034008 0.14764811 -0.50396072 0.851027 0.1764606 -0.1484238 0.97306086 0.52752262 -0.12465051 0.84034692 -0.62707707 -0.16982802 0.7602228 -0.9399695 0.21731356 0.26312941 -0.99889042 -0.04694197 -0.00540482 -0.58537173 -0.26458301 0.7663864 -0.75832284 0.13800181 0.63710693 -0.01966601 0.15314026 0.98801192 -0.37079419 0.15449375 0.91577639 -0.433923 0.15880294 0.88684772 -0.48803987 -0.23888428 0.83949642 -0.48606517 -0.26084866 0.83409028 -0.57805156 -0.06625036 0.81331377 -0.53034412 -0.26476844 0.80538617 -0.13465244 0.00007472 0.99089738 -0.88681088 -0.14711135 0.43811052 -0.54805648 -0.10393756 0.82995908 -0.62139979 0.12958818 0.77270455 -0.56567007 0.13752373 0.81308351 -0.87096213 0.4359064 0.22675183 -0.66445777 -0.28118085 0.69242052 -0.66646382 -0.00762149 0.74550886 0.05536812 0.71794183 0.69389889 -0.88340323 0.15925242 0.44073608 -0.79437585 0.14738364 0.58927548 -0.6615645 0.04281061 0.74867339 -0.86492936 0.39117892 0.31445874 -0.99568053 0.08632507 0.03437658 -0.99250277 0.1210786 0.01668385 -0.77655733 -0.47935371 0.40887665 -0.76963837 -0.4219576 0.47917487 -0.74767072 -0.26140963 0.61046198 -0.83037166 -0.50367277 0.23832675 -0.59742433 -0.21903207 0.77144165 -0.79523684 -0.03331459 0.605391 -0.89423691 -0.12523206 0.42973243 -0.93466141 -0.34459613 0.08757234 -0.54724717 -0.23624919 0.8029428 -0.96228572 0.21004536 0.17290659 -0.97557827 0.08114493 0.20412878 -0.41378452 0.08059078 0.90680822 -0.90411099 0.14080709 0.40344431 -0.93085154 0.11750341 0.34599142 -0.91546567 0.13113464 0.38044284 -0.89605682 0.18478833 0.40365963 -0.8747866 0.35273238 0.33218698 -0.87374471 0.35352577 0.33408834 -0.91985782 -0.0451607 0.38966475 -0.41055887 -0.90549876 0.10742211 -0.17415699 0.14002771 0.97471233 -0.00369298 0.15731604 0.98754617 0.34567176 0.28274306 0.89475028 0.93582865 0.35186564 0.0207041 -0.82029913 0.07384904 0.56716162 -0.57540178 0.08492574 -0.81345902 -0.91415836 0.24995608 0.3191268 -0.01361983 -0.02140169 0.99968388 -0.63857952 0.27590265 0.71840293 -0.37887917 -0.24621514 0.89209716 0.57702833 -0.13117901 0.80612878 -0.99714383 -0.06949082 0.02988421 -0.99746659 -0.04490908 0.05535982 -0.1580161 -0.05265563 0.98604198 0.63975003 -0.02650289 0.76812816 0.99891414 0.03377036 0.03214523 -0.66686276 -0.03846572 0.74419457 0.10926659 -0.11696281 0.98712101 -0.16271387 -0.05997169 0.98485758 -0.99945279 -0.03335629 -0.00036946 0.99996986 0.00803781 -0.00039539 -0.66290614 -0.03341429 0.74795849 -0.66272256 -0.11266353 -0.74035008 -0.99985328 -0.0172908 -0.0002132 0.16071927 0.02887476 0.98658838 -0.10413355 0.01972027 0.99437108 -0.75194193 0.00178478 0.6592314 -0.99967613 0.02576836 0.00169922 0.99984076 0.01849575 -0.00045703 0.10848172 0.10595629 0.98843928 1.00000751 0 0 0.99796828 -0.06331754 0.00758546 0.99886128 0.04752628 -0.00558765 0.76862706 0.03759279 0.63859323 0.99008175 -0.13954712 0.01659024 0.99968322 0.00830269 0.02385691 0.06682063 0.58352399 0.80934493 0.94804545 0.3000495 0.10578535 0.05770667 -0.58396727 -0.80972813 0.94807382 -0.29998755 -0.10576348 0.46541368 0.88375275 -0.04873535 -0.36254908 0.84901242 0.38439546 -0.26082804 0.96267833 0.07235462 0.15974456 0.96156486 0.22333392 -0.44516673 0.52385979 -0.72622675 -0.4686143 0.82750539 -0.30926375 -0.5104357 0.31409414 -0.80050574 0.28244304 0.18158935 0.941947 -0.08090305 0.93978663 0.3320543 0.54619586 0.78667022 0.28780493 0.88664137 0.45826697 -0.06223026 0.71141273 0.66795728 0.21848658 0.08646618 0.97349616 0.21173649 0.72171766 0.62972525 0.28737476 0.8668323 0.085339 0.49125727 0.51300573 0.81516091 0.26897269 0.2571631 0.95009508 0.17663894 0.33908568 0.65673879 0.67359337 0.18078427 0.58763706 0.78867478 0.90414895 0.17844193 0.38817842 0.89605378 0.18480534 0.40366905 0.91535946 0.16947708 0.36523278 0.93085142 0.11756754 0.34599142 0.8798099 0.32565893 0.34623848 0.87373779 0.35354327 0.33407841 0.0300116 0.10792257 0.99370822 0.45342719 -0.14733987 0.87903307 0.3409404 -0.08254239 0.93646069 0.17146131 0.24661263 0.95383318 -0.79894925 0.12875105 0.58745926 -0.80570607 -0.11834898 0.58038473 -0.37973855 0.07365008 0.92215808 -0.19581738 0.09189766 0.97632911 0.15275348 0.0051604 0.98825671 0.23756932 -0.01129357 0.97131105 0.32482056 -0.15894985 0.93232389 0.7424934 -0.27949127 0.60875973 -0.87284611 0.07882038 0.48159753 -0.63485685 -0.06162249 0.77017451 -0.67501327 -0.00926909 0.73774905 -0.70049549 0.22107296 0.67855427 -0.82315026 0.29702419 0.48394748 -0.47380217 0.09957228 0.87499021 0.52538025 0.10986248 0.8437501 0.65294418 0.02409585 0.7570324 0.00533054 0.00456673 0.99997594 0.39962264 -0.09936765 0.91128029 -0.526003 -0.05882964 0.84844826 -0.40926825 -0.10943741 0.9058313 0.89824097 -0.23890197 0.36890505 0.87194316 -0.23788511 0.42794864 0.8825116 -0.08164387 0.46316152 0.24941657 -0.35418262 0.90131112 0.20197902 -0.22192203 0.95391681 -0.20175103 -0.02320306 0.97916748 0.8984841 -0.05808194 0.4351485 0.94548096 -0.05084795 0.32169165 0.71961296 -0.04381967 0.69299201 0.1508983 0.43383779 0.88827346 0.1345923 0.42967208 0.89289843 0.12326246 0.0791508 0.98921969 0.90170063 0.38418736 0.19833582 0.87108807 0.43167048 0.23425048 0.87852655 0.42415156 0.21975664 -0.64414093 -0.00603026 0.76488454 -0.70223368 0.05851806 0.70954347 -0.38650639 -0.29827562 0.87272446 0.73335356 -0.32339753 0.59800303 0.8172435 -0.11475223 0.56476098 0.03040976 -0.37766646 0.92544474 -0.41238533 -0.09595854 0.90594186 0.76144267 0.0556755 0.6458489 0.40303784 -0.22955695 0.88592748 0.2982487 -0.09079174 0.95016047 -0.04649724 -0.13334144 0.98998656 0.27099486 0.11263385 0.95596858 0.25425043 -0.0751508 0.96421494 0.58585953 0.21811893 0.78052063 -0.1476314 -0.50394588 0.85103808 -0.17646056 -0.1484238 0.97306086 -0.65492729 -0.21323227 0.7249902 0.62706003 -0.1698344 0.76023633 0.58222067 -0.26102334 0.76999301 0.433928 0.15879841 0.88684951 0.37078301 0.15448971 0.91578056 0.01965199 0.15313503 0.98801734 0.48803981 -0.23888422 0.83949648 0.46753787 -0.2508189 0.8476489 0.57805043 -0.06625235 0.81330804 0.13293774 -0.01829933 0.99095573 0.53022939 -0.26498395 0.80538915 0.88681059 -0.14711138 0.43811064 0.54805702 -0.10392709 0.82996683 0.56570386 0.13757038 0.81305896 0.66445467 -0.28116237 0.69242386 0.66646216 -0.00762446 0.74551225 0.88021372 0.17674548 0.44044306 0.66156057 0.04281039 0.74867625 0.79438038 0.1473883 0.58927947 0.58808475 -0.26268938 0.76495171 0.80984305 -0.36610766 0.45839205 0.74162323 -0.39901541 0.53925561 0.79592813 -0.0335364 0.604462 0.9689246 0.09955686 0.22643689 0.54675322 -0.23606246 0.80333189 0.7636419 -0.1288747 0.63265547 0.90382965 0.15795625 0.39767315 0.00368182 0.15731434 0.98754372 0.23765621 0.27197309 0.93249836 0.41053515 -0.90549697 0.10742164 -0.93583204 0.35186257 0.02071589 -0.34566434 0.28273275 0.89475052 -0.5286656 0.26828613 0.80531816 0.82029937 0.07384841 0.56715363 0.94651194 0.02880312 0.32140116 0.0091008 -0.04817384 0.99880376 0.63857612 0.27590813 0.71839858 0.37887864 -0.24621361 0.8921011 -0.57702863 -0.13117903 0.80612878 0.15799927 -0.05265545 0.98603763 0.99746408 -0.04491153 0.05536632 0.9971421 -0.06950416 0.02987882 -0.63973364 -0.02648898 0.76814217 -0.99891426 0.03376834 0.03216068 0.66686467 -0.03847542 0.74418551 -0.10926627 -0.11696685 0.98712095 0.9994488 -0.03335572 -0.00036541 0.16269716 -0.05997257 0.98485883 -0.99997099 0.00804044 -0.00039168 0.66273365 -0.11265842 -0.74034102 0.66290108 -0.03341206 0.74796117 0.99985286 -0.01729378 -0.00019175 -0.16072849 0.02888053 0.98657705 0.99990388 0.01457934 0.00096901 0.75473834 0.00176483 0.65603462 0.10350997 0.00886258 0.99459674 -0.99951001 0.03144977 -0.0007584 -0.10849437 0.10595036 0.98843678 0.10917634 -0.05935383 -0.99225607 0.95392676 0.28583186 -0.09129453 0.69690201 0.00788673 -0.71712882 0.1094461 0.06244657 0.99204149 0.72018576 0.18336664 0.66911385 0.97927066 0.19811597 -0.04225777 0.94847085 -0.08066162 0.30644111 0.87978629 0.47522508 -0.01211949 0.83672838 -0.02700139 -0.54695385 0.02826318 -0.48784499 0.87248359 0.94335355 -0.07896614 -0.32226838 0.73116685 -0.66335806 0.15923695 0.84841423 -0.20611087 0.48757034 0.96224018 -0.25951823 0.08217547 0.67322436 0.60738877 0.42174034 0.86267422 -0.18639358 0.47016167 0.68089065 -0.67118546 0.29309237 -0.95523962 -0.12535944 0.26797047 -0.02827186 -0.48778172 0.87251781 -0.8358442 -0.14703392 -0.52893328 -0.87979851 0.47519751 -0.01213846 -0.97552778 0.03153858 -0.2176188 -0.87547891 0.04055595 0.48156138 -0.73116726 -0.66335842 0.15923772 -0.96223541 -0.25953915 0.08220109 -0.67322454 0.60738888 0.42174049 -0.68089101 -0.67118588 0.29309219 -0.86267577 -0.18639475 0.47016038 -0.69690231 0.00789154 -0.71712876 -0.95392456 0.285831 -0.09130186 -0.10917642 -0.0593539 -0.99225619 -0.10944229 0.06244787 0.99203154 -0.72018553 0.18336662 0.66911385 -0.97927036 0.19811594 -0.04225777 -0.95523979 -0.12535947 0.2679705 -0.02827186 -0.48778163 0.87251751 -0.83584444 -0.14703383 -0.52893322 -0.87979833 0.47519745 -0.01213839 -0.97552778 0.03153857 -0.2176188 -0.87547891 0.04055584 0.48156123 -0.73116697 -0.66335812 0.1592371 -0.96223517 -0.25953903 0.08220113 -0.67322454 0.60738877 0.42174034 -0.68089077 -0.67118564 0.29309231 -0.86267541 -0.18639487 0.47016032 0.94847216 -0.08067607 0.30642105 0.87979869 0.47519769 -0.01213841 0.83673213 -0.02705324 -0.54695051 0.02827153 -0.48778095 0.87251781 0.9433551 -0.07896801 -0.32226597 0.73116697 -0.66335812 0.1592371 0.84841297 -0.20611084 0.48757102 0.96223541 -0.25953912 0.08220109 0.67322454 0.60738888 0.4217404 0.86267523 -0.18639487 0.47016029 0.68089065 -0.67118546 0.29309237 -0.10750185 -0.96949609 -0.22030652 0.93373324 -0.14423096 0.32763655 0.92334147 -0.11129619 0.36751063 0.89556317 -0.09688151 0.43426155 -0.93146028 -0.09974023 0.3499106 -0.93956776 -0.07394569 0.3342991 -0.95638152 -0.00972447 -0.2919662 -0.92226465 -0.13934267 0.36059065 -0.90621116 -0.0835034 0.4144985 -0.81675498 0.29297202 0.49708124 -0.90146061 0.08945525 0.4235278 -0.63863358 0.08299733 0.76503164 -0.50947016 0.33487241 0.79266072 -0.76357556 0.0670709 0.64223495 -0.52082842 0.01408222 0.85355024 -0.7253728 0.12033352 0.67776534 -0.83885871 0.30747311 0.44920369 -0.96386506 0.21725886 0.15418234 -0.99990102 0.01329512 0.00599077 -0.97526975 -0.14353264 0.16809676 -0.87038009 -0.09128651 0.48385679 -0.8524745 0.06935682 0.51815944 -0.65528956 0.13872124 0.74253828 -0.83705942 0.10669815 0.53662198 -0.87211422 0.15957211 0.46255567 -0.95331647 -0.06620226 0.29462874 -0.97555109 0.20981442 0.06540531 -0.88725571 -0.44772824 -0.11098924 -0.84254406 -0.4455265 -0.30270542 -0.80174587 -0.29144433 -0.52179646 -0.8817703 -0.37447627 -0.28680491 -0.66980627 -0.27145212 -0.69114522 -0.90182729 -0.11600134 -0.41624918 -0.60700414 -0.08205924 -0.79045786 -0.88255672 -0.14875332 -0.44606303 -0.63639739 -0.24973584 -0.72981799 -0.69683388 -0.70063025 0.15342869 -0.90129395 -0.42686575 -0.07388883 -0.98101022 -0.07677509 -0.17813271 -0.98961099 0.09592303 -0.10716066 -0.9751326 0.10292554 -0.19627936 -0.96868243 -0.23566764 0.07821074 -0.36889832 -0.88018595 -0.29866132 -0.2929475 -0.93791028 -0.18579453 -0.23297655 -0.95008858 -0.20751872 0.07157877 -0.93321015 -0.35213991 -0.21966534 0.56742066 0.79359252 0.1151486 0.84680627 0.51930063 -0.24506367 0.62284514 0.74298067 -0.26776763 0.65552572 -0.70611442 0.07013432 0.51182919 -0.85622846 -0.11460146 0.58503323 -0.8028758 -0.16598382 0.57181614 -0.80341773 -0.01814448 -0.06356951 -0.99781575 -0.18533045 -0.00668935 -0.98265543 0.00556082 0.59162748 0.8061953 0.24203036 0.65362248 0.7170803 -0.04574868 0.96186503 0.26969659 0.26344349 0.907519 0.32713719 -0.09582605 0.91175677 -0.39939763 0.1967265 0.95725986 -0.21203185 0.00348499 -0.50018179 0.86592094 -0.24427421 -0.56133961 0.79071559 0.02511409 -0.06341981 -0.99767365 0.23212215 -0.02635448 -0.97233184 0.05139936 -0.84453069 -0.5330469 -0.04063772 -0.97993125 0.19517335 0.03330641 0.95609143 0.29117333 -0.09660627 0.44781097 -0.88889579 -0.03013385 0.96182968 -0.27201875 -0.13600379 -0.30665462 -0.94205715 0.11001101 0.85530065 0.50631898 0.13423475 0.9908857 -0.01180069 0.13045807 0.84588413 -0.51717138 -0.1902482 -0.39364828 0.89936356 0.1722463 -0.22300247 -0.95948007 0.24681266 -0.96906122 0.00210128 0.0087122 -0.92279847 -0.38520504 0.08873823 0.82586013 0.55685586 0.11712161 0.64267138 -0.75714273 -0.26671036 0.51598542 -0.8140199 -0.27026909 -0.0587106 -0.9609945 0.22799825 0.637449 0.73599315 0.23709168 0.94674136 0.21787826 0.28492572 0.87295238 -0.39595165 -0.36315067 -0.48410328 0.79609568 0.32431827 -0.07425628 -0.94303008 0.16767488 -0.98542269 -0.02896807 0.28910553 -0.95719489 -0.01429092 0.57543384 0.56689709 0.58949989 -0.05688574 0.58211094 -0.81112103 -0.02787621 0.56810206 -0.82248847 -0.10799112 -0.00554297 -0.99413922 0.08760572 0.56670379 0.81925569 0.09622183 0.97137274 0.21721401 0.12050232 0.88850407 -0.44277339 -0.11960669 -0.56891775 0.81365607 0.1419655 -0.02031539 -0.9896632 0.19698637 -0.54649472 0.81396977 0.81675301 0.29297417 0.49708205 0.90146001 0.08945706 0.4235289 0.68915472 0.19739204 0.69721446 0.50946742 0.33487125 0.79266037 0.64557174 0.04563434 0.76233698 0.35730891 0.11315037 0.92711492 0.49395811 0.14802634 0.85679798 0.75585962 0.11411339 0.64472142 0.72537119 0.12033226 0.67776623 0.83885972 0.30747552 0.44920655 0.87037913 -0.09128573 0.48385804 0.85247015 0.06935546 0.51815897 0.8370596 0.10669814 0.53662198 0.87211345 0.15957175 0.4625579 0.95332178 -0.06620364 0.29463401 0.80174796 -0.29144838 -0.52179193 0.8817753 -0.37446971 -0.28679993 0.66981462 -0.2714441 -0.69114259 0.90182723 -0.11600074 -0.41624643 0.60700479 -0.08205928 -0.79045869 0.8825538 -0.14875443 -0.44606571 0.6363965 -0.24973691 -0.72981877 0.69683245 -0.70063109 0.15343253 0.90129735 -0.42687048 -0.07388625 0.98101731 -0.07677492 -0.17812163 0.03291527 0.99915656 -0.02472623 -0.00492233 0.91124638 -0.4118328 0.00315363 0.93914141 -0.34352745 0.14616481 0.92947789 0.3386945 0.17291623 0.78366584 0.59663689 0.18985289 0.79181398 0.5805254 -0.99849965 0.04001763 0.03751366 -0.99819376 0.04030816 0.04457495 -0.98079505 -0.08730176 0.17441871 -0.93989523 -0.04039971 0.33907483 -0.99785205 0.05984567 0.02692209 -0.99778178 0.0605967 0.02771926 -0.96401491 -0.04770554 0.26156046 -0.93785532 -0.1258852 0.32338972 -0.99991348 -0.0136054 0.00126218 -0.90927317 0.02622198 0.41538461 -0.95309462 0.01566653 0.30227439 -0.99977382 -0.02139442 0.00172549 -0.99093827 0.08645872 0.10281668 -0.97143741 -0.06608971 0.22791853 -0.98950811 0.09546966 0.10846454 -0.99753311 -0.06425579 0.02838378 -0.97651251 0.02760441 0.21371137 -0.99866583 -0.04992916 0.01331258 -0.18202318 0.11352468 0.97672905 -0.18202318 0.11352468 0.97672905 -0.18202318 0.11352468 0.97672905 0.31498582 0.48566004 0.81543134 0.31498582 0.48566004 0.81543134 0.31498582 0.48566004 0.81543134 0.64817366 0.73661137 0.19306934 0.64817366 0.73661137 0.19306934 0.64817366 0.73661137 0.19306934 0.18428215 0.5630722 0.80560879 0.18428215 0.5630722 0.80560879 0.18428215 0.5630722 0.80560879 0.9398941 -0.04039449 0.33907504 0.98067959 -0.08567995 0.1758944 0.93785765 -0.12588535 0.32338987 0.96395596 -0.04692654 0.26190608 0.95289876 0.00570025 0.30324144 0.90927305 0.0262226 0.41538529 0.9696274 -0.05781614 0.23767223 0.97563567 0.01811094 0.2186605 0.18202295 0.11352466 0.97672905 0.18202295 0.11352466 0.97672905 0.18202295 0.11352466 0.97672905 -0.3149855 0.48566004 0.81543134 -0.3149855 0.48566004 0.81543134 -0.3149855 0.48566004 0.81543134 -0.64817003 0.736619 0.1930713 -0.64817003 0.736619 0.1930713 -0.64817003 0.736619 0.1930713 -0.18426904 0.56307214 0.80560885 -0.18426904 0.56307214 0.80560885 -0.18426904 0.56307214 0.80560885 -0.75823576 0.59470731 0.2672272 -0.75823576 0.59470731 0.2672272 -0.75823576 0.59470731 0.2672272 -0.55786639 0.30149095 0.77324504 -0.55786639 0.30149095 0.77324504 -0.55786639 0.30149095 0.77324504 -0.76400013 0.58032709 0.28201842 -0.76400013 0.58032709 0.28201842 -0.76400013 0.58032709 0.28201842 -0.59459942 0.62217674 -0.50926512 -0.59459942 0.62217674 -0.50926512 -0.59459942 0.62217674 -0.50926512 -0.38182552 0.2833586 0.87973176 0.92957022 0.06046173 0.36367883 0.92957022 0.06046173 0.36367883 0.92957022 0.06046173 0.36367883 0.5507074 0.45314347 0.70098925 0.5507074 0.45314347 0.70098925 0.5507074 0.45314347 0.70098925 -0.13852985 0.74317677 0.65460816 -0.13852985 0.74317677 0.65460816 -0.13852985 0.74317677 0.65460816 0.61590728 0.52744221 0.5852158 0.61590728 0.52744221 0.5852158 0.61590728 0.52744221 0.5852158 -0.92956551 0.06046087 0.36367358 -0.92956551 0.06046087 0.36367358 -0.92956551 0.06046087 0.36367358 -0.55071753 0.45314347 0.70098931 -0.55071753 0.45314347 0.70098931 -0.55071753 0.45314347 0.70098931 0.1385402 0.74317677 0.65460816 0.1385402 0.74317677 0.65460816 0.1385402 0.74317677 0.65460816 -0.61590031 0.52744716 0.58522129 -0.61590031 0.52744716 0.58522129 -0.61590031 0.52744716 0.58522129 -0.69796178 -0.45695587 0.55141085 -0.51967155 -0.48316165 0.70462567 -0.61959729 -0.4805532 0.62062654 -0.8200653 -0.3777257 0.42991077 -0.54140043 -0.49528428 0.67940548 -0.54501575 -0.49952685 0.67337832 -0.55305737 -0.50307202 0.66412094 -0.76249839 0.53497529 0.36387779 -0.88055544 0.46780684 0.07603143 -0.85296969 0.51118648 0.10550857 -0.81764971 0.55794382 0.14196048 -0.91937597 0.29886633 0.25580903 -0.34063364 -0.12276845 0.93215336 -0.63821849 0.16928791 0.75102205 -0.5378865 0.0944453 0.83771817 -0.34382714 -0.12555262 0.93060662 0.06925779 -0.13857072 0.98793336 0.15951666 -0.23909304 0.95781197 0.6435757 -0.07713942 0.76149435 0.64578787 -0.27146166 0.71363992 -0.34279488 -0.06651634 0.93705257 -0.43090468 -0.25711137 0.86500023 -0.41672649 -0.1999581 0.88677387 -0.29904544 -0.00977685 0.95419463 0.07428028 -0.03031625 0.99678286 0.13604988 0.07800875 0.98762645 0.60438183 0.06545949 0.79400159 0.64384976 -0.01672389 0.7649777 -0.2755967 -0.09211773 0.95685639 -0.59577048 -0.26631471 0.75772197 -0.48954653 -0.19891342 0.84898685 -0.22300378 0.09962659 0.96971782 0.29389014 0.08771559 0.95180836 0.13819818 0.03027208 0.98994794 0.74201775 0.0396902 0.66921303 -0.69309196 -0.33028157 0.64073995 -0.71118731 -0.44839459 0.54145044 -0.71079517 -0.45443322 0.53690105 -0.72697247 -0.2989054 0.61820689 -0.757123 0.15977805 0.63343784 -0.73689378 0.16202241 0.65631536 -0.39131092 0.06569027 0.91791197 -0.32778106 0.11722405 0.93745842 0.03502057 0.02997965 0.99893817 0.12368636 0.08381834 0.98877843 0.64166054 0.14279574 0.75357915 0.69813225 -0.11433621 0.70678366 0.20571614 -0.00857124 0.97858174 0.37165494 -0.05628975 0.92666312 0.70595796 -0.07859243 0.70388073 -0.24203821 -0.05249081 0.96885236 -0.1168011 -0.09654372 0.98845758 -0.6515331 -0.03583139 0.75778068 -0.52697318 -0.10217791 0.84371923 -0.94541188 0.0344638 0.32406233 -0.94532909 0.01688059 0.32568966 -0.85306518 0.51065599 0.10734364 -0.85296963 0.51118648 0.10550854 0.69945416 -0.45137154 0.55411219 0.82006417 -0.37772725 0.42991345 0.62695518 -0.45814424 0.63010791 0.51967823 -0.48316782 0.70462466 0.55305522 -0.50307154 0.66412094 0.54501521 -0.49952721 0.67337594 0.54139709 -0.49528342 0.67940655 0.76249225 0.53497898 0.36388017 0.81764714 0.55794495 0.14196233 0.85297547 0.51118993 0.10550925 0.88055466 0.46780669 0.07603117 0.9193727 0.2988637 0.25580817 0.34254195 -0.12481128 0.93117644 0.34382768 -0.12555113 0.93060448 0.53968435 0.09228288 0.83679901 0.63821343 0.16928502 0.75101877 -0.06925156 -0.13857315 0.98793479 -0.15951521 -0.23909428 0.95780929 -0.64355251 -0.07714757 0.76151318 -0.64578536 -0.27146419 0.71363617 0.33798517 -0.06997121 0.93854894 0.29904791 -0.00977603 0.95418795 0.41241827 -0.20270107 0.88815884 0.43089958 -0.25711351 0.86500136 -0.07427401 -0.03031479 0.99677708 -0.13604439 0.07800691 0.98762842 -0.60438487 0.06546054 0.79400713 -0.6438447 -0.01672505 0.7649755 0.48954721 -0.19890821 0.84898905 0.59577161 -0.26630937 0.75772394 0.27559658 -0.09211225 0.95685031 0.2230041 0.09962671 0.96971895 -0.17266224 -0.05360971 0.9835225 -0.29388478 0.08771246 0.95180812 -0.74201346 0.03969002 0.66921225 0.71079553 -0.45443325 0.53690105 0.71118767 -0.44839462 0.54145038 0.69309208 -0.33028243 0.64073995 0.72697223 -0.29890528 0.61820701 0.73688883 0.16202081 0.65631977 0.7571174 0.15977957 0.63344273 0.37446604 0.04904075 0.92594679 0.32778077 0.11722347 0.93745967 -0.06166619 0.00834543 0.99806371 -0.12371363 0.08381582 0.98877468 -0.64156488 0.14285193 0.75365687 -0.37165577 -0.05628542 0.92666693 -0.20571352 -0.00856839 0.97857721 -0.69813243 -0.1143394 0.70678825 -0.70596058 -0.07859805 0.70388598 0.11679898 -0.09654417 0.98845579 0.2420334 -0.05249315 0.96885111 0.5213173 -0.07724004 0.84986345 0.6515359 -0.03582531 0.75778199 0.94558581 0.0149662 0.32504748 0.9454114 0.03446368 0.32406224 0.85297547 0.51118993 0.10550926 0.85306452 0.51065558 0.10734357 0.96872326 -0.20967815 -0.13271702 0.99997225 0.0025871 0.0070878 0.99983313 0.01236871 0.01345638 -0.81985383 0.46077769 -0.33991147 -0.63004306 0.6273813 -0.45764934 -0.63078091 0.61844799 -0.46865576 -0.78572775 0.45412459 -0.42000469 -0.76973797 0.4143553 -0.48562109 -0.74959964 0.58211338 -0.31504221 -0.64685378 0.60863862 -0.4594992 -0.9948689 0.10114948 -0.00409807 -0.98679717 0.16196429 -0.00083068 -0.89722626 0.16503305 -0.40958591 -0.98096915 -0.13479801 0.13977029 -0.77387459 -0.48289024 0.40981679 -0.97228398 -0.19756145 0.12508679 -0.85553424 -0.0689299 0.51315051 -0.97325059 0.21693104 -0.07575178 -0.85421871 -0.4448234 0.26915502 -0.8405147 -0.44905399 0.30313994 -0.96169682 -0.12187089 0.24554826 -0.96082397 -0.12266886 0.24856342 -0.6435158 -0.62980786 0.4350174 -0.61295864 -0.65565703 0.44091107 -0.58632296 -0.66470632 0.46303745 -0.91255601 0.06306871 0.4040768 -0.96516093 0.15344917 -0.21195426 -0.96735217 0.17635558 -0.18202468 -0.9885126 0.11208047 -0.10146402 -0.78648318 -0.43406497 -0.43936958 -0.78217084 -0.43599867 -0.445118 -0.92297657 -0.23873948 -0.30187462 -0.33943049 -0.57790714 -0.74217034 -0.04859525 -0.68303249 -0.72877002 -0.02524779 -0.68919197 -0.72413898 -0.44445368 -0.52737611 -0.72411192 -0.30612851 0.65489886 0.69093624 -0.44916334 0.64606723 0.61714187 -0.73794121 0.47898476 0.47542478 -0.85100536 0.43042113 0.30090056 -0.99377211 0.10333599 -0.04170623 -0.99477317 0.09361164 -0.04087732 -0.82516609 0.23292472 -0.51463866 -0.37297891 0.66940037 -0.64250294 -0.90488293 -0.29644084 -0.30547528 -0.41683965 0.04414932 -0.90791543 -0.98431309 0.00497975 0.17636419 -0.0709706 -0.88880978 0.45276182 -0.77023781 -0.34990786 0.53320735 -0.89943378 -0.26365986 -0.34858893 -0.83054559 -0.51003175 -0.22374872 -0.92660608 0.35699184 -0.11822436 -0.30712791 -0.42116248 -0.8534094 -0.33426522 -0.65530029 -0.67738578 0.94641884 -0.23571964 0.22077364 0.9936026 -0.10330394 -0.04577635 0.99948653 -0.01894129 -0.0260754 0.85854362 -0.41792877 0.29706555 0.83860259 -0.44778933 0.3102255 0.85648047 -0.42125161 0.29831111 0.92533656 -0.2903569 0.24383641 0.99705031 0.01546405 0.07517978 0.93089845 0.30836554 -0.19581234 0.83646814 0.43147494 -0.33788119 0.85115139 0.40898268 -0.329067 0.85838507 0.40781762 -0.31122981 0.93360593 0.31186186 -0.17642798 0.78130151 -0.43728532 -0.44537823 0.78606541 -0.43479087 -0.4394023 0.02524783 -0.68919191 -0.72413898 0.04859536 -0.68303243 -0.72877008 0.33943046 -0.5779072 -0.74217034 0.44445362 -0.52737617 -0.72411198 0.44916346 0.64606723 0.61714199 0.31186287 0.64073262 0.70158119 0.75100041 0.43426948 0.4974133 0.85098152 0.43043973 0.30091964 -0.22542701 -0.61885145 0.75246806 -0.35752384 -0.91345282 -0.19438342 -0.40251531 -0.89824622 -0.17651833 0.09308806 0.31044026 0.94603463 -0.19112494 0.08997041 0.97744026 -0.39661692 -0.9179187 -0.01174704 -0.52602106 -0.70861978 0.470288 -0.26982128 0.15018332 0.95113101 0.05185772 0.52125018 0.85183714 -0.3000849 -0.91103752 -0.28279471 -0.60526767 -0.45459764 0.65345154 -0.05902566 -0.18796175 0.98041155 0.56511086 -0.46263578 -0.68310777 0.62416157 -0.48284327 -0.61424938 -0.00388513 -0.95040502 0.31100525 0.02497105 -0.25881302 0.96561058 -0.89447491 -0.43082284 0.11962451 -0.737503 -0.64541623 -0.19885716 0.40251024 -0.89823447 -0.1765297 0.35751988 -0.91345473 -0.19438255 0.22542565 -0.61885724 0.75246579 -0.09311153 0.31042357 0.94603821 0.52601951 -0.7086193 0.47028442 0.39660309 -0.91791977 -0.01175167 0.19112932 0.08995776 0.97744628 0.26982369 0.15017338 0.95112916 -0.05186987 0.52124553 0.85183983 0.05903959 -0.18792293 0.98041703 0.60530976 -0.45458593 0.65341917 0.30008592 -0.9109983 -0.2829104 -0.62419155 -0.48284002 -0.61421946 -0.56514299 -0.46264293 -0.68307558 0.00375726 -0.9504148 0.31098194 -0.02495425 -0.2587842 0.96562268 0.68817935 -0.70998568 -0.1494496 0.89447974 -0.43082659 0.11962348</float_array>
          
            <technique_common>
              <accessor source="#Obelix_geom_tangents_array" count="2011" stride="3">
                <param name="X" type="float"/>
                <param name="Y" type="float"/>
                <param name="Z" type="float"/>
              </accessor>
            </technique_common>
          </source>
        
          <source id="Obelix_geom_uvMap0" name="uvMap0">
            <float_array id="Obelix_geom_uvMap0_array" count="4022">0.29697403 0.14015102 0.24871299 0.07883298 0.42969303 0.03362 0.15036802 0.11298197 0.18871501 0.136316 0.24871299 0.07883298 0.18871501 0.136316 0.15036802 0.11298197 0.167167 0.20481699 0.48825001 0.15601003 0.29697403 0.14015102 0.167167 0.20481699 0.34861599 0.20657396 0.42969303 0.03362 0.48825001 0.15601003 0.34861599 0.20657396 0.041144 0.14136898 0.041144 0.14136898 0.66536299 0.01562499 0.66536299 0.01562499 0.017184 0.88944201 0.613453 0.64559606 0.613453 0.78340299 0.613453 0.64559606 0.017184 0.88944201 0.017184 0.53323894 0.017184 0.88944201 0.613453 0.78340299 0.31531898 0.62499997 0.613453 0.64559606 0.017184 0.53323894 0.017184 0.88944201 0.613453 0.78340299 0.017184 0.53323894 0.613453 0.64559606 0.613453 0.78340299 0.017184 0.53323894 0.017184 0.53323894 0.613453 0.78340299 0.613453 0.78340299 0.017184 0.53323894 0.613453 0.64559606 0.613453 0.78340299 0.017184 0.88944201 0.613453 0.64559606 0.017184 0.53323894 0.017184 0.88944201 0.613453 0.78340299 0.017184 0.53323894 0.613453 0.64559606 0.613453 0.78340299 0.017184 0.88944201 0.613453 0.78340299 0.613453 0.64559606 0.017184 0.53323894 0.017184 0.88944201 0.613453 0.64559606 0.017184 0.53323894 0.017184 0.88944201 0.017184 0.53323894 0.613453 0.64559606 0.017184 0.88944201 0.613453 0.78340299 0.017184 0.88944201 0.31531898 0.62499997 0.31531898 0.82659601 0.58337694 0.78340299 0.58337694 0.64559606 0.58337694 0.78340299 0.31531898 0.82739799 0.017184 0.88944201 0.017184 0.53323894 0.31531898 0.62499997 0.017184 0.53323894 0.017184 0.88944201 0.613453 0.78340299 0.017184 0.88944201 0.017184 0.53323894 0.613453 0.64559606 0.017184 0.53323894 0.31531898 0.62499997 0.017184 0.88944201 0.613453 0.78340299 0.613453 0.78340299 0.613453 0.64559606 0.017184 0.53323894 0.017184 0.88944201 0.613453 0.64559606 0.017184 0.53323894 0.017184 0.88944201 0.613453 0.78340299 0.613453 0.64559606 0.017184 0.53323894 0.017184 0.88944201 0.613453 0.78340299 0.017184 0.53323894 0.613453 0.64559606 0.613453 0.78340299 0.58337694 0.64559606 0.58337694 0.78340299 0.31531898 0.62499997 0.58337694 0.78340299 0.31531898 0.82739799 0.017184 0.53323894 0.613453 0.78340299 0.613453 0.64559606 0.58337694 0.64559606 0.613453 0.78340299 0.017184 0.88944201 0.613453 0.64559606 0.613453 0.78340299 0.017184 0.53323894 0.613453 0.64559606 0.613453 0.78340299 0.017184 0.88944201 0.31531898 0.62499997 0.31531898 0.82659601 0.017184 0.88944201 0.017184 0.53323894 0.613453 0.64559606 0.613453 0.78340299 0.017184 0.53323894 0.613453 0.64559606 0.613453 0.78340299 0.017184 0.88944201 0.613453 0.78340299 0.017184 0.88944201 0.017184 0.53723293 0.017184 0.53323894 0.613453 0.64559606 0.613453 0.78340299 0.017184 0.88944201 0.60706803 0.43384396 0.60706803 0.54408401 0.41199698 0.569395 0.45954799 0.35977398 0.60706803 0.35266505 0.079175 0.56331104 0.154319 0.35916697 -0.026812 0.37101499 0.41199698 0.569395 0.60706803 0.54408401 0.60706803 0.43384396 0.079175 0.56331104 0.60706803 0.43384396 0.60706803 0.54408401 0.41199698 0.569395 0.45954799 0.35977398 0.60706803 0.35266505 0.079175 0.56331104 0.154319 0.35916697 0.33544899 0.35977398 0.240349 0.556764 -0.026812 0.37101499 0.41199698 0.569395 0.60706803 0.54408401 0.60706803 0.43384396 0.079175 0.56331104 0.240349 0.556764 0.613453 0.78340299 0.017184 0.88944201 0.017184 0.53323894 0.017184 0.88944201 0.613453 0.64559606 0.017184 0.53323894 0.017184 0.88944201 0.017184 0.88944201 0.017184 0.88944201 0.98437496 0.07812499 0.69259605 0.14449 0.017184 0.53323894 0.25061702 0.28656399 0.56562399 0.26997303 0.72219796 0.24956398 0.98614999 0.27534401 0.40468102 0.30160497 0.58337694 0.64559606 0.017184 0.53323894 0.017184 0.88944201 0.613453 0.64559606 0.017184 0.53323894 0.98437496 0.07812499 0.98614999 0.27534401 0.69259605 0.14449 0.56562399 0.26997303 0.72219796 0.24956398 0.25061702 0.28656399 0.40468102 0.30160497 0.730631 0.49910497 0.70786405 0.97723396 0.98437496 0.97723396 0.98437496 0.97723396 0.70786405 0.97723396 0.730631 0.49951898 0.65624997 0.5 0.84375004 0.5 0.84375004 0.309391 0.65624997 0.309391 0.84375004 0.5 0.84375004 0.309391 0.65624997 0.309391 0.65624997 0.5 0.98437496 0.5 0.98437496 0.5 0.613453 0.61763796 0.92139794 0.82331799 0.868448 0.82334296 0.88190494 0.85422604 0.93657001 0.85377298 0.826551 0.82383697 0.83410005 0.86286603 0.78920198 0.82324396 0.79698492 0.85247599 0.75752408 0.82310401 0.75752408 0.850031 0.95312508 0.82266496 0.97552403 0.82274495 0.96816905 0.85251103 0.95312508 0.85109697 0.99157199 0.82363693 0.99157199 0.856656 0.94476302 0.87884401 0.99157199 0.87796996 0.79234393 0.87938796 0.83246605 0.87726502 0.75752408 0.87833397 0.95312508 0.86792402 0.75752408 0.89134197 0.79690493 0.89134197 0.95312508 0.89134197 0.99157199 0.89134197 0.88759302 0.87451301 0.88659994 0.89134197 0.94476302 0.89134197 0.83307902 0.89134197 0.94429501 0.82331799 0.121561 0.82943897 0.12993399 0.94531204 0.007244 0.91493793 0.007244 0.81953798 0.007812 0.99218794 0.057545 0.96875002 0.007812 0.96875002 0.84385703 0.67968795 0.79797996 0.66406206 0.84652804 0.66406206 0.79797996 0.59375006 0.84652804 0.59375006 0.98017397 0.66406206 0.98764296 0.63463995 0.99218794 0.66406206 0.98017397 0.67968795 0.98056301 0.59167099 0.98043998 0.58122897 0.95029899 0.67968795 0.94995298 0.66406206 0.8126779 0.55468797 0.75781209 0.55468797 0.75781209 0.50781208 0.8126779 0.50781208 0.86718802 0.55468797 0.86718802 0.50781208 0.99218794 0.50781208 0.99218794 0.55468797 0.88281201 0.55468797 0.88281201 0.50781208 0.124121 0.55142504 0.007244 0.58321601 0.007244 0.50610101 0.10611099 0.50610101 0.64207497 0.50610101 0.73437501 0.50781208 0.73437501 0.601809 0.63627991 0.58966994 0.74218798 0.65624997 0.63101795 0.66767296 0.74094201 0.73437501 0.61605695 0.73151506 0.74094201 0.81953798 0.61605695 0.817888 0.31945599 0.65440002 0.30904899 0.73151506 0.22058899 0.73151506 0.21132001 0.65440002 0.42352699 0.65440002 0.42641305 0.73448104 0.42641305 0.80862997 0.30904899 0.80862997 0.12993399 0.65440002 0.175598 0.58321601 0.33506597 0.58321601 0.407916 0.58321601 0.52523893 0.65440002 0.56593293 0.58321601 0.42641305 0.908358 0.30904899 0.89226894 0.22058899 0.88824694 0.22058899 0.80862997 0.31724198 0.96146997 0.42641305 0.96146997 0.74094201 0.91493793 0.74094201 0.88824694 0.67850003 0.96879204 0.61825296 0.94531204 0.50198596 0.73151506 0.50198596 0.80862997 0.50780004 0.94531204 0.13733199 0.88824694 0.13733199 0.80862997 0.12993399 0.73151506 0.007244 0.80862997 0.007854 0.88092498 0.007244 0.73448104 0.007244 0.65440002 0.99218794 0.80468796 0.99218794 0.69531206 0.975486 0.69531206 0.96981504 0.80468796 0.95905801 0.69531206 0.94480701 0.69531206 0.95059999 0.80468796 0.92711802 0.69531206 0.92319502 0.80468796 0.88307796 0.59167099 0.94995298 0.59167099 0.88307796 0.66406206 0.77557296 0.66406206 0.77557296 0.59375006 0.90624996 0.69531206 0.90624996 0.80468796 0.90624996 0.75582207 0.88307796 0.57213997 0.94995298 0.57213997 0.88281201 0.67968795 0.84652804 0.57031202 0.62406603 0.55142504 0.64062503 0.50781208 0.73437501 0.601809 0.10611099 0.50610101 0.11131499 0.58321601 0.007244 0.58321601 0.109211 0.65440002 0.007244 0.65440002 0.115665 0.73151506 0.007244 0.73437501 0.427888 0.65440002 0.53638893 0.65440002 0.53193289 0.73151506 0.42934899 0.73151506 0.32807301 0.73448104 0.32959901 0.65440002 0.42814099 0.80862997 0.32565202 0.80862997 0.64465299 0.66661397 0.56011903 0.58321601 0.41311996 0.58321601 0.34027 0.58321601 0.197667 0.65440002 0.182254 0.58321601 0.430337 0.89825897 0.32177399 0.91661896 0.52873396 0.80862997 0.52807694 0.88824694 0.43129899 0.96146997 0.32177399 0.96146997 0.069687 0.96093794 0.007244 0.89556997 0.41950299 0.96875002 0.42496001 0.99218794 0.322527 0.99218794 0.31820498 0.96875002 0.426488 0.96875002 0.323974 0.96875002 0.22094899 0.96875002 0.215255 0.99218794 0.087363 0.96875002 0.090385 0.99218794 0.007812 0.96875002 0.12678199 0.96875002 0.217517 0.73151506 0.22771198 0.80862997 0.24038702 0.94531204 0.63819602 0.80862997 0.64324799 0.88824694 0.63538495 0.73151506 0.214665 0.96875002 0.74094201 0.80862997 0.74033202 0.88092498 0.74094201 0.73448104 0.74218798 0.65624997 0.12499999 0.03906202 0.14062499 0.00781202 0.14963199 0.01562499 0.12499999 0.0625 0.059117 0.11352401 0.059981 0.17741602 0.12499999 0.16562497 0.12499999 0.10607099 0.007812 0.11181402 0.007812 0.17678499 0.17949703 0.15662801 0.18544501 0.10442697 0.24218801 0.15242505 0.24218801 0.09429198 0.17990201 0.01562499 0.24218801 0.01562499 0.18808601 0.15247601 0.124979 0.15097302 0.12499999 0.090644 0.19594198 0.10378897 0.08957701 0.16238599 0.051388 0.17169701 0.04727 0.10699403 0.08569501 0.09824401 0.12499999 0.24218803 0.055223 0.24218803 0.007812 0.24218803 0.17848802 0.24218803 0.124979 0.24218803 0.17200502 0.24218803 0.24218801 0.24218803 0.068359 0.24218803 0.059058 0.06993401 0.12499999 0.06811499 0.057561 0.01562499 0.10156199 0.01562499 0.10937499 0.00781202 0.14062499 0.00781202 0.152647 0.01562499 0.12499999 -0.03906202 0.12499999 0.30468796 0.12499999 0.03906202 0.007812 0.01562499 0.049513 0.01562499 0.078125 0.01562499 0.10937499 0.01562499 0.10937499 0.00781202 0.192772 0.01562499 0.81249998 0.50701606 0.81249998 0.55391604 0.75781209 0.55391604 0.77354503 0.60998997 0.86719803 0.55391604 0.86719803 0.50701606 0.88281201 0.55468797 0.94879003 0.55468797 0.93613698 0.50781208 0.88281201 0.50781208 0.99218794 0.55468797 0.99218794 0.50781208 0.81249998 0.50701606 0.81249998 0.55391604 0.86719803 0.55391604 0.86719803 0.50701606 0.75781209 0.55391604 0.75781209 0.50781208 0.81249998 0.55391604 0.86719803 0.55391604 0.86719803 0.507317 0.81249998 0.507317 0.75781209 0.55391604 0.75781209 0.50781208 0.81360398 0.50753003 0.77464897 0.610504 0.75891698 0.55440503 0.80579202 0.55440503 0.86718802 0.55440503 0.86718802 0.50753003 0.99239095 0.55468797 0.95332804 0.55468797 0.92989101 0.50712305 0.99239095 0.50712305 0.88281201 0.55468797 0.88281201 0.50712305 0.81360398 0.50753003 0.77464897 0.610504 0.75891698 0.55440503 0.81360398 0.55440503 0.86718802 0.55440503 0.86718802 0.50753003 0.92989101 0.55468797 0.96114101 0.50712305 0.88281201 0.50712305 0.88281201 0.55468797 0.99239095 0.55468797 0.99239095 0.50712305 0.81360398 0.50753003 0.77464897 0.610504 0.75891698 0.55440503 0.81360398 0.55440503 0.86718802 0.55440503 0.86718802 0.50753003 0.86718802 0.55440503 0.86718802 0.50753003 0.81360398 0.50753003 0.81360398 0.55440503 0.75781209 0.50781208 0.75891698 0.55440503 0.63320694 0.96146997 0.52651202 0.96146997 0.61852506 0.99218794 0.61431 0.96875002 0.74218798 0.96875002 0.74218798 0.99218794 0.74218798 0.96875002 0.61785403 0.96875002 0.52034694 0.96875002 0.52157598 0.99218794 0.50895601 0.96875002 0.22058899 0.96146997 0.147374 0.96146997 0.007854 0.96146997 0.74033202 0.955951 0.88637196 0.94174101 0.87836401 0.99226292 0.94134798 0.99226292 0.936107 0.94174101 0.83874206 0.94174101 0.83691798 0.99226292 0.800059 0.94174101 0.80170397 0.99226292 0.75752408 0.99226292 0.75752408 0.94174101 0.99157199 0.99226292 0.94476302 0.99226292 0.95312508 0.94174101 0.99157199 0.94174101 0.79907198 0.90590795 0.75752408 0.90590795 0.95312508 0.90590795 0.99157199 0.90590795 0.93996002 0.91953697 0.94089999 0.90590795 0.83547698 0.90590795 0.83653603 0.91272201 0.88733296 0.914849 0.88752507 0.90590795 0.75781209 0.50781208 0.75781209 0.55468797 0.8126779 0.55468797 0.8126779 0.50781208 0.86718802 0.55468797 0.86718802 0.50781208 0.99218794 0.50781208 0.88281201 0.50781208 0.88281201 0.55468797 0.99218794 0.55468797 0.74218798 0.96875002 0.69437698 0.96875002 0.74218798 0.99218794 0.43125399 0.99218794 0.32851399 0.99218794 0.33405702 0.96875002 0.43558999 0.96875002 0.32684003 0.96875002 0.42976301 0.96875002 0.53855502 0.99218794 0.53283995 0.96875002 0.66341904 0.99218794 0.666428 0.96875002 0.74218798 0.96875002 0.62703601 0.96875002 0.53915399 0.96875002 0.007812 0.96875002 0.13565698 0.96875002 0.131374 0.99218794 0.007812 0.99218794 0.13205198 0.96875002 0.007812 0.96875002 0.23005799 0.99218794 0.23131 0.96875002 0.242831 0.96875002 0.88174598 0.85422604 0.89654599 0.82340102 0.83930604 0.82337396 0.82139097 0.85377298 0.93444302 0.85592996 0.94172605 0.82350103 0.97596898 0.85247599 0.98331203 0.82329796 0.94476302 0.850031 0.94476302 0.82315402 0.78873099 0.85252701 0.774045 0.823301 0.81249998 0.823301 0.81249998 0.85252701 0.76532603 0.85252701 0.76532603 0.823301 0.76532603 0.87796996 0.81361298 0.87884401 0.93608399 0.87726502 0.97596898 0.87938796 0.94476302 0.87833397 0.80433397 0.87581603 0.94476302 0.89134197 0.97596898 0.89134197 0.79653199 0.89134197 0.76532603 0.89134197 0.875194 0.87451301 0.81288598 0.89134197 0.87608896 0.89134197 0.93573501 0.89134197 0.79072798 0.82337396 0.81993691 0.99226292 0.88234995 0.99226292 0.87541501 0.94174101 0.82143996 0.94174101 0.91217895 0.99226292 0.92721399 0.94174101 0.97596898 0.94174101 0.99157199 0.99226292 0.94476302 0.99226292 0.94476302 0.94174101 0.76532603 0.99226292 0.76532603 0.94174101 0.79653199 0.94174101 0.78873099 0.99226292 0.94476302 0.90590795 0.97596898 0.90590795 0.79653199 0.90590795 0.76532603 0.90590795 0.81524996 0.90590795 0.81632899 0.91953697 0.93202402 0.91272201 0.93330606 0.90590795 0.87489204 0.914849 0.87483696 0.90590795 0.83666997 0.71122498 0.83895604 0.70632697 0.81893597 0.70413101 0.85313402 0.73250503 0.80474899 0.72895897 0.84021602 0.72186501 0.83312307 0.71831799 0.80474899 0.70413101 0.78346802 0.71122498 0.87313901 0.75023896 0.88987099 0.79279996 0.88987099 0.74314607 0.88987099 0.70767797 0.86859004 0.70767797 0.85313402 0.73250503 0.85313402 0.71599997 0.89696394 0.74669201 0.89696394 0.6955621 0.85313402 0.77152003 0.8827769 0.79279996 0.85313402 0.78570695 0.854403 0.79279996 0.854403 0.80493693 0.8827769 0.80493693 0.89696394 0.80493693 0.86859004 0.6955621 0.840353 0.6955621 0.80474899 0.77152003 0.77992201 0.75378604 0.77992201 0.78215999 0.84021602 0.77152003 0.84021602 0.79279996 0.84021602 0.78570695 0.76928098 0.80493693 0.84021602 0.80493693 0.759084 0.75378604 0.76928098 0.70058501 0.794109 0.6955621 0.86718802 0.77343798 0.89843796 0.78906203 0.84652804 0.66406206 0.79797996 0.66406206 0.84385703 0.67968795 0.84652804 0.59375006 0.79797996 0.59375006 0.98017397 0.66406206 0.98017397 0.67968795 0.99218794 0.66406206 0.98764296 0.63463995 0.98056301 0.59167099 0.98043998 0.58122897 0.94995298 0.66406206 0.95029899 0.67968795 0.99218794 0.80468796 0.96981504 0.80468796 0.975486 0.69531206 0.99218794 0.69531206 0.95059999 0.80468796 0.94480701 0.69531206 0.95905801 0.69531206 0.92711802 0.69531206 0.92319502 0.80468796 0.88307796 0.59167099 0.88307796 0.66406206 0.94995298 0.59167099 0.77557296 0.59375006 0.77557296 0.66406206 0.90624996 0.69531206 0.90624996 0.80468796 0.90624996 0.75582207 0.94995298 0.57213997 0.88307796 0.57213997 0.88281201 0.67968795 0.84652804 0.57031202 0.81893597 0.70413101 0.83895604 0.70632697 0.83666997 0.71122498 0.85313402 0.73250503 0.83312307 0.71831799 0.84021602 0.72186501 0.80474899 0.72895897 0.78346802 0.71122498 0.80474899 0.70413101 0.87313901 0.75023896 0.88987099 0.70767797 0.88987099 0.74314607 0.88987099 0.79279996 0.86859004 0.70767797 0.85313402 0.73250503 0.85313402 0.71599997 0.89696394 0.74669201 0.89696394 0.6955621 0.85313402 0.77152003 0.85313402 0.78570695 0.8827769 0.79279996 0.854403 0.79279996 0.8827769 0.80493693 0.854403 0.80493693 0.89696394 0.80493693 0.840353 0.6955621 0.86859004 0.6955621 0.77992201 0.75378604 0.80474899 0.77152003 0.77992201 0.78215999 0.84021602 0.77152003 0.84021602 0.78570695 0.84021602 0.79279996 0.84021602 0.80493693 0.76928098 0.80493693 0.759084 0.75378604 0.76928098 0.70058501 0.794109 0.6955621 0.12499999 -0.03906202 0.29890599 0.169712 0.31004597 0.08723598 0.25781202 0.10156202 0.25781202 0.18359398 0.25781202 0.24204599 0.341453 0.24204599 0.33813299 0.16796898 0.43789502 0.01953101 0.39204301 0.01953101 0.405591 0.03845298 0.44256397 0.07442802 0.409494 0.14062499 0.45545601 0.18187904 0.47373502 0.15584302 0.45568799 0.22482698 0.44996597 0.19921899 0.41005598 0.1875 0.38947903 0.244022 0.35937502 0.09765601 0.48663404 0.24121403 0.37414397 0.01953101 0.35899399 0.01953101 0.37832997 0.05859399 0.38787602 0.06226498 0.35156198 0.01953101 0.300061 0.01953101 0.49218797 0.15234398 0.49218797 0.08984398 0.25781202 0.01953101 0.45794501 0.01953101 0.49218797 0.03307199 0.47286003 0.00781202 0.49218797 0.00781202 0.14597099 0.25612103 0.11147799 0.25612103 0.107996 0.28484105 0.14459799 0.29115903 0.06763 0.317771 0.11229 0.33119796 0.076108 0.28131699 0.14492899 0.33650802 0.114249 0.36955498 0.148438 0.37015901 0.070651 0.370234 0.08569901 0.399756 0.11707299 0.399756 0.03099 0.25612103 0.024734 0.29763507 0.0625 0.28131699 0.062826 0.399087 0.038803 0.37756197 0.059315 0.42893099 0.072497 0.42893099 0.12499999 0.42893099 0.118544 0.46202003 0.154371 0.45687704 0.17968801 0.42893099 0.0625 0.49114298 0.08999801 0.49114298 0.024766 0.39825104 0.03099 0.42893099 0.03099 0.49114298 0.0625 0.25612103 0.03099 0.25612103 0.11147799 0.49114298 0.14597099 0.49114298 0.15423999 0.39024799 0.033384 0.34008698 0.08999801 0.25612103 0.206125 0.30352793 0.19561499 0.25612103 0.19752998 0.33349399 0.24218801 0.34466199 0.24218801 0.47071205 0.24218801 0.42134701 0.20850599 0.42893099 0.20059999 0.45728802 0.21874999 0.37015901 0.24218801 0.37015901 0.1875 0.37015901 0.21874999 0.384966 0.21372501 0.40717601 0.24218801 0.39977299 0.19502099 0.40717601 0.19561499 0.49114298 0.1875 0.384966 0.29890599 0.169712 0.31004597 0.08723598 0.33813299 0.16796898 0.33611302 0.244022 0.405591 0.03845298 0.39204301 0.01953101 0.43789502 0.01953101 0.44256397 0.07442802 0.47373502 0.15584302 0.45545601 0.18187904 0.409494 0.14062499 0.41005598 0.1875 0.44899498 0.19921899 0.45666104 0.22482698 0.39967202 0.24121403 0.35937502 0.09765601 0.37832997 0.05859399 0.35899399 0.01953101 0.37414397 0.01953101 0.38787602 0.06226498 0.35156198 0.01953101 0.300061 0.01953101 0.45794501 0.01953101 0.47286003 0.00781202 0.39597102 0.25612103 0.39459799 0.29115903 0.357996 0.28484105 0.36147799 0.25612103 0.36143301 0.33047603 0.31763001 0.317771 0.32610799 0.28131699 0.39492901 0.33650802 0.39843799 0.37015901 0.360826 0.36641107 0.32065104 0.370234 0.365063 0.39302503 0.33045302 0.394262 0.31282599 0.399087 0.32249702 0.42893099 0.31289501 0.42893099 0.40437101 0.45687704 0.36854397 0.46202003 0.37499998 0.42893099 0.429688 0.42893099 0.33999799 0.49114298 0.31249998 0.49183904 0.36147799 0.49114298 0.39597102 0.49114298 0.40424 0.39024799 0.33999799 0.25612103 0.31249998 0.28131699 0.31249998 0.256967 0.44561501 0.25612103 0.45612501 0.30352793 0.49218797 0.34466199 0.44752999 0.33349399 0.45850598 0.42893099 0.49218797 0.42134701 0.49218797 0.47071205 0.45060002 0.45728802 0.43749999 0.37015901 0.46874999 0.37015901 0.49218797 0.37015901 0.49218797 0.39977299 0.46372499 0.40717601 0.46874999 0.384966 0.44502099 0.40717601 0.44561501 0.49114298 0.43749999 0.384966 0.30448399 0.31695197 0.302543 0.28480702 0.30126597 0.372874 0.30484502 0.43697499 0.30578397 0.40122198 0.30130796 0.49218797 0.29518699 0.40226601 0.30149798 0.25781202 0.29019701 0.31876097 0.28986 0.28767299 0.285075 0.40632795 0.28536298 0.44960796 0.273063 0.45111703 0.27065103 0.408625 0.286525 0.37313597 0.27232598 0.37230395 0.27666103 0.49218797 0.28890597 0.49218797 0.28791501 0.25781202 0.27754199 0.28864598 0.27479001 0.25781202 0.27895798 0.32274102 0.28922501 0.34667598 0.30505799 0.34625099 0.27538299 0.34679697 0.255802 0.44981705 0.255802 0.40639304 0.255802 0.37089102 0.255802 0.28935599 0.255802 0.33034299 0.255802 0.25781202 0.25866597 0.48001706 0.29495403 0.44577001 0.67681399 0.00781202 0.68130097 0.046745 0.71093792 0.04411798 0.71093792 0.00781202 0.58940202 0.00781202 0.62660393 0.02131301 0.63323692 0.00781202 0.56478601 0.00781202 0.55589103 0.03367602 0.59814209 0.03576099 0.52756404 0.00781202 0.53182298 0.03298902 0.62003198 0.02774202 0.66709504 0.03016501 0.61695197 0.05831998 0.60458204 0.08593803 0.622812 0.08593803 0.64810702 0.08593803 0.65099696 0.06335002 0.66499201 0.08593803 0.68602994 0.08593803 0.50914299 0.08593803 0.53775 0.08593803 0.50781208 0.03081703 0.77329201 0.08593803 0.77343798 0.05433601 0.75000001 0.05741602 0.75000001 0.08593803 0.77343798 0.03507602 0.75000001 0.031919 0.77343798 0.00781202 0.75000001 0.00781202 0.72656203 0.00781202 0.72656203 0.03119301 0.72656203 0.05649 0.72656203 0.08593803 0.75000001 0.070001 0.77412302 0.07199102 0.78906203 0.08593803 0.78906203 0.05493998 0.78906203 0.034446 0.78906203 0.00781202 0.80468796 0.03149902 0.80468796 0.00781202 0.80468796 0.05892998 0.80468796 0.08593803 0.55415803 0.08593803 0.57972699 0.08593803 0.701226 0.08593803 0.71093792 0.08593803 0.77314604 0.08593803 0.77314604 0.05433601 0.75000001 0.05741602 0.75000001 0.08593803 0.77314604 0.03507602 0.75000001 0.031919 0.77314604 0.00781202 0.75000001 0.00781202 0.72656203 0.00781202 0.72656203 0.03119301 0.72656203 0.05649 0.72656203 0.08593803 0.75000001 0.070001 0.77412302 0.07199102 0.78906203 0.08593803 0.78906203 0.05493998 0.78906203 0.034446 0.78906203 0.00781202 0.80468796 0.03149902 0.80468796 0.00781202 0.80468796 0.05892998 0.80468796 0.08593803 0.50781208 0.00781202 0.77329201 0.08593803 0.77343798 0.05433601 0.75000001 0.05741602 0.75000001 0.08593803 0.77343798 0.03507602 0.75000001 0.031919 0.77343798 0.00781202 0.75000001 0.00781202 0.72656203 0.00781202 0.72656203 0.03119301 0.72656203 0.05649 0.72656203 0.08593803 0.75000001 0.070001 0.77412302 0.07199102 0.78906203 0.08593803 0.78906203 0.05493998 0.78906203 0.034446 0.78906203 0.00781202 0.80468796 0.03149902 0.80468796 0.00781202 0.80468796 0.05892998 0.80468796 0.08593803 0.77314604 0.08593803 0.75000001 0.08593803 0.75000001 0.05741602 0.77314604 0.05433601 0.75000001 0.031919 0.77314604 0.03507602 0.75000001 0.00781202 0.77314604 0.00781202 0.72656203 0.03119301 0.72656203 0.05649 0.72656203 0.08593803 0.77412302 0.07199102 0.75000001 0.070001 0.78906203 0.05493998 0.78906203 0.08593803 0.78906203 0.034446 0.80468796 0.03149902 0.80468796 0.05892998 0.80468796 0.08593803 0.67681399 0.00781202 0.71093792 0.00781202 0.71093792 0.04411798 0.68130097 0.046745 0.63323692 0.00781202 0.62660393 0.02131301 0.58940202 0.00781202 0.59814209 0.03576099 0.55589103 0.03367602 0.56478601 0.00781202 0.53182298 0.03298902 0.52756404 0.00781202 0.62003198 0.02774202 0.66709504 0.03016501 0.60458204 0.08593803 0.61695197 0.05831998 0.622812 0.08593803 0.65099696 0.06335002 0.64810702 0.08593803 0.66499201 0.08593803 0.68602994 0.08593803 0.50914299 0.08593803 0.50781208 0.03081703 0.53775 0.08593803 0.77329201 0.08593803 0.75000001 0.08593803 0.75000001 0.05741602 0.77343798 0.05433601 0.75000001 0.031919 0.77343798 0.03507602 0.75000001 0.00781202 0.77343798 0.00781202 0.72656203 0.03119301 0.72656203 0.00781202 0.72656203 0.05649 0.72656203 0.08593803 0.77412302 0.07199102 0.75000001 0.070001 0.78906203 0.05493998 0.78906203 0.08593803 0.78906203 0.034446 0.78906203 0.00781202 0.80468796 0.03149902 0.80468796 0.00781202 0.80468796 0.05892998 0.80468796 0.08593803 0.55415803 0.08593803 0.57972699 0.08593803 0.701226 0.08593803 0.71093792 0.08593803 0.77314604 0.08593803 0.75000001 0.08593803 0.75000001 0.05741602 0.77314604 0.05433601 0.75000001 0.031919 0.77314604 0.03507602 0.75000001 0.00781202 0.77314604 0.00781202 0.72656203 0.03119301 0.72656203 0.00781202 0.72656203 0.05649 0.72656203 0.08593803 0.77412302 0.07199102 0.75000001 0.070001 0.78906203 0.05493998 0.78906203 0.08593803 0.78906203 0.034446 0.78906203 0.00781202 0.80468796 0.03149902 0.80468796 0.00781202 0.80468796 0.05892998 0.80468796 0.08593803 0.50781208 0.00781202 0.77329201 0.08593803 0.75000001 0.08593803 0.75000001 0.05741602 0.77343798 0.05433601 0.75000001 0.031919 0.77343798 0.03507602 0.75000001 0.00781202 0.77343798 0.00781202 0.72656203 0.03119301 0.72656203 0.00781202 0.72656203 0.05649 0.72656203 0.08593803 0.77412302 0.07199102 0.75000001 0.070001 0.78906203 0.05493998 0.78906203 0.08593803 0.78906203 0.034446 0.78906203 0.00781202 0.80468796 0.03149902 0.80468796 0.00781202 0.80468796 0.05892998 0.80468796 0.08593803 0.77314604 0.08593803 0.77314604 0.05433601 0.75000001 0.05741602 0.75000001 0.08593803 0.77314604 0.03507602 0.75000001 0.031919 0.77314604 0.00781202 0.75000001 0.00781202 0.72656203 0.03119301 0.72656203 0.05649 0.72656203 0.08593803 0.75000001 0.070001 0.77412302 0.07199102 0.78906203 0.08593803 0.78906203 0.05493998 0.78906203 0.034446 0.80468796 0.03149902 0.80468796 0.05892998 0.80468796 0.08593803 0.85937499 0.05217403 0.86718802 0.05217403 0.86718802 0.00781202 0.85937499 0.00781202 0.85937499 0.08593803 0.86718802 0.08593803 0.824414 0.00781202 0.82812504 0.05217403 0.82812504 0.08593803 0.85937499 0.06772601 0.82812504 0.0625 0.89843796 0.08593803 0.89843796 0.05217403 0.89843796 0.00781202 0.82812504 0.05217403 0.82812504 0.08593803 0.824414 0.00781202 0.86718802 0.00781202 0.86718802 0.05217403 0.85937499 0.05217403 0.85937499 0.00781202 0.85937499 0.08593803 0.86718802 0.08593803 0.82812504 0.05217403 0.824414 0.00781202 0.82812504 0.08593803 0.85937499 0.06772601 0.82812504 0.0625 0.89843796 0.05217403 0.89843796 0.08593803 0.89843796 0.00781202 0.82812504 0.05217403 0.82812504 0.08593803 0.824414 0.00781202 0.94971903 0.102117 0.95296796 0.08647197 0.92276992 0.07750701 0.92192097 0.10251897 0.914108 0.06708198 0.93207695 0.04642599 0.92063691 0.01444602 0.918072 0.079975 0.93691297 0.05580401 0.98442104 0.098279 0.96812805 0.11460196 0.98784604 0.11673802 0.99223288 0.10227596 0.967653 0.04642599 0.96397098 0.05805498 0.98442104 0.076402 0.99223288 0.06650197 0.99216201 0.03100901 0.96337398 0.01517599 0.68750003 0.31249998 0.68750003 0.35156201 0.65624997 0.33688305 0.66387901 0.31249998 0.54228597 0.44331395 0.52473497 0.38944702 0.56974202 0.39001106 0.57126897 0.454104 0.56154698 0.47435002 0.62304202 0.40507 0.61580798 0.46004199 0.69358507 0.45509302 0.65992698 0.45933103 0.65914503 0.42337202 0.66573999 0.488137 0.61240694 0.48900103 0.72299594 0.442604 0.74019999 0.45272898 0.704583 0.47609704 0.58209997 0.29543101 0.51487296 0.299407 0.51554101 0.23283499 0.56660598 0.209338 0.63053295 0.29226303 0.62564597 0.359282 0.57296293 0.342243 0.61599794 0.31699101 0.51543396 0.33955298 0.70666797 0.43108897 0.69256106 0.40436303 0.64062503 0.31249998 0.64717004 0.33438597 0.65648899 0.37477098 0.68750003 0.39292799 0.73800106 0.38499801 0.73855109 0.38330398 0.74376804 0.36592196 0.73800106 0.38499801 0.73031402 0.40865802 0.72777296 0.38676499 0.80060695 0.23947202 0.80065201 0.24715196 0.76514299 0.23904502 0.63568393 0.27324998 0.71732605 0.27705001 0.75043697 0.22126102 0.75116802 0.25467801 0.63736698 0.29491603 0.6593 0.25545799 0.64062503 0.31249998 0.75000001 0.38410602 0.75000001 0.36652301 0.76669199 0.37614099 0.75829799 0.35805796 0.80222796 0.388714 0.80060099 0.41147797 0.839384 0.40371399 0.84008698 0.428824 0.87346802 0.38443004 0.88186602 0.41341 0.90425201 0.34868298 0.90425201 0.38464902 0.873251 0.34927498 0.79501099 0.363937 0.83309506 0.37807999 0.82841001 0.351449 0.82234393 0.30973397 0.85808103 0.31224297 0.77955801 0.30304698 0.76780004 0.26618999 0.81532697 0.275622 0.75502206 0.29178899 0.75258697 0.33027504 0.79062797 0.34408198 0.74928296 0.35174202 0.81604598 0.21279799 0.83048002 0.20150798 0.83341209 0.21734296 0.80533497 0.20263498 0.81426696 0.19052195 0.62878999 0.179681 0.68213794 0.13652998 0.71038694 0.16137599 0.72812606 0.32228701 0.714301 0.33667599 0.72724397 0.21267997 0.77133293 0.22269499 0.7916329 0.221484 0.740757 0.30819098 0.74050004 0.34127198 0.73978401 0.36553799 0.73463 0.35856198 0.74376804 0.36592196 0.82322697 0.22982597 0.77212001 0.20683198 0.79088498 0.19096803 0.76677293 0.17733299 0.75352211 0.127433 0.72447795 0.11675101 0.77195395 0.10512 0.78439201 0.12311798 0.793198 0.16583299 0.82586698 0.235951 0.71737499 0.355736 0.72549099 0.356167 0.72044999 0.37479602 0.70040102 0.36229901 0.71506203 0.40538894 0.72021497 0.37612699 0.74491102 0.41383504 0.69619105 0.39964102 0.89387398 0.30685703 0.84698693 0.26823299 0.77637095 0.24344599 0.55560297 0.10305899 0.59110504 0.11497598 0.59093898 0.17345303 0.55560297 0.189803 0.52044296 0.17762601 0.51413398 0.11997902 0.98943599 0.43626599 0.98437496 0.49218797 0.96076997 0.49218797 0.96382304 0.44026898 0.92968794 0.46501397 0.92968794 0.44827597 0.950794 0.40504097 0.949308 0.404469 0.98437496 0.40457903 0.96076997 0.44026898 0.92968794 0.46501397 0.93750008 0.49218797 0.93750008 0.49218797 0.970185 0.33329902 0.993113 0.368421 0.95756807 0.36715196 0.95063396 0.33302401 0.9292769 0.36867402 0.95244797 0.33372198 0.96482106 0.36994301 0.95884504 0.29949307 0.99084201 0.30063306 0.93336304 0.30086098 0.95553603 0.26778197 0.954183 0.26726102 0.96876301 0.26746702 0.96536001 0.30200098 0.96034398 0.236449 0.96339001 0.19853198 0.98817798 0.23743599 0.93815805 0.23763501 0.96599295 0.238622 0.86282603 0.10156202 0.84375004 0.12257599 0.88281201 0.12257599 0.88281201 0.15064299 0.84375004 0.151295 0.86282603 0.17968803 0.89843796 0.13281202 0.89843796 0.17052799 0.82812504 0.13281202 0.82812504 0.17052799 0.94971903 0.102117 0.92192097 0.10251897 0.92276992 0.07750701 0.95296796 0.08647197 0.92063691 0.01444602 0.93207695 0.04642599 0.914108 0.06708198 0.918072 0.079975 0.93691297 0.05580401 0.98442104 0.098279 0.99223288 0.10227596 0.98784604 0.11673802 0.96812805 0.11460196 0.967653 0.04642599 0.99223288 0.06650197 0.98442104 0.076402 0.96397098 0.05805498 0.96337398 0.01517599 0.99216201 0.03100901 0.55560297 0.10305899 0.55560297 0.189803 0.59093898 0.17345303 0.59110504 0.11497598 0.52044296 0.17762601 0.51413398 0.11997902 0.65624997 0.33688305 0.68750003 0.35156201 0.68750003 0.31249998 0.66387901 0.31249998 0.56974202 0.39001106 0.57126897 0.454104 0.62304202 0.40507 0.61580798 0.46004199 0.65914503 0.42337202 0.65992698 0.45933103 0.69358507 0.45509302 0.72299594 0.442604 0.58209997 0.29543101 0.56660598 0.209338 0.63053295 0.29226303 0.61599794 0.31699101 0.57296293 0.342243 0.62564597 0.359282 0.69256106 0.40436303 0.70666797 0.43108897 0.65648899 0.37477098 0.68750003 0.39292799 0.64062503 0.31249998 0.64717004 0.33438597 0.73800606 0.38498197 0.73031402 0.40865802 0.72770602 0.386187 0.76514299 0.23904502 0.80060695 0.23947202 0.63568393 0.27324998 0.75116802 0.25467801 0.75043697 0.22126102 0.71732605 0.27705001 0.6593 0.25545799 0.63736698 0.29491603 0.64062503 0.31249998 0.73855109 0.38330398 0.74389208 0.365934 0.73978401 0.36553799 0.80222796 0.388714 0.75829799 0.35805796 0.839384 0.40371399 0.87346802 0.38443004 0.873251 0.34927498 0.83309506 0.37807999 0.79501099 0.363937 0.85808103 0.31224297 0.82234393 0.30973397 0.82841001 0.351449 0.77955801 0.30304698 0.81532697 0.275622 0.76780004 0.26618999 0.75502206 0.29178899 0.75258697 0.33027504 0.79062797 0.34408198 0.74928296 0.35174202 0.81604598 0.21279799 0.80533497 0.20263498 0.71038694 0.16137599 0.68213794 0.13652998 0.62878999 0.179681 0.72812606 0.32228701 0.714301 0.33667599 0.72724397 0.21267997 0.7916329 0.221484 0.77133293 0.22269499 0.740757 0.30819098 0.74050004 0.34127198 0.73463 0.35856198 0.82322697 0.22982597 0.77212001 0.20683198 0.76677293 0.17733299 0.72447795 0.11675101 0.75352211 0.127433 0.70040102 0.36229901 0.71997196 0.37750797 0.71737499 0.355736 0.71506203 0.40538894 0.72044999 0.37479602 0.69619105 0.39964102 0.72549099 0.356167 0.98943599 0.43626599 0.96382304 0.44026898 0.96076997 0.49218797 0.98437496 0.49218797 0.92968794 0.44827597 0.92968794 0.46501397 0.949308 0.404469 0.950794 0.40504097 0.98437496 0.40457903 0.96076997 0.44026898 0.92968794 0.46501397 0.93750008 0.49218797 0.93750008 0.49218797 0.95756807 0.36715196 0.993113 0.368421 0.970185 0.33329902 0.95063396 0.33302401 0.9292769 0.36867402 0.95244797 0.33372198 0.96482106 0.36994301 0.99084201 0.30063306 0.95884504 0.29949307 0.93336304 0.30086098 0.954183 0.26726102 0.95553603 0.26778197 0.96876301 0.26746702 0.96536001 0.30200098 0.98817798 0.23743599 0.96339001 0.20817601 0.96034398 0.236449 0.93815805 0.23763501 0.96599295 0.238622 0.99118396 0.15961396 0.97342606 0.15968501 0.97431697 0.178227 0.95818403 0.15960097 0.97315802 0.14104998 0.97638496 0.15952897 0.93403204 0.18927299 0.91910501 0.18686199 0.91257097 0.16166502 0.9629329 0.160488 0.93978002 0.13891196 0.92216398 0.14159703 0.918211 0.16193801 0.93433603 0.18441402 0.92137893 0.18276202 0.93975504 0.13232999 0.91654201 0.13676601 0.93403204 0.18927299 0.9629329 0.160488 0.91257097 0.16166502 0.91910501 0.18686199 0.93978002 0.13891196 0.918211 0.16193801 0.92216398 0.14159703 0.93433603 0.18441402 0.92137893 0.18276202 0.91654201 0.13676601 0.93975504 0.13232999 0.97431697 0.178227 0.97342606 0.15968501 0.99118396 0.15961396 0.95818403 0.15960097 0.97315802 0.14104998 0.97638496 0.15952897 0.93403204 0.18927299 0.9629329 0.160488 0.91257097 0.16166502 0.91910501 0.18686199 0.93978002 0.13891196 0.918211 0.16193801 0.92216398 0.14159703 0.93433603 0.18441402 0.92137893 0.18276202 0.91654201 0.13676601 0.93975504 0.13232999 0.93403204 0.18927299 0.91910501 0.18686199 0.91257097 0.16166502 0.9629329 0.160488 0.93978002 0.13891196 0.92216398 0.14159703 0.918211 0.16193801 0.93433603 0.18441402 0.92137893 0.18276202 0.93975504 0.13232999 0.91654201 0.13676601 0.12499999 0.0625 0.72770602 0.386187 0.72754104 0.38477103 0.73800606 0.38498197 0.72754104 0.38477103 0.72777296 0.38676499 0.74389208 0.365934 0.99218794 0.46093797 0.99218794 0.49218797 0.85937499 0.46093797 0.87672399 0.43599104 0.79687495 0.35156201 0.76562501 0.37499998 0.80468796 0.13281202 0.76562501 0.12499999 0.87499998 0.03906202 0.89062499 0.0625 0.99218794 0.01627099 0.99218794 0.04752099 0.99218794 0.40624999 0.91406204 0.36718796 0.86718802 0.31249998 0.78124995 0.24218803 0.85156207 0.24218803 0.87499998 0.17187499 0.93362107 0.13577997 0.99218794 0.10285401 0.99218794 0.38281201 0.99218794 0.40624999 0.91406204 0.36718796 0.93750008 0.35156201 0.86718802 0.31249998 0.89843796 0.29687506 0.85156207 0.24218803 0.89062499 0.24218803 0.87499998 0.17187499 0.91018297 0.20609301 0.93362107 0.13577997 0.94143297 0.15921801 0.99218794 0.13800799 0.99218794 0.10285401 0.99218794 0.25781202 0.67325202 0.31131099 0.66538498 0.265522 0.47720503 0.265522 0.47720503 0.30201505 0.66826901 0.37499998 0.63234595 0.31131099 0.62447998 0.265522 0.41596397 0.30201505 0.322394 0.30201505 0.322394 0.265522 0.41596397 0.265522 0.26801699 0.30201505 0.26801699 0.265522 0.330763 0.30201505 0.330763 0.265522 0.351317 0.30201505 0.351317 0.265522 0.36521999 0.30201505 0.36521999 0.265522 0.33903201 0.30201505 0.33903201 0.265522 0.39051999 0.30201505 0.39051999 0.265522 0.47720503 0.37499998 0.66538498 0.37499998 0.62447998 0.37499998 0.322394 0.37499998 0.41596397 0.37499998 0.26801699 0.37499998 0.330763 0.37499998 0.351317 0.37499998 0.36521999 0.37499998 0.33903201 0.37499998 0.39051999 0.37499998 0.66538498 0.44767498 0.47720503 0.44767498 0.62447998 0.44767498 0.41596397 0.44767498 0.322394 0.44767498 0.26801699 0.44767498 0.330763 0.44767498 0.351317 0.44767498 0.36521999 0.44767498 0.33903201 0.44767498 0.39051999 0.44767498 0.47720503 0.48447799 0.66538498 0.48447799 0.62447998 0.48447799 0.322394 0.48447799 0.41596397 0.48447799 0.26801699 0.48447799 0.330763 0.48447799 0.351317 0.48447799 0.36521999 0.48447799 0.33903201 0.48447799 0.39051999 0.48447799 0.73437501 0.37499998 0.85937499 0.46093797 0.87672399 0.43599104 0.79687495 0.35156201 0.76562501 0.37499998 0.78124995 0.24218803 0.75781209 0.24218803 0.76562501 0.12499999 0.80468796 0.13281202 0.87499998 0.03906202 0.89062499 0.0625 0.91406204 0.36718796 0.86718802 0.31249998 0.85156207 0.24218803 0.87499998 0.17187499 0.93362107 0.13577997 0.91406204 0.36718796 0.93750008 0.35156201 0.86718802 0.31249998 0.89843796 0.29687506 0.85156207 0.24218803 0.89062499 0.24218803 0.87499998 0.17187499 0.91018297 0.20609301 0.93362107 0.13577997 0.94143297 0.15921801 0.078125 0.01562499 0.01562499 0.01562499 0.01562499 0.23437499 0.078125 0.23437499 0.23437501 0.01562499 0.23437501 0.23437499 0.01562499 0.93750008 0.01562499 0.98437496 0.18021601 0.98437496 0.183353 0.93750008 0.01562499 0.64062503 0.01562499 0.87499998 0.17787901 0.87499998 0.18146201 0.64062503 0.01562499 0.57812505 0.179543 0.57812505 0.17887902 0.51562499 0.01562499 0.51562499 0.01562499 0.64062503 0.179543 0.57812505 0.01562499 0.57812505 0.01562499 0.93750008 0.17787901 0.87499998 0.01562499 0.87499998 0.24218801 0.25781202 0.24218801 0.49218797 0.12499999 0.37499998 0.007812 0.25781202 0.24218801 0.25781202 0.12499999 0.37499998 0.007812 0.49218797 0.007812 0.25781202 0.12499999 0.37499998 0.24218801 0.49218797 0.007812 0.49218797 0.12499999 0.37499998 0.18335901 0.93750008 0.18022501 0.98437496 0.18146102 0.64062503 0.17788502 0.87499998 0.17887702 0.51562499 0.179542 0.57812505 0.179542 0.57812505 0.17788502 0.87499998 0.12499999 0.37499998 0.24218801 0.49218797 0.24218801 0.25781202 0.12499999 0.37499998 0.24218801 0.25781202 0.007812 0.25781202 0.12499999 0.37499998 0.007812 0.25781202 0.007812 0.49218797 0.12499999 0.37499998 0.007812 0.49218797 0.24218801 0.49218797 0.12499999 0.37499998 0.007812 0.49218797 0.24218702 0.49218797 0.12499999 0.37499998 0.24218702 0.49218797 0.24218801 0.25781303 0.12499999 0.37499998 0.24218801 0.25781303 0.00781299 0.25781202 0.12499999 0.37499998 0.00781299 0.25781202 0.007812 0.49218797 0.75781209 0.24218803 0.12499999 0.37499998 0.24218801 0.49218797 0.24218801 0.25781202 0.12499999 0.37499998 0.24218801 0.25781202 0.007812 0.25781202 0.12499999 0.37499998 0.007812 0.25781202 0.007812 0.49218797 0.12499999 0.37499998 0.007812 0.49218797 0.24218801 0.49218797 0.24218801 0.25781202 0.24218801 0.49218797 0.12499999 0.37499998 0.007812 0.25781202 0.24218801 0.25781202 0.12499999 0.37499998 0.007812 0.49218797 0.007812 0.25781202 0.12499999 0.37499998 0.24218801 0.49218797 0.007812 0.49218797 0.12499999 0.37499998 0.90467997 0.87499998 0.98437496 0.87499998 0.98437496 0.93750008 0.90138097 0.93750008 0.98437496 0.87499998 0.90467997 0.87499998 0.91801401 0.64128396 0.98437496 0.64062503 0.92147692 0.57812505 0.98437496 0.57812505 0.98437496 0.64062503 0.91801401 0.64128396 0.62707499 0.87499998 0.77430297 0.87499998 0.76224793 0.93750008 0.62272993 0.93750008 0.47333102 0.93750008 0.4699 0.87499998 0.33550598 0.93750008 0.329224 0.87499998 0.64680401 0.57812505 0.78800697 0.57812505 0.78500999 0.64062503 0.64326403 0.64062503 0.48660203 0.57812505 0.48277002 0.64062503 0.33061601 0.57812505 0.33184598 0.64062503 0.64326403 0.64062503 0.78500999 0.64062503 0.77430297 0.87499998 0.62707499 0.87499998 0.4699 0.87499998 0.48277002 0.64062503 0.329224 0.87499998 0.90138097 0.93750008 0.98437496 0.93750008 0.98437496 0.98437496 0.89604096 0.98437496 0.760898 0.98437496 0.76224793 0.93750008 0.62272993 0.93750008 0.61647996 0.98437496 0.47333102 0.93750008 0.46629303 0.98437496 0.32855899 0.98437496 0.32972 0.51562499 0.48991003 0.51562499 0.48660203 0.57812505 0.33061601 0.57812505 0.64985702 0.51562499 0.64680401 0.57812505 0.79620893 0.51562499 0.78800697 0.57812505 0.92213692 0.51562499 0.92147692 0.57812505 0.98437496 0.51562499 0.98437496 0.57812505 0.90468099 0.87499998 0.90138097 0.93750008 0.98437496 0.93750008 0.98437496 0.87499998 0.91801502 0.64128396 0.90468099 0.87499998 0.98437496 0.87499998 0.98437496 0.64062503 0.98437496 0.64062503 0.98437496 0.57812505 0.92147793 0.57812505 0.91801502 0.64128396 0.62707898 0.87499998 0.62273494 0.93750008 0.76224995 0.93750008 0.77430601 0.87499998 0.47333901 0.93750008 0.46990599 0.87499998 0.335501 0.93750008 0.32922901 0.87499998 0.64681003 0.57812505 0.64326504 0.64062503 0.78501202 0.64062503 0.78801001 0.57812505 0.48660704 0.57812505 0.48277502 0.64062503 0.33061702 0.57812505 0.331847 0.64062503 0.77430601 0.87499998 0.78501202 0.64062503 0.64326504 0.64062503 0.62707898 0.87499998 0.48277502 0.64062503 0.46990599 0.87499998 0.32922901 0.87499998 0.98437496 0.98437496 0.98437496 0.93750008 0.90138097 0.93750008 0.89604096 0.98437496 0.76224995 0.93750008 0.76090098 0.98437496 0.62273494 0.93750008 0.61648396 0.98437496 0.47333901 0.93750008 0.46630301 0.98437496 0.32862399 0.98437496 0.48660704 0.57812505 0.48991503 0.51562499 0.329722 0.51562499 0.33061702 0.57812505 0.64681003 0.57812505 0.64985904 0.51562499 0.78801001 0.57812505 0.79621096 0.51562499 0.92147793 0.57812505 0.92213692 0.51562499 0.98437496 0.57812505 0.98437496 0.51562499 0.53124994 0.23437499 0.51562499 0.14062499 0.51562499 0.23437499 0.30593101 0.12606298 0.26396596 0.12308698 0.27874397 0.18343699 0.31198595 0.18899297 0.31016196 0.22116499 0.313051 0.06187999 0.278652 0.06931299 0.37479301 0.06153798 0.37372397 0.01868998 0.31485401 0.03253603 0.393256 0.12473398 0.44375797 0.124987 0.39174499 0.10125702 0.43519797 0.05630803 0.35731001 0.10233402 0.44213398 0.22009503 0.43635701 0.186603 0.39703502 0.19162798 0.39803501 0.23506599 0.468241 0.18094897 0.48630901 0.12404203 0.47007402 0.06776201 0.43301799 0.031578 0.35613002 0.23603397 0.357356 0.19231701 0.35640104 0.12501197 0.59375006 0.14062499 0.59375006 0.23437499 0.53124994 0.23437499 0.67187497 0.14062499 0.73437501 0.14062499 0.73437501 0.23437499 0.67187497 0.23437499 0.67187497 0.14062499 0.67187497 0.23437499 0.60937497 0.14062499 0.60937497 0.23437499 0.54094898 0.14062499 0.54094898 0.23437499 0.380242 0.067896 0.47265603 0.09630298 0.38644002 0.10254502 0.42647304 0.18169403 0.34231101 0.17787301 0.29716199 0.08041298 0.44627201 0.11281096 0.38059799 0.09379798 0.42925401 0.15050798 0.33698101 0.15525502 0.32203202 0.11121398 0.387109 0.103648 0.47301503 0.07130598 0.45104798 0.06563103 0.45023303 0.103931 0.48516797 0.08710599 0.48803999 0.102782 0.48285504 0.12 0.46936597 0.13471698 0.44962199 0.14144504 0.42970501 0.13396203 0.41222598 0.10151398 0.416761 0.11887001 0.41568099 0.08592802 0.42843701 0.07048201 0.59375006 0.23437499 0.59375006 0.14062499 0.73437501 0.23437499 0.73437501 0.14062499 0.67187497 0.14062499 0.67187497 0.23437499 0.67187497 0.23437499 0.67187497 0.14062499 0.60937497 0.14062499 0.60937497 0.23437499 0.68585602 0.14062499 0.62574795 0.14062499 0.62486604 0.19318503 0.73441005 0.19318503 0.54304701 0.14062499 0.65449402 0.14062499 0.62983295 0.19318503 0.54304701 0.19318503 0.73441005 0.14062499 0.6269069 0.0625 0.64842805 0.12224799 0.71241695 0.0625 0.51562499 0.01562499 0.55879205 0.0625 0.62677196 0.01562499 0.73437501 0.01562499 0.67506799 0.0625 0.67333296 0.01562499 0.62486604 0.19318503 0.62574795 0.14062499 0.68585602 0.14062499 0.73441005 0.19318503 0.62983295 0.19318503 0.65449402 0.14062499 0.54304701 0.14062499 0.54304701 0.19318503 0.73441005 0.14062499 0.71241695 0.0625 0.64842805 0.12224799 0.6269069 0.0625 0.55879205 0.0625 0.51562499 0.01562499 0.62677196 0.01562499 0.73437501 0.01562499 0.67333296 0.01562499 0.67506799 0.0625</float_array>
          
            <technique_common>
              <accessor source="#Obelix_geom_uvMap0_array" count="2011" stride="2">
                <param name="S" type="float"/>
                <param name="T" type="float"/>
              </accessor>
            </technique_common>
          </source>
        
          <vertices id="Obelix_geom_vertices">
            <input semantic="POSITION" source="#Obelix_geom_positions"/>
            <input semantic="NORMAL" source="#Obelix_geom_normals"/>
            <input semantic="TANGENT" source="#Obelix_geom_tangents"/>
            <input semantic="TEXCOORD" source="#Obelix_geom_uvMap0" set="0"/>
          </vertices>
        
          <triangles material="her_obelix02_s02" count="472">
            <input semantic="VERTEX" source="#Obelix_geom_vertices" offset="0"/>
            <p>1573 1572 1574 1574 1572 1575 1575 1576 1574 1574 1576 1577 1579 1578 1580 1580 1578 1581 1580 1581 1582 1582 1581 1583 1572 1584 1575 1575 1584 1585 1575 1585 1576 1576 1585 1586 1576 1586 1587 1587 1586 1588 1587 1588 1578 1578 1588 1589 1578 1589 1581 1581 1589 1590 1590 1591 1581 1581 1591 1583 1593 1592 1594 1594 1592 1595 1594 1595 1596 1596 1595 1597 1596 1597 1598 1598 1597 1599 1598 1599 1600 1600 1599 1601 1600 1601 1602 1602 1601 1603 1603 1604 1602 1602 1604 1605 1592 1606 1595 1595 1606 1597 1597 1606 1599 1599 1606 1601 1601 1606 1603 1603 1606 1604 1608 1607 1609 1609 1607 1610 1612 1611 1613 1615 1614 1616 1616 1614 1617 1618 1615 1619 1619 1615 1616 1621 1620 1619 1619 1620 1618 1622 1620 1623 1623 1620 1621 1624 1622 1625 1625 1622 1623 1627 1626 1625 1625 1626 1624 1629 1628 1627 1627 1628 1626 1610 1628 1609 1609 1628 1629 1631 1630 1607 1607 1630 1610 1612 1632 1611 1615 1633 1614 1614 1633 1634 1618 1635 1615 1615 1635 1633 1636 1635 1620 1620 1635 1618 1622 1637 1620 1620 1637 1636 1624 1638 1622 1622 1638 1637 1626 1639 1624 1624 1639 1638 1628 1640 1626 1626 1640 1639 1610 1630 1628 1628 1630 1640 1631 1641 1630 1630 1641 1642 1632 1643 1611 1645 1644 1633 1633 1644 1634 1646 1645 1635 1635 1645 1633 1636 1647 1635 1635 1647 1646 1637 1648 1636 1636 1648 1647 1638 1649 1637 1637 1649 1648 1650 1649 1639 1639 1649 1638 1651 1650 1640 1640 1650 1639 1642 1651 1630 1630 1651 1640 1653 1652 1641 1641 1652 1642 1643 1654 1611 1645 1655 1644 1644 1655 1656 1646 1657 1645 1645 1657 1655 1658 1657 1647 1647 1657 1646 1659 1658 1648 1648 1658 1647 1660 1659 1649 1649 1659 1648 1661 1660 1650 1650 1660 1649 1662 1661 1651 1651 1661 1650 1642 1652 1651 1651 1652 1662 1644 1656 1643 1643 1656 1654 1644 1643 1634 1634 1643 1632 1614 1634 1612 1612 1634 1632 1614 1612 1617 1617 1612 1613 1663 1653 1641 1663 1641 1631 1663 1631 1607 1608 1663 1607 1573 1664 1572 1572 1664 1665 1667 1666 1664 1664 1666 1665 1668 1666 1669 1669 1666 1667 1669 1670 1668 1668 1670 1671 1670 1672 1671 1671 1672 1673 1672 1582 1673 1673 1582 1583 1572 1665 1584 1584 1665 1674 1665 1666 1674 1674 1666 1675 1666 1668 1675 1675 1668 1676 1668 1671 1676 1676 1671 1677 1671 1673 1677 1677 1673 1678 1583 1591 1673 1673 1591 1678 1593 1679 1592 1592 1679 1680 1679 1681 1680 1680 1681 1682 1681 1683 1682 1682 1683 1684 1683 1685 1684 1684 1685 1686 1685 1687 1686 1686 1687 1688 1605 1604 1687 1687 1604 1688 1592 1680 1606 1680 1682 1606 1682 1684 1606 1684 1686 1606 1686 1688 1606 1688 1604 1606 1690 1689 1691 1691 1689 1692 1689 1693 1692 1692 1693 1694 1696 1695 1697 1697 1695 1698 1700 1699 1701 1701 1699 1702 1704 1703 1705 1705 1703 1706 1702 1707 1708 1708 1707 1709 1698 1710 1711 1711 1710 1712 1714 1713 1715 1717 1716 1718 1720 1719 1721 1723 1722 1724 1725 1695 1726 1726 1695 1696 1727 1699 1728 1728 1699 1700 1706 1703 1729 1729 1703 1730 1709 1707 1731 1731 1707 1727 1712 1710 1732 1732 1710 1725 1734 1733 1735 1737 1736 1738 1740 1739 1741 1743 1742 1744 1746 1745 1747 1749 1748 1750 1752 1751 1753 1755 1754 1756 1577 1576 1757 1757 1576 1587 1757 1587 1579 1579 1587 1578 1759 1758 1760 1762 1761 1763 1765 1764 1766 1768 1767 1769 1771 1770 1772 1774 1773 1775 1777 1776 1778 1780 1779 1781 1783 1782 1784 1784 1782 1785 1787 1786 1788 1788 1786 1789 1791 1790 1792 1792 1790 1793 1795 1794 1796 1796 1794 1797 1797 1794 1798 1798 1794 1799 1798 1799 1800 1800 1799 1801 1803 1802 1804 1804 1802 1805 1802 1806 1805 1805 1806 1807 1806 1808 1807 1807 1808 1809 1811 1810 1812 1812 1810 1813 1814 1813 1815 1815 1813 1810 1815 1809 1814 1814 1809 1816 1788 1811 1787 1787 1811 1812 1782 1795 1785 1785 1795 1796 1790 1803 1793 1793 1803 1804 1818 1817 1819 1819 1817 1820 1822 1821 1817 1817 1821 1820 1822 1823 1821 1821 1823 1824 1823 1825 1824 1824 1825 1826 1825 1800 1826 1826 1800 1827 1829 1828 1830 1830 1828 1831 1832 1829 1833 1833 1829 1830 1834 1832 1835 1835 1832 1833 1836 1834 1837 1837 1834 1835 1839 1838 1837 1837 1838 1836 1732 1725 1801 1801 1725 1800 1731 1727 1808 1808 1727 1809 1726 1827 1725 1725 1827 1800 1729 1730 1828 1828 1730 1831 1728 1816 1727 1727 1816 1809 1841 1840 1842 1842 1840 1843 1845 1844 1846 1846 1844 1847 1849 1848 1850 1850 1848 1851 1853 1852 1854 1854 1852 1855 1853 1856 1852 1852 1856 1857 1856 1858 1857 1857 1858 1859 1861 1860 1862 1862 1860 1863 1860 1861 1864 1864 1861 1865 1864 1865 1866 1866 1865 1867 1869 1868 1870 1870 1868 1871 1870 1871 1872 1872 1871 1873 1872 1873 1867 1867 1873 1874 1868 1869 1845 1845 1869 1844 1840 1841 1855 1855 1841 1854 1862 1863 1851 1851 1863 1850 1876 1875 1877 1877 1875 1878 1879 1877 1880 1880 1877 1878 1882 1881 1880 1880 1881 1879 1884 1883 1882 1882 1883 1881 1885 1858 1884 1884 1858 1883 1887 1886 1888 1888 1886 1889 1891 1890 1887 1887 1890 1886 1890 1891 1892 1892 1891 1893 1892 1893 1894 1894 1893 1895 1896 1894 1897 1897 1894 1895 1858 1698 1859 1859 1698 1711 1867 1702 1866 1866 1702 1708 1858 1885 1698 1698 1885 1697 1889 1704 1888 1888 1704 1705 1867 1874 1702 1702 1874 1701 1899 1898 1900 1902 1901 1903 1903 1901 1904 1903 1904 1905 1901 1902 1906 1906 1902 1907 1909 1908 1910 1910 1908 1906 1907 1910 1906 1912 1911 1913 1914 1913 1908 1915 1901 1906 1906 1908 1915 1917 1916 1918 1918 1916 1919 1921 1920 1912 1912 1920 1917 1916 1917 1920 1921 1912 1922 1922 1912 1914 1914 1908 1923 1923 1908 1909 1914 1923 1922 1912 1913 1914 1918 1911 1917 1917 1911 1912 1924 1905 1925 1925 1905 1904 1926 1925 1901 1901 1925 1904 1901 1915 1926 1915 1908 1913 1928 1927 1929 1927 1899 1929 1931 1930 1932 1932 1930 1933 1930 1927 1933 1933 1927 1928 1931 1932 1934 1934 1932 1935 1937 1936 1935 1935 1936 1934 1939 1938 1937 1937 1938 1936 1918 1919 1925 1925 1919 1924 1911 1918 1926 1926 1918 1925 1913 1911 1915 1915 1911 1926 1941 1940 1942 1943 1941 1942 1944 1943 1942 1945 1944 1942 1940 1945 1942 1941 1946 1940 1940 1946 1947 1941 1943 1946 1946 1943 1948 1943 1944 1948 1948 1944 1949 1944 1945 1949 1949 1945 1950 1940 1947 1945 1945 1947 1950 1946 1951 1947 1948 1951 1946 1949 1951 1948 1950 1951 1949 1947 1951 1950 1953 1952 1954 1952 1955 1954 1955 1956 1954 1956 1957 1954 1957 1958 1954 1958 1959 1954 1959 1960 1954 1962 1961 1954 1960 1962 1954 1961 1963 1954 1963 1964 1954 1964 1953 1954 1965 1898 1966 1966 1898 1899 1968 1967 1969 1969 1967 1970 1965 1966 1970 1970 1966 1969 1971 1967 1972 1972 1967 1968 1972 1973 1971 1971 1973 1974 1973 1938 1974 1974 1938 1939 1976 1975 1977 1975 1978 1977 1980 1979 1981 1981 1979 1982 1983 1978 1975 1985 1984 1986 1976 1977 1979 1979 1977 1982 1981 1978 1980 1980 1978 1983 1988 1987 1984 1984 1987 1989 1984 1989 1986 1986 1989 1990 1991 1986 1992 1992 1986 1990 1992 1987 1991 1991 1987 1988 1991 1985 1986 1991 1988 1985 1985 1988 1984 1994 1993 1995 1995 1993 1996 1998 1997 1999 1999 1997 2000 2001 1995 1996 2003 2002 2004 2000 1993 1999 1999 1993 1994 2001 1996 1998 1998 1996 1997 2005 2004 2006 2006 2004 2007 2008 2007 2002 2002 2007 2004 2008 2002 2009 2009 2002 2010 2009 2010 2006 2006 2010 2005 2010 2002 2003 2010 2003 2005 2003 2004 2005
            </p>
          </triangles>
        
          <triangles material="her_obelix01_s01" count="1897">
            <input semantic="VERTEX" source="#Obelix_geom_vertices" offset="0"/>
            <p>206 205 207 207 205 208 209 206 210 210 206 207 211 209 212 212 209 210 213 211 214 214 211 212 216 215 217 217 215 218 220 219 217 217 219 216 208 220 221 221 220 222 223 212 224 224 212 210 212 223 214 214 223 225 218 226 217 228 227 223 223 227 225 220 217 222 222 217 226 226 229 222 222 229 230 207 208 231 231 208 221 232 231 233 233 231 221 230 233 222 222 233 221 210 207 224 224 207 231 234 224 232 232 224 231 224 234 223 223 234 228 208 235 220 220 235 219 235 208 205 237 236 238 238 236 239 241 240 242 244 243 245 247 246 245 245 246 244 249 248 250 250 248 251 249 252 248 249 250 252 252 250 253 255 254 248 248 254 251 257 256 258 258 256 259 256 260 259 259 260 261 263 262 264 264 262 265 267 266 268 268 266 269 271 270 272 272 270 273 274 272 275 275 272 273 274 275 276 276 275 277 276 277 278 278 277 279 281 280 282 282 280 283 284 280 285 285 280 281 286 285 287 287 285 281 266 288 289 289 288 283 280 290 283 283 290 289 280 284 290 290 284 291 284 292 291 291 292 293 270 293 273 293 292 273 273 292 275 294 286 295 295 286 287 295 287 296 296 287 297 287 281 297 297 281 282 295 298 294 294 298 299 301 300 302 302 300 303 284 285 292 292 285 304 277 275 304 304 275 292 305 279 304 304 279 277 305 304 286 286 304 285 279 305 303 303 305 306 306 305 294 294 305 286 299 306 294 296 297 307 307 297 308 309 308 282 282 308 297 288 309 283 283 309 282 308 310 307 307 310 311 312 310 309 309 310 308 309 288 312 312 288 313 266 267 288 288 267 313 278 279 300 300 279 303 315 314 316 316 314 317 319 318 320 320 318 317 317 318 316 322 321 320 320 321 319 324 323 255 255 323 325 326 244 327 327 244 246 252 324 248 248 324 255 329 328 322 322 328 321 329 330 328 331 323 332 332 323 324 333 254 325 325 254 255 243 333 245 245 333 325 253 332 252 252 332 324 323 247 325 325 247 245 334 247 331 331 247 323 334 246 247 336 335 271 271 335 337 339 338 340 340 338 268 342 341 340 340 341 339 343 341 344 344 341 342 236 343 239 239 343 344 346 345 347 347 345 348 348 345 349 349 345 350 352 351 349 349 351 348 346 353 354 354 353 335 345 346 355 355 346 354 356 350 355 355 350 345 358 357 356 356 357 350 338 339 358 358 339 357 357 339 341 360 359 352 352 359 351 361 351 362 362 351 359 347 348 361 361 348 351 364 363 360 360 363 359 366 365 238 238 365 237 368 367 369 369 367 370 368 369 371 371 369 372 372 369 373 373 369 374 376 375 240 240 375 377 378 376 241 241 376 240 350 357 349 349 357 379 343 379 341 341 379 357 343 236 379 379 236 380 380 352 379 379 352 349 381 380 237 237 380 236 381 360 380 380 360 352 364 360 381 382 361 383 383 361 362 361 382 347 347 382 384 347 384 346 346 384 353 374 369 385 385 369 370 376 374 375 375 374 385 376 378 374 374 378 373 387 386 383 383 386 382 388 384 386 386 384 382 384 388 353 353 388 389 389 337 353 353 337 335 391 390 392 392 390 393 395 394 396 396 394 397 394 395 398 398 395 399 396 397 400 400 397 401 403 402 401 401 402 400 401 404 403 403 404 405 407 406 408 408 406 409 411 410 412 412 410 413 408 413 407 407 413 410 396 414 395 395 414 415 416 399 415 415 399 395 418 417 407 407 417 406 419 400 420 420 400 402 414 396 419 419 396 400 407 410 418 418 410 421 421 410 411 394 422 397 397 422 423 425 424 426 428 427 404 429 404 427 397 423 401 401 423 404 414 430 415 430 416 415 430 418 421 427 428 431 431 428 423 424 425 422 422 425 423 422 432 424 394 398 422 422 398 432 434 433 413 413 433 412 413 393 434 434 393 435 428 404 423 426 431 425 425 431 423 436 435 390 390 435 393 437 392 409 409 392 393 392 437 391 391 437 429 435 436 434 434 436 433 439 438 440 440 438 441 439 442 438 438 442 443 445 444 446 446 444 447 448 445 449 449 445 446 451 450 452 452 450 453 451 454 450 450 454 455 457 456 458 458 456 459 456 460 459 459 460 461 463 462 464 464 462 465 465 462 466 466 462 467 469 468 470 470 468 471 473 472 470 470 472 469 475 474 476 476 474 477 477 474 478 478 474 479 481 480 482 482 480 483 485 484 481 481 484 480 487 486 488 488 486 489 489 486 490 490 486 491 493 492 494 494 492 495 494 495 496 496 495 497 383 362 498 498 362 499 501 500 502 502 500 503 504 503 505 505 503 500 506 505 507 507 505 500 508 507 501 501 507 500 298 295 509 509 295 296 307 510 296 296 510 509 311 511 307 307 511 510 498 512 383 383 512 387 363 499 359 359 499 362 507 508 368 368 508 367 506 507 371 371 507 368 514 513 515 515 513 516 518 517 514 514 517 513 517 518 519 519 518 520 520 521 519 519 521 522 524 523 525 525 523 526 523 515 526 526 515 516 519 522 527 527 522 528 530 529 526 526 529 525 530 531 532 516 531 526 526 531 530 527 533 534 517 519 534 534 519 527 534 535 517 517 535 513 532 531 536 536 531 535 513 535 516 516 535 531 527 528 228 228 528 227 230 229 530 530 229 529 234 232 533 533 232 536 536 232 532 532 232 233 533 527 234 234 527 228 532 233 530 530 233 230 535 534 536 536 534 533 538 537 539 539 537 540 539 540 541 541 540 542 544 543 545 545 543 546 548 547 549 551 550 552 552 550 553 551 554 550 550 554 555 556 550 557 557 550 555 558 549 559 559 549 560 561 548 558 558 548 549 556 562 550 550 562 553 562 556 559 559 556 558 558 556 561 561 556 557 564 563 565 565 563 566 568 567 566 566 567 565 565 567 569 569 567 570 565 569 564 564 569 571 552 571 551 551 571 569 551 569 554 554 569 570 573 572 574 574 572 575 572 573 576 576 573 577 576 577 578 578 577 579 578 579 580 580 579 581 583 582 584 584 582 585 586 582 587 587 582 583 588 586 589 589 586 575 591 590 578 578 590 576 592 591 580 580 591 578 585 582 593 592 594 591 591 594 595 593 582 588 588 582 586 597 596 588 588 596 593 589 575 598 598 575 572 600 599 598 598 599 589 589 599 588 588 599 597 598 572 590 590 572 576 601 600 590 590 600 598 590 591 601 601 591 595 575 586 602 602 586 587 602 574 575 604 603 605 605 603 606 607 604 608 608 604 605 608 609 607 607 609 610 612 611 609 609 611 610 614 613 615 615 613 616 606 603 614 614 603 613 617 612 618 618 612 609 615 619 614 614 619 620 620 621 622 620 622 614 614 622 606 618 623 624 618 609 623 623 609 608 623 608 625 625 608 605 625 622 626 626 622 621 605 606 625 625 606 622 594 617 595 595 617 618 619 596 620 620 596 597 626 600 624 624 600 601 626 621 600 600 621 599 595 618 601 601 618 624 621 620 599 599 620 597 624 623 626 626 623 625 628 627 629 628 630 627 632 631 633 634 631 635 637 636 638 638 636 639 641 640 636 636 640 639 641 642 640 642 628 640 644 643 639 639 643 638 641 636 645 645 646 647 647 646 648 637 646 636 636 646 645 649 648 650 650 648 646 650 646 651 651 646 637 643 651 638 638 651 637 652 640 653 653 640 628 644 639 652 652 639 640 631 654 655 654 656 655 635 631 655 654 631 657 657 631 632 658 656 659 657 659 654 654 659 656 661 660 658 658 660 656 655 656 662 662 656 660 631 634 633 633 634 629 635 655 663 663 655 662 663 664 635 635 664 634 628 629 653 653 629 664 627 633 629 664 629 634 209 665 206 665 205 206 665 235 205 219 235 665 216 219 665 665 215 216 211 213 665 209 211 665 577 573 666 579 577 666 581 579 666 666 583 584 587 583 666 602 587 666 666 574 602 666 573 574 668 667 669 670 667 671 671 667 668 673 672 674 674 672 675 675 672 676 677 674 676 676 674 675 678 672 679 679 672 673 681 680 682 682 680 683 685 684 686 682 686 681 681 686 684 685 687 684 684 687 688 690 689 678 678 689 691 671 668 692 692 668 693 676 672 691 691 672 678 687 694 688 688 694 695 695 694 696 691 689 697 697 689 698 699 690 679 679 690 678 669 667 699 699 667 690 677 676 697 697 676 691 667 670 690 690 670 689 689 670 698 698 670 700 700 670 671 702 701 703 702 703 704 706 705 707 709 708 707 711 710 712 712 710 713 711 714 710 710 714 715 715 714 716 716 714 702 712 717 711 711 717 718 715 719 710 719 720 721 721 720 722 719 721 710 710 721 713 721 722 723 723 722 724 723 725 721 721 725 713 713 725 712 712 725 717 727 726 714 714 726 702 718 727 711 711 727 714 707 728 729 729 728 730 708 728 707 706 707 731 731 707 729 733 732 730 731 729 732 732 729 730 734 733 735 735 733 730 735 730 736 736 730 728 701 709 705 705 709 707 736 728 737 737 728 708 737 708 738 738 708 709 738 701 726 726 701 702 703 701 705 738 709 701 414 419 430 420 430 419 417 418 430 432 739 424 433 436 739 424 739 426 405 404 429 430 421 416 421 411 416 416 411 399 412 398 411 411 398 399 412 433 398 398 433 432 433 739 432 437 405 429 403 405 409 409 405 437 406 402 409 409 402 403 420 402 417 417 402 406 417 430 420 741 740 742 742 740 743 743 740 744 746 745 740 744 740 745 748 747 749 749 747 750 752 751 753 755 754 756 754 757 756 740 741 746 746 741 758 754 759 757 751 752 756 752 755 756 761 760 762 748 763 760 763 762 760 763 748 749 762 758 761 761 758 764 741 765 758 758 765 764 766 753 767 767 753 750 763 749 751 751 749 750 742 768 741 741 768 765 750 769 767 767 769 770 769 750 747 769 771 770 770 771 772 774 773 775 775 773 776 778 777 775 775 777 779 775 776 778 778 776 780 781 778 782 782 778 780 784 783 785 785 783 781 787 786 777 777 786 788 784 789 783 783 789 790 791 789 792 792 789 784 794 793 795 795 793 796 785 793 784 784 793 792 797 791 798 798 791 792 800 799 791 791 799 789 797 801 791 791 801 800 790 789 799 803 802 786 786 802 788 794 795 804 804 795 805 793 794 792 792 794 798 796 793 806 806 793 785 787 777 807 807 777 783 783 790 807 778 781 777 777 781 783 782 806 781 781 806 785 794 804 798 808 774 779 779 774 775 788 779 777 802 808 788 788 808 779 809 776 810 810 776 773 811 809 812 814 813 815 813 816 815 776 809 780 809 811 780 818 817 812 811 812 819 819 812 817 821 820 822 822 820 818 818 820 817 822 814 821 821 814 815 811 819 780 780 819 782 806 823 796 796 823 815 815 823 821 815 816 796 795 796 816 824 816 813 795 816 805 805 816 824 821 823 820 820 823 825 806 782 825 825 782 819 825 823 806 825 819 820 820 819 817 743 826 742 742 826 827 743 744 826 828 826 829 744 829 826 831 830 832 830 833 832 835 834 836 838 837 839 839 837 840 841 827 828 828 827 826 839 840 759 836 837 835 835 837 838 843 842 844 831 844 845 845 844 842 845 830 831 846 841 843 843 841 842 846 847 841 841 847 827 833 834 767 767 834 766 833 830 836 836 830 845 770 848 767 767 848 833 848 832 833 848 770 849 849 770 772 847 768 827 827 768 742 753 751 750 836 834 833 851 850 852 852 850 853 854 852 855 852 856 855 852 854 851 851 854 857 859 858 854 854 858 857 859 860 861 861 860 862 862 863 864 864 863 865 867 866 868 868 866 869 864 868 862 862 868 861 864 865 870 870 865 871 867 872 866 866 872 873 870 867 864 864 867 868 861 868 874 874 868 869 854 855 859 859 855 860 858 859 874 874 859 861 867 870 872 852 853 856 856 853 875 877 876 875 875 876 856 850 851 878 878 851 879 881 880 879 883 882 884 884 882 885 851 857 879 879 857 881 880 886 887 881 886 880 888 880 887 890 889 891 887 891 888 888 891 889 882 883 890 890 883 889 858 886 857 857 886 881 882 892 869 869 892 874 882 890 892 882 869 885 866 885 869 893 884 885 893 885 873 873 885 866 894 892 891 891 892 890 886 858 894 894 858 874 894 874 892 887 886 891 891 886 894 855 876 895 895 876 896 862 860 863 860 897 863 899 898 863 863 898 865 900 871 898 871 865 898 897 899 863 901 899 897 902 896 877 877 896 876 904 903 896 896 903 895 906 905 907 907 905 908 897 909 901 901 909 905 909 910 905 905 910 908 907 911 906 906 911 912 904 913 914 914 913 915 896 902 904 904 902 913 916 903 914 914 903 904 918 917 897 897 917 909 917 919 909 909 919 910 919 917 916 916 917 903 903 917 895 895 917 918 860 855 918 918 855 895 860 918 897 907 908 920 920 908 921 922 921 910 910 921 908 914 923 916 916 923 924 925 923 915 915 923 914 920 926 907 907 926 911 916 924 919 922 910 924 924 910 919 905 906 901 901 906 927 901 927 899 899 927 898 906 912 927 927 912 900 898 927 900 929 928 930 930 928 931 933 932 934 936 935 937 937 935 932 939 938 936 938 935 936 940 933 934 941 934 928 937 942 943 943 942 944 937 933 942 944 942 945 945 942 946 941 940 934 928 929 941 941 929 946 945 946 947 947 946 929 947 929 948 950 949 939 939 949 951 953 952 954 954 952 955 957 956 954 954 956 953 956 957 958 958 957 959 961 960 957 957 960 959 957 954 961 961 954 962 954 955 962 962 955 963 964 955 965 965 955 952 966 952 967 967 952 953 967 953 968 968 953 956 969 968 958 958 968 956 971 970 969 969 970 968 967 968 972 972 968 970 973 966 972 972 966 967 939 936 950 950 936 974 974 936 975 975 936 937 937 943 975 929 930 948 948 930 976 930 977 976 940 942 933 979 978 980 980 978 981 982 979 983 983 979 980 982 983 984 984 983 985 986 985 987 987 985 983 980 988 983 983 988 987 981 989 980 980 989 988 990 981 991 991 981 978 993 992 979 979 992 978 993 979 994 994 979 982 995 994 984 984 994 982 997 996 995 995 996 994 994 996 993 993 996 998 999 992 998 998 992 993 939 951 938 938 951 1000 937 932 933 1002 1001 1003 1003 1001 1004 1006 1005 1003 1003 1005 1002 1005 1006 1007 1007 1006 1008 1009 1008 1010 1010 1008 1006 1003 1011 1006 1006 1011 1010 1003 1004 1011 1011 1004 1012 1014 1013 1001 1001 1013 1004 1015 1001 1016 1016 1001 1002 1016 1002 1017 1017 1002 1005 1018 1017 1007 1007 1017 1005 1020 1019 1018 1018 1019 1017 1016 1017 1021 1021 1017 1019 1022 1015 1021 1021 1015 1016 1024 1023 1025 1025 1023 1026 1025 1026 1027 1027 1026 1028 1029 1027 1030 1030 1027 1028 1027 1029 1031 1031 1029 1009 1031 1032 1027 1027 1032 1025 1025 1032 1024 1024 1032 1033 1023 1024 1034 1034 1024 1035 1026 1023 1036 1036 1023 1037 1028 1026 1038 1038 1026 1036 1030 1028 1018 1018 1028 1038 1018 1038 1020 1020 1038 1039 1040 1039 1036 1036 1039 1038 1036 1037 1040 1040 1037 1041 1043 1042 1044 1044 1042 1045 1047 1046 1048 1050 1049 1051 1051 1049 1048 1052 1050 1053 1053 1050 1051 1054 1046 1047 1055 1042 1046 1049 1056 1057 1057 1056 1058 1049 1057 1047 1059 1057 1060 1060 1057 1058 1055 1046 1054 1059 1045 1055 1055 1045 1042 1045 1059 1061 1061 1059 1060 1061 1062 1045 1064 1063 1052 1052 1063 1065 1067 1066 1068 1068 1066 1069 1070 1068 1071 1071 1068 1069 1072 1070 1073 1073 1070 1071 1074 1070 1075 1075 1070 1072 1070 1074 1068 1068 1074 1076 1068 1076 1067 1067 1076 1077 1066 1067 1078 1078 1067 1079 1069 1066 1080 1080 1066 1081 1071 1069 1082 1082 1069 1080 1071 1082 1073 1073 1082 1083 1082 1084 1083 1083 1084 1085 1080 1086 1082 1082 1086 1084 1080 1081 1086 1086 1081 1087 1052 1065 1050 1065 1088 1050 1049 1050 1089 1089 1050 1088 1049 1089 1056 1045 1062 1044 1044 1062 1090 1044 1090 1091 1054 1047 1057 1093 1092 1094 1094 1092 1095 1094 1095 1096 1096 1095 1097 1098 1096 1099 1099 1096 1097 1096 1098 1100 1100 1098 1101 1100 1102 1096 1096 1102 1094 1102 1103 1094 1094 1103 1093 1092 1093 1104 1104 1093 1105 1106 1095 1107 1107 1095 1092 1097 1095 1108 1108 1095 1106 1097 1108 1099 1099 1108 1109 1108 1110 1109 1109 1110 1111 1112 1110 1106 1106 1110 1108 1106 1107 1112 1112 1107 1113 1114 1064 1053 1053 1064 1052 1049 1047 1048 1116 1115 1117 1117 1115 1118 1119 1117 1120 1120 1117 1118 1121 1119 1122 1122 1119 1120 1119 1121 1123 1123 1121 1124 1123 1125 1119 1119 1125 1117 1117 1125 1116 1116 1125 1126 1127 1115 1128 1128 1115 1116 1118 1115 1129 1129 1115 1130 1120 1118 1131 1131 1118 1129 1120 1131 1122 1122 1131 1132 1131 1133 1132 1132 1133 1134 1129 1135 1131 1131 1135 1133 1129 1130 1135 1135 1130 1136 1138 1137 1139 1139 1137 1140 1141 1138 1142 1142 1138 1139 1141 1142 1143 1143 1142 1144 1124 1144 1145 1145 1144 1142 1139 1146 1142 1142 1146 1145 1139 1140 1146 1146 1140 1147 1148 1140 1149 1149 1140 1137 1150 1137 1151 1151 1137 1138 1151 1138 1152 1152 1138 1141 1143 1132 1141 1141 1132 1152 1132 1134 1152 1152 1134 1153 1152 1153 1151 1151 1153 1154 1155 1150 1154 1154 1150 1151 1157 1156 1158 1158 1156 1159 1156 1157 1160 1160 1157 1161 1159 1156 1162 1162 1156 1163 1156 1160 1163 1163 1160 1164 1160 1165 1164 1164 1165 1166 1161 1157 1167 1167 1157 1168 1157 1158 1168 1168 1158 1169 1163 1164 1170 1170 1164 1171 1162 1163 1172 1172 1163 1170 1174 1173 1175 1175 1173 1176 1175 1177 1174 1174 1177 1178 1179 1175 1180 1180 1175 1176 1181 1177 1179 1179 1177 1175 1183 1182 1181 1181 1182 1177 1184 1174 1185 1185 1174 1178 1186 1173 1184 1184 1173 1174 1179 1187 1181 1181 1187 1188 1187 1179 1189 1189 1179 1180 1191 1190 1192 1192 1190 1193 1195 1194 1196 1196 1194 1197 1198 1192 1195 1195 1192 1194 1200 1199 1201 1201 1199 1202 1204 1203 1205 1205 1203 1206 1204 1198 1203 1203 1198 1195 1204 1205 1191 1192 1198 1191 1191 1198 1204 1190 1191 1200 1200 1191 1199 1191 1205 1199 1194 1192 1193 1202 1199 1206 1206 1199 1205 1208 1207 1206 1203 1208 1206 1208 1203 1196 1196 1203 1195 1210 1209 1211 1211 1209 1212 1214 1213 1215 1215 1213 1216 1216 1213 1217 1215 1216 1218 1218 1216 1219 1221 1220 1222 1224 1223 1219 1219 1223 1221 1219 1216 1224 1224 1216 1217 1226 1225 1227 1227 1225 1220 1227 1220 1223 1223 1220 1221 1218 1219 1222 1222 1219 1221 1229 1228 1230 1230 1228 1231 1231 1228 1232 1234 1233 1235 1234 1215 1233 1233 1215 1218 1236 1214 1234 1234 1214 1215 1222 1237 1238 1220 1237 1222 1212 1239 1211 1211 1239 1240 1222 1241 1218 1218 1241 1233 1211 1241 1210 1210 1241 1242 1241 1211 1240 1238 1242 1222 1222 1242 1241 1220 1225 1237 1233 1241 1240 1234 1235 1228 1228 1235 1232 1236 1234 1229 1229 1234 1228 1244 1243 1245 1247 1246 1248 1250 1249 1251 1231 1232 1252 1254 1253 1255 1252 1256 1257 1257 1256 1258 1246 1259 1260 1262 1261 1263 1263 1261 1264 1266 1265 1264 1264 1265 1263 1268 1267 1265 1270 1269 1267 1267 1269 1271 1272 1263 1273 1273 1263 1265 1275 1274 1276 1276 1274 1271 1278 1277 1279 1279 1277 1275 1278 1280 1277 1281 1262 1272 1272 1262 1263 1280 1281 1277 1277 1281 1282 1282 1272 1274 1274 1272 1273 1277 1282 1275 1275 1282 1274 1274 1273 1271 1271 1273 1267 1279 1275 1276 1260 1261 1283 1283 1261 1262 1262 1281 1283 1285 1284 1286 1288 1287 1285 1285 1287 1284 1209 1257 1258 1290 1289 1291 1257 1209 1253 1253 1209 1292 1292 1209 1293 1257 1253 1294 1231 1252 1289 1289 1252 1257 1295 1251 1296 1296 1251 1249 1297 1253 1292 1298 1281 1292 1292 1281 1297 1300 1299 1283 1260 1283 1301 1299 1301 1283 1302 1284 1249 1249 1284 1296 1303 1296 1287 1287 1296 1284 1296 1303 1295 1288 1304 1287 1304 1303 1287 1294 1254 1305 1305 1254 1303 1294 1291 1257 1257 1291 1289 1303 1254 1295 1254 1294 1253 1307 1306 1308 1308 1306 1309 1290 1291 1307 1307 1291 1306 1306 1291 1305 1305 1291 1294 1310 1309 1305 1305 1309 1306 1303 1304 1305 1305 1304 1310 1311 1302 1250 1250 1302 1249 1284 1302 1286 1302 1311 1286 1295 1254 1251 1255 1251 1254 1313 1312 1314 1209 1210 1293 1293 1210 1315 1247 1248 1316 1316 1248 1317 1226 1318 1225 1225 1318 1247 1225 1247 1237 1237 1247 1316 1267 1273 1265 1270 1267 1268 1268 1265 1266 1312 1315 1317 1237 1316 1238 1238 1316 1319 1283 1298 1300 1300 1298 1313 1281 1298 1283 1292 1293 1298 1298 1293 1313 1319 1315 1242 1242 1315 1210 1238 1319 1242 1281 1272 1282 1276 1271 1320 1320 1271 1269 1279 1276 1321 1321 1276 1320 1278 1279 1322 1322 1279 1321 1297 1281 1280 1280 1253 1297 1280 1255 1253 1278 1255 1280 1324 1323 1325 1325 1323 1326 1328 1327 1323 1323 1327 1326 1330 1329 1331 1331 1329 1332 1333 1332 1334 1335 1334 1336 1336 1334 1332 1329 1337 1332 1332 1337 1336 1329 1338 1337 1337 1338 1335 1335 1338 1334 1334 1338 1339 1339 1338 1340 1340 1338 1330 1330 1338 1329 1332 1333 1331 1331 1333 1341 1343 1342 1344 1342 1345 1344 1344 1345 1346 1345 1347 1346 1344 1346 1336 1346 1335 1336 1343 1344 1337 1337 1344 1336 1343 1337 1348 1343 1348 1342 1348 1347 1342 1348 1335 1346 1348 1346 1347 1350 1349 1342 1349 1345 1342 1349 1351 1345 1351 1347 1345 1352 1351 1353 1353 1351 1349 1353 1349 1354 1354 1349 1350 1350 1355 1354 1354 1355 1352 1350 1342 1355 1342 1347 1355 1352 1355 1351 1351 1355 1347 1357 1356 1358 1357 1359 1356 1356 1359 1353 1359 1352 1353 1358 1356 1354 1354 1356 1353 1358 1354 1360 1360 1354 1352 1358 1360 1357 1360 1352 1359 1360 1359 1357 1362 1361 1363 1365 1364 1366 1362 1363 1365 1365 1363 1364 1364 1367 1366 1366 1367 1368 1363 1367 1364 1365 1366 1369 1369 1366 1370 1362 1365 1369 1372 1371 1373 1373 1371 1374 1376 1375 1377 1375 1378 1377 1377 1373 1376 1376 1373 1379 1381 1380 1382 1382 1380 1383 1385 1384 1386 1386 1384 1387 1387 1384 1379 1379 1384 1376 1387 1374 1386 1373 1374 1379 1374 1387 1379 1371 1383 1374 1374 1383 1380 1374 1380 1386 1377 1372 1373 1386 1380 1385 1385 1380 1381 1388 1385 1389 1384 1385 1388 1376 1384 1375 1375 1384 1388 1391 1390 1392 1392 1390 1393 1391 1394 1390 1390 1394 1395 1397 1396 1398 1398 1396 1399 1214 1400 1213 1213 1400 1401 1401 1217 1213 1400 1402 1401 1401 1402 1403 1405 1404 1406 1224 1403 1223 1223 1403 1405 1403 1224 1401 1401 1224 1217 1406 1407 1227 1227 1407 1226 1405 1406 1223 1223 1406 1227 1405 1403 1404 1404 1403 1402 1409 1408 1230 1230 1408 1229 1409 1410 1408 1412 1411 1413 1402 1400 1413 1413 1400 1412 1236 1412 1214 1214 1412 1400 1404 1414 1415 1406 1404 1415 1413 1416 1402 1402 1416 1404 1396 1397 1416 1416 1397 1417 1419 1418 1396 1396 1418 1399 1419 1396 1416 1416 1417 1404 1404 1417 1414 1406 1415 1407 1413 1419 1416 1412 1408 1411 1411 1408 1410 1236 1229 1412 1412 1229 1408 1421 1420 1318 1318 1420 1259 1421 1422 1420 1250 1423 1424 1409 1425 1410 1427 1426 1428 1425 1429 1430 1430 1429 1431 1433 1432 1434 1264 1261 1435 1435 1261 1436 1266 1264 1437 1437 1264 1435 1268 1437 1438 1270 1438 1269 1269 1438 1439 1441 1440 1435 1435 1440 1437 1443 1442 1444 1444 1442 1439 1443 1445 1446 1446 1445 1447 1447 1445 1448 1435 1436 1441 1441 1436 1449 1448 1445 1449 1449 1445 1450 1450 1444 1441 1441 1444 1440 1445 1443 1450 1450 1443 1444 1438 1440 1439 1439 1440 1444 1446 1442 1443 1436 1261 1451 1451 1261 1260 1436 1451 1449 1285 1286 1452 1452 1453 1285 1285 1453 1288 1398 1431 1429 1455 1454 1456 1429 1428 1398 1428 1457 1398 1457 1458 1398 1429 1459 1428 1429 1425 1456 1456 1425 1409 1424 1423 1460 1460 1423 1461 1462 1457 1428 1463 1457 1449 1457 1462 1449 1464 1451 1434 1260 1433 1451 1434 1451 1433 1465 1424 1452 1452 1424 1460 1452 1460 1453 1453 1460 1466 1460 1461 1466 1288 1453 1304 1304 1453 1466 1466 1427 1467 1467 1427 1459 1456 1454 1429 1429 1454 1459 1466 1461 1427 1427 1428 1459 1468 1308 1469 1469 1308 1309 1469 1454 1468 1468 1454 1455 1469 1467 1454 1454 1467 1459 1469 1309 1467 1467 1309 1310 1310 1304 1467 1467 1304 1466 1311 1250 1465 1465 1250 1424 1452 1286 1465 1465 1286 1311 1461 1423 1427 1426 1427 1423 1471 1470 1472 1470 1397 1458 1458 1397 1398 1421 1473 1422 1422 1473 1471 1226 1407 1318 1318 1407 1421 1473 1421 1415 1415 1421 1407 1438 1437 1440 1270 1268 1438 1268 1266 1437 1471 1472 1474 1415 1414 1473 1473 1414 1475 1451 1464 1463 1463 1464 1476 1449 1451 1463 1476 1458 1463 1463 1458 1457 1397 1470 1417 1417 1470 1475 1414 1417 1475 1449 1450 1441 1269 1439 1320 1320 1439 1442 1446 1321 1442 1442 1321 1320 1447 1322 1446 1446 1322 1321 1462 1448 1449 1448 1462 1428 1448 1428 1426 1447 1448 1426 1478 1477 1479 1479 1477 1480 1482 1481 1478 1478 1481 1483 1483 1481 1484 1483 1485 1478 1478 1485 1477 1484 1486 1485 1485 1486 1477 1484 1481 1486 1481 1487 1486 1486 1487 1488 1477 1486 1480 1480 1486 1488 1489 1482 1479 1479 1482 1478 1491 1490 1492 1492 1490 1493 1490 1494 1493 1493 1494 1495 1490 1483 1494 1494 1483 1484 1491 1485 1490 1485 1483 1490 1491 1496 1485 1491 1492 1496 1496 1492 1495 1496 1494 1484 1496 1495 1494 1497 1492 1498 1498 1492 1493 1498 1493 1499 1499 1493 1495 1501 1500 1499 1500 1498 1499 1500 1502 1498 1498 1502 1497 1497 1502 1503 1502 1501 1503 1497 1503 1492 1492 1503 1495 1501 1499 1503 1499 1495 1503 1505 1504 1506 1505 1506 1507 1506 1500 1507 1507 1500 1501 1504 1502 1506 1502 1500 1506 1504 1508 1502 1508 1501 1502 1504 1505 1508 1508 1507 1501 1508 1505 1507 1510 1509 1511 1512 1510 1511 1510 1512 1513 1509 1510 1513 1514 1512 1511 1509 1514 1511 1514 1509 1513 1512 1514 1513 1516 1515 1517 1517 1515 1518 1520 1519 1521 1521 1519 1518 1515 1516 1522 1522 1516 1523 1524 1519 1525 1525 1519 1520 1518 1519 1524 1518 1515 1522 1516 1517 1523 1523 1517 1521 1517 1525 1521 1521 1525 1520 1518 1524 1517 1517 1524 1525 1523 1521 1522 1522 1521 1518 1527 1526 1528 1528 1526 1529 1527 1530 1531 1531 1530 1532 1526 1533 1529 1529 1533 1534 1536 1535 1530 1530 1535 1532 1527 1536 1530 1527 1533 1526 1529 1534 1528 1528 1534 1531 1528 1531 1535 1535 1531 1532 1535 1536 1528 1528 1536 1527 1527 1531 1533 1533 1531 1534 1538 1537 1539 1540 1537 1538 1538 1541 1540 1539 1541 1538 1542 1537 1540 1539 1537 1542 1542 1541 1539 1540 1541 1542 1544 1543 1545 1545 1543 1546 1544 1547 1548 1548 1547 1549 1543 1550 1546 1546 1550 1551 1553 1552 1547 1547 1552 1549 1544 1553 1547 1544 1550 1543 1546 1551 1545 1545 1551 1548 1545 1548 1552 1552 1548 1549 1552 1553 1545 1545 1553 1544 1544 1548 1550 1550 1548 1551 1555 1554 1556 1556 1554 1557 1559 1558 1560 1560 1558 1557 1554 1555 1561 1561 1555 1562 1563 1558 1564 1564 1558 1559 1557 1558 1563 1557 1554 1561 1555 1556 1562 1562 1556 1560 1556 1564 1560 1560 1564 1559 1557 1563 1556 1556 1563 1564 1562 1560 1561 1561 1560 1557 408 1565 413 409 1565 408 876 855 856 1566 1471 1567 1567 1471 1474 1566 1567 1568 1568 1567 1432 1244 1569 1243 1243 1569 1570 1570 1569 1317 1317 1569 1314 1458 1476 1472 1472 1476 1474 1458 1472 1470 1470 1471 1475 1475 1471 1473 1571 1568 1432 1420 1260 1259 1260 1420 1433 1293 1315 1312 1314 1312 1317 1293 1312 1313 1315 1319 1317 1317 1319 1316 1244 1301 1299 1247 1318 1246 1246 1318 1259 1301 1246 1260
            </p>
          </triangles>
        
          <triangles material="her_obelix03_a" count="178">
            <input semantic="VERTEX" source="#Obelix_geom_vertices" offset="0"/>
            <p>1 0 2 4 3 5 1 6 0 6 1 7 8 0 6 0 9 2 5 10 4 12 11 10 10 13 14 15 0 8 12 10 14 11 4 10 3 4 16 5 13 10 17 8 6 7 17 6 14 13 18 9 19 2 16 4 11 15 9 0 21 20 22 20 23 22 25 24 23 27 26 28 30 29 31 25 23 20 31 32 33 33 32 34 34 35 33 36 20 21 28 26 37 23 24 38 31 29 32 40 39 41 41 42 40 33 35 43 45 44 46 46 44 47 46 47 48 48 47 49 49 50 48 48 50 51 53 52 54 54 52 55 57 56 58 59 52 60 58 56 39 61 60 62 58 39 40 40 42 63 65 64 66 66 64 67 69 68 64 67 64 68 70 65 71 72 71 65 55 52 59 65 73 64 74 69 73 64 73 69 76 75 77 77 75 78 76 79 75 75 79 80 79 81 80 80 81 82 84 83 85 85 83 86 83 87 86 86 87 88 88 87 89 89 87 90 92 91 93 59 60 61 93 94 95 95 94 96 96 97 95 65 66 72 99 98 100 98 101 100 102 100 101 104 103 105 106 72 66 103 107 105 70 73 65 109 108 110 108 111 110 110 111 112 114 113 111 116 115 99 118 117 119 119 117 120 117 121 120 120 121 122 124 123 121 121 123 122 126 125 127 93 91 94 126 128 125 125 128 129 131 130 128 128 130 129 133 132 134 135 134 132 132 136 135 134 135 137 137 135 138 139 137 138 141 140 142 135 142 140 142 135 136 140 143 135 135 143 138 139 138 143 145 144 146 147 146 144 144 148 147 150 149 151 151 149 152 151 152 147 147 152 146 153 149 150 155 154 156 147 156 154 156 147 148 150 151 157 157 151 158 151 147 158 158 147 154 153 150 157 160 159 37 161 159 160 95 97 162 163 159 161 100 102 164 116 99 100 165 164 102 116 100 164 166 116 164 167 107 103 18 168 169 169 14 18 115 116 170 171 11 12 14 169 172 172 169 173 174 169 168 175 171 12 172 175 12 37 159 28 176 99 115 169 174 173 166 170 116 177 108 109 179 178 104 178 103 104 180 178 179 111 113 112 182 181 183 9 184 183 184 185 183 19 183 181 183 19 9 184 9 15 186 15 8 183 185 182 184 15 187 187 15 186 172 12 14 189 188 190 192 191 193 195 194 196 196 194 197 199 198 200 200 198 201 190 188 202 193 191 203 127 125 204
            </p>
          </triangles>
        </mesh>
      </geometry>
    </library_geometries>
  
    <library_visual_scenes>
      <visual_scene id="TheVisualScene" name="Obelix">
        <node name="Obelix" id="Obelix" sid="Obelix" type="NODE">
          <rotate sid="rotateX">1 0 0 -0.000</rotate>
        
          <rotate sid="rotateY">0 1 0 -0.000</rotate>
        
          <rotate sid="rotateZ">0 0 1 0.000</rotate>
        
          <translate sid="offset">-0.000000 0.000000 0.000000</translate>
        
          <instance_geometry url="#Obelix_geom">
            <bind_material>
              <technique_common>
                <instance_material symbol="her_obelix02_s02" target="#her_obelix02_s02">
                  <bind_vertex_input input_semantic="TEXCOORD" semantic="UVSET0" input_set="0"/>
                </instance_material>
              
                <instance_material symbol="her_obelix01_s01" target="#her_obelix01_s01">
                  <bind_vertex_input input_semantic="TEXCOORD" semantic="UVSET0" input_set="0"/>
                </instance_material>
              
                <instance_material symbol="her_obelix03_a" target="#her_obelix03_a">
                  <bind_vertex_input input_semantic="TEXCOORD" semantic="UVSET0" input_set="0"/>
                </instance_material>
              </technique_common>
            </bind_material>
          </instance_geometry>
        </node>
      </visual_scene>
    </library_visual_scenes>
  
    <scene>
      <instance_visual_scene url="#TheVisualScene"/>
    </scene>
  </COLLADA>
