# Exported by ZModeler 3.2.0 (Build 1182) with WavefrontOBJ filter (Build 82)
# 

mtllib Obelix.mtl

v -0.08208 1.48714 0.113219
v -0.053494 1.49815 0.127061
v -0.065577 1.51853 0.136063
v 0.045031 1.49815 0.127061
v 0.031333 1.51781 0.132645
v 0.02243 1.521 0.123291
v -0.039797 1.51781 0.132645
v -0.030893 1.521 0.123291
v -0.041274 1.53664 0.136857
v -0.097994 1.52293 0.116882
v 0.057114 1.51853 0.136063
v 0.068135 1.54458 0.129284
v 0.032811 1.53664 0.136857
v 0.08953 1.52293 0.116882
v 0.073617 1.48714 0.113219
v -0.076598 1.54458 0.129284
v -0.002943 1.54059 0.13286
v -0.00552 1.54059 0.13286
v 0.098979 1.48688 0.092879
v -0.107442 1.48688 0.092879
v -0.064806 1.56144 -0.038294
v -0.041747 1.57098 -0.0593
v -0.12817 1.53387 -0.128319
v -0.050273 1.54318 -0.067438
v -0.055069 1.49002 -0.124438
v -0.057803 1.56009 -0.169768
v -0.036807 1.58333 -0.060454
v -0.069378 1.56926 -0.031262
v -0.105329 1.60624 -0.078632
v -0.131411 1.60884 -0.060046
v -0.087031 1.57702 -0.130844
v -0.047749 1.55196 -0.058252
v -0.0492 1.63163 -0.096784
v -0.072401 1.56737 -0.028961
v -0.030891 1.5724 -0.061738
v -0.050023 1.55002 -0.059536
v -0.051783 1.55311 -0.167221
v -0.032582 1.62343 -0.093668
v -0.04233 1.57375 -0.061372
v -0.043747 1.57407 -0.056743
v -0.08991 1.61836 -0.137707
v -0.074268 1.56626 -0.041961
v -0.056916 1.5468 -0.060513
v -0.095277 1.57307 -0.130075
v -0.075294 1.65546 -0.087414
v -0.041188 1.58492 -0.140565
v -0.016258 1.57325 -0.068239
v -0.030709 1.59658 -0.035727
v 0.020499 1.63988 -0.10122
v 0.010034 1.58746 -0.042287
v -0.0196 1.57155 -0.069873
v -0.052499 1.5837 -0.141436
v -0.024669 1.55903 -0.127868
v -0.015743 1.58056 -0.041626
v -0.003392 1.61253 -0.051592
v -0.00861 1.6476 -0.144488
v -0.152369 1.59481 -0.087794
v -0.113576 1.55047 -0.144816
v -0.055231 1.54939 -0.06041
v 0.013909 1.5928 -0.053561
v 0.053561 1.5891 -0.112898
v -0.019512 1.57987 -0.04336
v -0.034439 1.56209 -0.1331
v -0.120092 1.54527 -0.140958
v 0.059306 1.58996 -0.021413
v 0.081249 1.60779 -0.058376
v 0.059633 1.5633 -0.09605
v 0.039116 1.55698 -0.057819
v 0.112187 1.56116 -0.058472
v 0.081585 1.5551 -0.00643
v 0.161824 1.57306 -0.089423
v 0.130488 1.64578 -0.100836
v 0.111236 1.5582 -0.062353
v 0.08336 1.58348 -0.160238
v 0.150364 1.53891 -0.08281
v 0.104772 1.60007 -0.087179
v 0.090872 1.65705 -0.031521
v 0.049658 1.59792 -0.030942
v 0.066927 1.56648 -0.025482
v 0.022846 1.63019 -0.100244
v 0.027907 1.58333 -0.060454
v 0.109998 1.60362 -0.082231
v 0.030218 1.57099 -0.172671
v 0.007274 1.56505 -0.049173
v 0.039683 1.57165 -0.041665
v 0.107898 1.58881 -0.131193
v 0.032164 1.54348 -0.054301
v 0.078241 1.51677 -0.143568
v 0.03024 1.57991 -0.173132
v 0.005789 1.56783 -0.050579
v 0.11927 1.53387 -0.128319
v 0.042883 1.55311 -0.167221
v 0.032848 1.57098 -0.0593
v 0.046169 1.48893 -0.103017
v 0.055906 1.56144 -0.040819
v 0.041373 1.54209 -0.046017
v 0.03343 1.57375 -0.061372
v -0.066515 1.58269 -0.077794
v -0.077784 1.59063 -0.005715
v -0.058574 1.56845 -0.040739
v -0.089158 1.55536 -0.00932
v -0.12159 1.56523 -0.059694
v 0.021992 1.5724 -0.061738
v 0.055508 1.56737 -0.035771
v 0.040301 1.63163 -0.096784
v 0.082188 1.55461 -0.00743
v 0.041123 1.55002 -0.059536
v 0.065369 1.56626 -0.041961
v 0.046331 1.54939 -0.06041
v 0.143469 1.58884 -0.087794
v 0.08101 1.61239 -0.137707
v 0.034847 1.57407 -0.056743
v 0.111192 1.54527 -0.140958
v 0.048017 1.5468 -0.060513
v -0.102468 1.61212 -0.030999
v -0.119507 1.56354 -0.064213
v 0.00325 1.57527 -0.063932
v 0.024285 1.58047 -0.125613
v 0.053061 1.64427 -0.087374
v 0.015443 1.5952 -0.037535
v -0.027764 1.63025 -0.097422
v -0.018933 1.58963 -0.053104
v 0.033828 1.57938 -0.126223
v 0.00607 1.57373 -0.065136
v -0.006187 1.5101 -0.137794
v 0.007505 1.64132 -0.149506
v 0.015894 1.59937 -0.03837
v -0.061691 1.60681 -0.101359
v -0.010349 1.58926 -0.057774
v 0.002587 1.55257 -0.145605
v 0.015046 1.56782 -0.06659
v -0.097575 1.56102 -0.070336
v -0.077839 1.61568 0.007439
v -0.048557 1.6002 -0.030173
v -0.004232 1.59138 -0.089247
v -0.003817 1.59377 -0.04131
v -0.078386 1.56596 -0.134267
v -0.004232 1.6104 -0.125726
v -0.004232 1.6376 -0.146682
v 0.04091 1.6002 -0.030218
v 0.072802 1.59584 0.001042
v 0.08339 1.56102 -0.077634
v 0.069922 1.56596 -0.134267
v -0.091853 1.54203 -0.048365
v -0.065348 1.61881 -0.001891
v -0.03956 1.59127 -0.046598
v -0.004232 1.56754 -0.078214
v -0.004232 1.58858 -0.057648
v -0.004232 1.55241 -0.108962
v -0.004232 1.54687 -0.147364
v -0.078386 1.51769 -0.111905
v -0.081984 1.52733 -0.081361
v -0.004232 1.55938 -0.183883
v 0.037866 1.59127 -0.047458
v 0.072802 1.59881 -0.001801
v 0.08339 1.54203 -0.048365
v 0.069922 1.51769 -0.111905
v 0.07352 1.52733 -0.081361
v -0.081298 1.64077 -0.057335
v -0.054963 1.59551 -0.03582
v -0.100967 1.60327 -0.082762
v 0.048903 1.56009 -0.169768
v -0.086592 1.61984 -0.136935
v -0.174226 1.55694 -0.095277
v -0.1403 1.6434 -0.063043
v 0.086377 1.57307 -0.130075
v 0.106265 1.50851 0.092209
v 0.118621 1.48822 0.058454
v -0.169324 1.58674 -0.102976
v 0.047219 1.55456 0.118011
v 0.081909 1.55181 0.105216
v 0.101163 1.52645 0.07557
v 0.116685 1.50877 0.0516
v 0.064024 1.55731 0.114479
v -0.089507 1.55506 -0.010554
v 0.104676 1.55047 -0.144816
v 0.038849 1.55196 -0.058252
v 0.114517 1.60884 -0.066856
v 0.078131 1.57702 -0.130844
v -0.114728 1.50851 0.092209
v -0.125149 1.50877 0.0516
v -0.127084 1.48822 0.058454
v -0.090372 1.55181 0.105216
v -0.109627 1.52645 0.07557
v -0.055682 1.55456 0.118011
v -0.072488 1.55731 0.114479
v -0.045087 1.67061 0.086618
v -0.063402 1.64084 0.082904
v -0.027453 1.61287 0.113644
v 0.014425 1.60902 0.112042
v 0.052418 1.6343 0.081456
v 0.038845 1.66574 0.089366
v -0.02399 1.61471 0.109817
v -0.023038 1.62784 0.105218
v -0.035706 1.62628 0.10105
v -0.036659 1.61315 0.10565
v 0.015531 1.61471 0.109826
v 0.028199 1.61316 0.105658
v 0.027247 1.62629 0.101058
v 0.014578 1.62784 0.105226
v -0.005534 1.63698 0.116267
v -0.003591 1.6355 0.118599
v 0.012323 1.52761 -0.065406
v -0.193341 0.152973 0.004577
v -0.209121 0.106333 0.021812
v -0.1568 0.106438 0.011542
v -0.134479 0.146082 -0.00799
v -0.238742 0.146958 -0.026997
v -0.254979 0.079932 -0.007477
v -0.234009 0.125654 -0.072735
v -0.268434 0.051918 -0.093702
v -0.214133 0.108143 -0.120854
v -0.225793 0.044515 -0.154538
v -0.156576 0.103605 -0.120684
v -0.130122 0.027356 -0.15031
v -0.12807 0.124677 -0.07599
v -0.104986 0.043713 -0.089005
v -0.117466 0.185373 -0.020341
v -0.121843 0.17359 -0.099076
v -0.241757 0.182913 -0.03595
v -0.233828 0.174928 -0.094121
v -0.181066 0.156566 -0.13344
v -0.216327 0.180467 -0.080627
v -0.183541 0.179784 -0.109427
v -0.141778 0.181895 -0.084932
v -0.186003 0.184468 0.005425
v -0.135499 0.188859 -0.035352
v -0.18275 0.190732 -0.019039
v -0.22089 0.18583 -0.046559
v -0.121647 0.074845 -0.019818
v -0.004232 0.808722 0.392779
v -0.202479 0.824021 0.355526
v -0.208195 0.690425 0.364632
v -0.004232 0.690425 0.397982
v -0.056355 1.13185 0.268811
v -0.109348 1.1767 0.24818
v -0.080563 1.10961 0.302038
v -0.274502 0.081816 0.152544
v -0.294533 0.031103 0.155489
v -0.272375 0.069567 0.155836
v -0.258308 0.076161 0.040875
v -0.280101 0.030756 0.041345
v -0.119037 0.057118 0.093795
v -0.112122 0.064958 0.091867
v -0.122038 0.098777 0.145648
v -0.130476 0.091287 0.151028
v -0.126554 0.076136 0.033252
v -0.136077 0.067968 0.030961
v -0.149223 0.128847 0.14539
v -0.153331 0.117722 0.149142
v -0.112297 0.061548 0.062743
v -0.117245 0.069183 0.049064
v -0.130739 0.102817 0.077547
v -0.120422 0.095182 0.091584
v -0.146939 0.122229 0.100697
v -0.136622 0.114594 0.114733
v -0.14446 0.110891 0.0569
v -0.121357 0.095384 0.118618
v -0.11267 0.080766 0.11059
v -0.135773 0.096274 0.048872
v -0.004232 0.327129 -0.051155
v -0.004232 0.35722 -0.23268
v 0.122659 0.341337 -0.145849
v 0.105578 0.336379 -0.033971
v -0.004232 0.352456 0.098751
v 0.113402 0.356103 0.076496
v 0.149127 0.436302 0.240647
v -0.004232 0.436302 0.260523
v -0.004232 0.556652 0.357039
v 0.184945 0.556652 0.327031
v 0.199732 0.690425 0.364632
v 0.342497 0.556652 -0.312958
v 0.436032 0.556652 -0.148018
v 0.36553 0.436302 -0.13328
v 0.291042 0.436302 -0.266952
v 0.422619 0.556652 0.040258
v 0.350954 0.436302 0.018962
v 0.458259 0.690425 -0.148033
v 0.44811 0.690425 0.055143
v 0.204534 0.351447 -0.183088
v 0.147575 0.436302 -0.354363
v 0.299386 0.371509 -0.10684
v 0.262656 0.365144 -0.006844
v 0.269011 0.436302 0.154848
v 0.179599 0.345167 0.04293
v 0.449868 0.83402 -0.145324
v 0.440192 0.834021 0.05995
v 0.356809 0.82902 -0.326523
v 0.359989 0.690425 -0.32634
v 0.427648 0.896429 -0.137043
v 0.428303 0.871932 0.057562
v 0.094673 0.884878 0.368673
v -0.004232 0.844531 0.385383
v 0.194016 0.824021 0.355526
v 0.337529 0.556652 0.222402
v 0.364573 0.690425 0.242737
v 0.348105 0.84336 0.236358
v 0.192122 0.829326 -0.421881
v 0.197741 0.690425 -0.441511
v 0.183051 0.556652 -0.423863
v -0.004232 0.695425 -0.464873
v -0.004232 0.829976 -0.4449
v -0.004232 0.556652 -0.453141
v -0.004232 0.436302 -0.378474
v -0.240343 0.00271 -0.115663
v -0.190936 0.00271 -0.163503
v -0.130423 0.00271 -0.151376
v -0.105264 0.003057 -0.067649
v -0.118767 0.003057 0.024208
v -0.290055 0.00271 0.040102
v -0.257036 0.00271 -0.038457
v -0.100812 0.003057 0.188454
v -0.301671 0.00271 0.155093
v -0.15406 0.111509 0.034558
v -0.216128 0.108988 0.040345
v -0.232178 0.119266 0.150591
v -0.133428 0.003057 0.291392
v -0.262502 0.00271 0.266564
v -0.199671 0.003057 0.321123
v -0.15829 0.099732 0.031154
v -0.212582 0.095964 0.037058
v -0.228102 0.106242 0.153498
v -0.257371 0.063963 0.039121
v -0.114042 0.336379 -0.033971
v -0.131122 0.341337 -0.14585
v -0.121866 0.356103 0.076496
v -0.15759 0.436302 0.240647
v -0.193408 0.556652 0.327031
v -0.350961 0.556652 -0.312958
v -0.299505 0.436302 -0.266952
v -0.373994 0.436302 -0.13328
v -0.444495 0.556652 -0.148018
v -0.431082 0.556652 0.040258
v -0.359417 0.436302 0.018962
v -0.456573 0.690425 0.055143
v -0.466722 0.690425 -0.148033
v -0.212997 0.351447 -0.183088
v -0.156039 0.436302 -0.354363
v -0.307849 0.371509 -0.10684
v -0.27112 0.365144 -0.006844
v -0.188063 0.345167 0.04293
v -0.277475 0.436302 0.154848
v -0.448655 0.834021 0.05995
v -0.458331 0.83402 -0.145324
v -0.365272 0.82902 -0.326523
v -0.368453 0.690425 -0.32634
v -0.436767 0.871932 0.057562
v -0.436111 0.896429 -0.137043
v -0.103136 0.884878 0.368673
v -0.366565 1.14824 0.021562
v -0.362193 1.15426 -0.128158
v -0.365276 1.12627 -0.122733
v -0.365306 1.11618 0.026998
v -0.311244 1.18167 -0.112496
v -0.311459 1.17499 0.013329
v -0.276159 1.17865 0.141329
v -0.314545 1.15367 0.174265
v -0.170634 1.1629 0.266415
v -0.165775 1.12141 0.25172
v -0.091392 1.07702 0.302614
v -0.199333 1.18842 0.222327
v -0.345992 0.556652 0.222402
v -0.373036 0.690425 0.242737
v -0.356568 0.84336 0.236358
v -0.200585 0.829326 -0.421881
v -0.206205 0.690425 -0.441511
v -0.191514 0.556652 -0.423863
v -0.30364 1.11786 0.165696
v -0.623865 1.24381 0.064391
v -0.625245 1.25862 0.045019
v -0.664038 1.29002 0.084058
v -0.683395 1.28794 0.09851
v -0.815628 1.33523 -0.150207
v -0.817697 1.4066 -0.099241
v -0.746189 1.40853 -0.110612
v -0.752635 1.3264 -0.170702
v -0.739516 1.43227 -0.040157
v -0.812894 1.4253 -0.033338
v -0.809952 1.25997 -0.118358
v -0.746325 1.23395 -0.133365
v -0.740115 1.19114 -0.042511
v -0.802272 1.22329 -0.03746
v -0.650825 1.2146 -0.137891
v -0.634386 1.1812 -0.03749
v -0.718301 1.2878 0.101623
v -0.790835 1.29857 0.097792
v -0.796446 1.23156 0.035595
v -0.73184 1.20463 0.035494
v -0.733005 1.41953 0.025814
v -0.806158 1.41167 0.026981
v -0.796627 1.36764 0.072301
v -0.722535 1.3729 0.083361
v -0.880918 1.34405 -0.123738
v -0.881053 1.40374 -0.082136
v -0.879849 1.41759 -0.026611
v -0.871896 1.3327 0.069456
v -0.867323 1.27683 0.028425
v -0.873949 1.27047 -0.029119
v -0.876695 1.29485 -0.098231
v -0.877392 1.39755 0.030434
v -0.692463 1.40557 -0.115332
v -0.707585 1.32034 -0.179054
v -0.625686 1.32498 -0.157766
v -0.625112 1.33994 -0.172864
v -0.621404 1.40671 -0.112672
v -0.628201 1.2859 -0.173957
v -0.626936 1.29339 -0.157536
v -0.657075 1.30464 -0.04908
v -0.877427 1.33833 -0.030629
v -0.67256 1.31555 -0.167108
v -0.621077 1.428 -0.048986
v -0.620383 1.36899 0.066616
v -0.621573 1.41703 0.016314
v -0.613609 1.31574 0.093912
v -0.617132 1.30544 0.059675
v -0.631209 1.19454 0.023518
v -0.852722 1.37344 -0.118082
v -0.845397 1.34232 -0.145758
v -0.859646 1.34287 -0.137974
v -0.866785 1.36392 -0.117203
v -0.827663 1.31735 -0.138349
v -0.836763 1.30465 -0.130931
v -0.858536 1.34224 -0.13632
v -0.840853 1.34162 -0.14441
v -0.850856 1.30383 -0.1211
v -0.865551 1.3156 -0.119721
v -0.835124 1.3701 -0.123942
v -0.82399 1.35876 -0.134568
v -0.764044 1.35142 -0.152093
v -0.759738 1.32755 -0.170483
v -0.773404 1.33135 -0.16697
v -0.773455 1.34806 -0.153393
v -0.75781 1.30707 -0.162878
v -0.764146 1.30074 -0.158921
v -0.793567 1.35611 -0.144232
v -0.78441 1.35323 -0.147302
v -0.797212 1.3313 -0.161799
v -0.809642 1.33506 -0.1549
v -0.806026 1.31056 -0.143045
v -0.814474 1.30923 -0.14008
v -0.701191 1.32557 0.094299
v -0.715997 1.31724 0.09503
v -0.707054 1.29158 0.106783
v -0.691702 1.29031 0.106788
v -0.678129 1.26557 0.088255
v -0.689627 1.25473 0.081222
v -0.687584 1.28951 0.104472
v -0.706344 1.29112 0.104871
v -0.718859 1.2691 0.086682
v -0.705344 1.25631 0.074409
v -0.671361 1.30675 0.099619
v -0.683193 1.32025 0.096008
v -0.841913 1.35912 0.07053
v -0.856809 1.3515 0.067505
v -0.851682 1.32184 0.081253
v -0.837548 1.31795 0.088251
v -0.822243 1.29436 0.074019
v -0.832498 1.28498 0.063719
v -0.846605 1.2881 0.054383
v -0.833091 1.31721 0.08665
v -0.850637 1.32157 0.079464
v -0.860127 1.3011 0.056557
v -0.81469 1.33803 0.083271
v -0.824706 1.35276 0.077345
v -0.747009 1.32547 0.09313
v -0.756695 1.32285 0.09165
v -0.758217 1.29386 0.10109
v -0.744968 1.29102 0.103905
v -0.744977 1.27752 0.092212
v -0.751879 1.27456 0.087539
v -0.796909 1.30187 0.09949
v -0.782099 1.32752 0.091533
v -0.790944 1.33162 0.08898
v -0.808929 1.30766 0.093298
v -0.807635 1.28817 0.07759
v -0.816171 1.28804 0.074581
v -0.193939 0.910787 -0.385763
v -0.340084 0.911954 -0.297092
v -0.004232 1.15186 -0.321365
v -0.169843 1.151 -0.307139
v -0.165459 1.18368 -0.307092
v -0.004232 1.18475 -0.331212
v -0.15091 1.2 -0.26025
v -0.004232 1.20179 -0.286203
v -0.278871 1.17277 -0.238088
v -0.249605 1.1899 -0.202437
v -0.302899 1.13912 -0.24194
v 0.331621 0.911954 -0.297092
v 0.185475 0.910787 -0.385763
v -0.004232 0.911874 -0.422889
v -0.182655 0.262178 -0.002318
v -0.130438 0.265603 -0.027936
v -0.233923 0.265489 -0.031922
v -0.235218 0.258255 -0.085322
v -0.194023 0.253273 -0.121943
v -0.141858 0.259971 -0.088803
v -0.219468 0.202163 -0.08048
v -0.18507 0.200628 -0.110358
v -0.142129 0.203493 -0.086158
v -0.134574 0.205916 -0.033988
v -0.133748 0.219086 -0.033331
v -0.225495 0.217604 -0.041449
v -0.223734 0.205496 -0.0434
v -0.182101 0.22429 -0.011084
v -0.181917 0.211693 -0.013999
v 0.122276 0.102817 0.077547
v 0.108782 0.069184 0.049064
v 0.103834 0.061548 0.062743
v 0.111959 0.095182 0.091584
v 0.138476 0.122229 0.100697
v 0.128158 0.114594 0.114733
v 0.135787 0.111102 0.0569
v 0.1271 0.096485 0.048872
v 0.103997 0.080977 0.11059
v 0.112684 0.095595 0.118618
v 0.072099 1.10961 0.302038
v 0.100883 1.1767 0.24818
v 0.047892 1.13185 0.268811
v 0.356813 1.12627 -0.122733
v 0.35373 1.15426 -0.128158
v 0.358101 1.14824 0.021562
v 0.356842 1.11618 0.026998
v 0.302781 1.18167 -0.112497
v 0.302996 1.17499 0.013329
v 0.267701 1.17865 0.141329
v 0.306082 1.15367 0.174265
v 0.157311 1.12141 0.25172
v 0.162171 1.1629 0.266415
v 0.082928 1.07702 0.302614
v 0.19087 1.18842 0.222327
v 0.295176 1.11786 0.165696
v 0.156996 1.18368 -0.307092
v 0.16138 1.151 -0.307139
v 0.142446 1.2 -0.26025
v 0.270407 1.17277 -0.238088
v 0.241171 1.1899 -0.202437
v 0.294406 1.13913 -0.241952
v 0.148295 0.105164 0.011506
v 0.200629 0.105072 0.02178
v 0.184878 0.152973 0.004577
v 0.126015 0.146082 -0.00799
v 0.230279 0.146958 -0.026997
v 0.246486 0.078709 -0.007513
v 0.225545 0.125654 -0.072735
v 0.259907 0.050707 -0.093663
v 0.20567 0.108143 -0.120854
v 0.217308 0.043286 -0.154475
v 0.121707 0.02615 -0.150256
v 0.148113 0.103605 -0.120684
v 0.096566 0.042516 -0.088981
v 0.119607 0.124677 -0.075989
v 0.109003 0.185373 -0.020341
v 0.11338 0.17359 -0.099076
v 0.225365 0.174928 -0.094121
v 0.233294 0.182913 -0.03595
v 0.172603 0.156566 -0.13344
v 0.175077 0.179784 -0.109427
v 0.207864 0.180467 -0.080627
v 0.133315 0.181895 -0.084932
v 0.177539 0.184468 0.005425
v 0.174287 0.190732 -0.019039
v 0.127036 0.188859 -0.035352
v 0.212426 0.18583 -0.046559
v 0.113207 0.07363 -0.019796
v 0.174192 0.262178 -0.002318
v 0.121975 0.265603 -0.027936
v 0.22546 0.265489 -0.031922
v 0.226755 0.258255 -0.085322
v 0.185559 0.253273 -0.121943
v 0.133394 0.259971 -0.088803
v 0.211004 0.202163 -0.08048
v 0.176606 0.200628 -0.110358
v 0.133666 0.203493 -0.086158
v 0.125285 0.219086 -0.033331
v 0.126111 0.205916 -0.033988
v 0.215271 0.205496 -0.0434
v 0.217032 0.217604 -0.041449
v 0.173638 0.22429 -0.011084
v 0.173453 0.211693 -0.013999
v -0.1045 0.03283 0.154527
v -0.1242 0.030756 0.029832
v -0.155662 0.099977 0.242745
v -0.133001 0.033576 0.28427
v -0.100812 0.033229 0.188454
v -0.197969 0.038527 -0.150776
v -0.233897 0.035731 -0.108716
v -0.175047 0.103387 -0.075637
v -0.13451 0.038527 -0.137448
v -0.110822 0.037484 -0.063297
v -0.242068 0.031104 -0.044217
v -0.191907 0.032146 0.314898
v -0.222865 0.090775 0.244275
v -0.255358 0.031103 0.266895
v -0.184273 0.094959 -0.060587
v 0.17581 0.080437 -0.060587
v 0.263912 0.069567 0.155836
v 0.28607 0.031103 0.155489
v 0.266038 0.081816 0.152544
v 0.271638 0.030756 0.041345
v 0.249845 0.076161 0.040876
v 0.110574 0.057118 0.093795
v 0.122012 0.091287 0.151028
v 0.113574 0.098777 0.145648
v 0.103658 0.064958 0.091867
v 0.11809 0.076136 0.033252
v 0.127614 0.067968 0.030961
v 0.144868 0.117722 0.149142
v 0.140759 0.128847 0.14539
v 0.23188 0.00271 -0.115663
v 0.0968 0.003057 -0.067649
v 0.12196 0.00271 -0.151376
v 0.182472 0.00271 -0.163503
v 0.248572 0.00271 -0.038457
v 0.281592 0.00271 0.040102
v 0.110303 0.003057 0.024208
v 0.293208 0.00271 0.155093
v 0.092349 0.003057 0.188454
v 0.223715 0.119266 0.150591
v 0.207665 0.108988 0.040345
v 0.145597 0.111509 0.034558
v 0.254039 0.00271 0.266564
v 0.124965 0.003057 0.291392
v 0.191207 0.003057 0.321123
v 0.149826 0.099732 0.031154
v 0.204119 0.095964 0.037058
v 0.219638 0.106242 0.153498
v 0.248907 0.063963 0.039121
v 0.115737 0.030756 0.029832
v 0.096037 0.03283 0.154527
v 0.147199 0.099977 0.242745
v 0.092349 0.033229 0.188454
v 0.124538 0.033576 0.28427
v 0.189506 0.038527 -0.150776
v 0.126047 0.038527 -0.137448
v 0.166584 0.103387 -0.075637
v 0.225433 0.035731 -0.108716
v 0.102358 0.037484 -0.063297
v 0.233605 0.031104 -0.044217
v 0.214402 0.090775 0.244275
v 0.183444 0.032146 0.314898
v 0.246894 0.031103 0.266895
v -0.004232 1.2907 -0.253929
v -0.148501 1.28097 -0.234847
v -0.121633 1.39061 -0.175602
v -0.004232 1.3972 -0.188738
v -0.004232 1.50117 -0.100285
v -0.213859 1.37478 -0.141108
v -0.212249 1.45012 -0.055733
v -0.259864 1.21599 0.153816
v -0.179164 1.25751 0.203048
v -0.073046 1.38029 0.087713
v -0.116942 1.41183 0.046551
v -0.237762 1.33907 0.091771
v -0.217672 1.4261 0.038249
v -0.1216 1.45675 -0.005167
v -0.097284 1.49007 -0.059253
v -0.232653 1.26023 -0.1787
v -0.30379 1.21791 -0.032735
v -0.289855 1.24579 0.076056
v -0.004232 1.27266 0.19686
v -0.004232 1.36613 0.108394
v -0.004232 1.19167 0.238695
v -0.004232 1.13468 0.271061
v -0.482985 1.21334 0.009933
v -0.477248 1.19973 -0.086824
v -0.384143 1.22537 -0.05503
v -0.400883 1.23793 0.007661
v -0.489741 1.31554 0.070025
v -0.582012 1.29496 0.04941
v -0.56352 1.23275 0.011859
v -0.416926 1.32242 0.050631
v -0.430012 1.38208 0.012564
v -0.501271 1.38997 0.01249
v -0.500434 1.41315 -0.064629
v -0.563123 1.40396 -0.069437
v -0.574454 1.38786 -0.007585
v -0.665448 1.29049 0.085407
v -0.651084 1.19755 0.00847
v -0.600127 1.21205 0.009418
v -0.596379 1.39707 -0.081798
v -0.636801 1.40841 0.000484
v -0.561967 1.31201 -0.14337
v -0.595813 1.31552 -0.16486
v -0.402859 1.26547 -0.11712
v -0.472862 1.24236 -0.13608
v -0.477107 1.33492 -0.147414
v -0.381397 1.3365 -0.128237
v -0.559162 1.21681 -0.114796
v -0.606093 1.20442 -0.116899
v -0.675135 1.31633 -0.168199
v -0.643028 1.40906 -0.080285
v -0.653578 1.20601 -0.118091
v -0.434398 1.40452 -0.05045
v -0.634608 1.36326 0.059859
v -0.322271 1.31915 0.088506
v -0.317441 1.3591 -0.156952
v -0.310392 1.26551 -0.133464
v -0.278665 1.42663 0.063105
v -0.352271 1.41654 0.052895
v -0.283094 1.43496 -0.090991
v -0.285393 1.46034 -0.01059
v -0.353973 1.4338 -0.090195
v -0.361663 1.44899 -0.016963
v 0.11317 1.39061 -0.175602
v 0.140038 1.28097 -0.234847
v 0.203786 1.45012 -0.055733
v 0.205395 1.37478 -0.141108
v 0.251401 1.21599 0.153816
v 0.170701 1.25751 0.203048
v 0.229299 1.33907 0.091772
v 0.108479 1.41183 0.046551
v 0.064583 1.38029 0.087713
v 0.088821 1.49007 -0.059253
v 0.113136 1.45675 -0.005167
v 0.209209 1.4261 0.038249
v 0.22419 1.26023 -0.1787
v 0.295327 1.21791 -0.032735
v 0.281392 1.24579 0.076056
v 0.474522 1.21334 0.009933
v 0.39242 1.23793 0.007661
v 0.375679 1.22537 -0.05503
v 0.468785 1.19973 -0.086824
v 0.573549 1.29496 0.04941
v 0.481278 1.31554 0.070025
v 0.555057 1.23275 0.011859
v 0.408463 1.32242 0.050631
v 0.492808 1.38997 0.01249
v 0.421549 1.38208 0.012564
v 0.491971 1.41315 -0.064629
v 0.565991 1.38786 -0.007585
v 0.554659 1.40396 -0.069437
v 0.553504 1.31201 -0.14337
v 0.587916 1.39707 -0.081798
v 0.587349 1.31552 -0.16486
v 0.468643 1.33492 -0.147414
v 0.464398 1.24236 -0.13608
v 0.394396 1.26547 -0.11712
v 0.372934 1.3365 -0.128237
v 0.550699 1.21681 -0.114796
v 0.59763 1.20442 -0.116899
v 0.425935 1.40452 -0.05045
v 0.591663 1.21205 0.009418
v 0.313808 1.31915 0.088506
v 0.308977 1.3591 -0.156952
v 0.301929 1.2655 -0.133464
v 0.270202 1.42663 0.063105
v 0.343808 1.41654 0.052896
v 0.276929 1.46034 -0.01059
v 0.274631 1.43496 -0.090991
v 0.345509 1.4338 -0.090195
v 0.3532 1.44899 -0.016963
v 0.630337 1.27795 0.080306
v 0.650114 1.19755 0.00847
v 0.648606 1.40841 0.000484
v 0.62358 1.39377 -0.081042
v 0.620938 1.31286 -0.157086
v 0.663564 1.20601 -0.118091
v 0.679479 1.40906 -0.080285
v 0.726954 1.20696 0.00705
v 0.715822 1.27521 0.092465
v 0.807164 1.33521 -0.14157
v 0.744172 1.32392 -0.160489
v 0.735799 1.41075 -0.082306
v 0.809853 1.40645 -0.074327
v 0.727023 1.41039 0.008327
v 0.799955 1.4033 0.01208
v 0.800086 1.25765 -0.098369
v 0.738539 1.22819 -0.108535
v 0.789612 1.23477 -0.001858
v 0.782372 1.29126 0.087362
v 0.626075 1.36318 0.05749
v 0.714072 1.36668 0.07404
v 0.788163 1.36228 0.06383
v 0.872243 1.34518 -0.115003
v 0.877167 1.39799 -0.061271
v 0.87526 1.39283 0.011187
v 0.866859 1.28227 -0.016747
v 0.868845 1.34325 0.052767
v 0.867459 1.30118 -0.076592
v 0.684993 1.31633 -0.168199
v 0.924009 1.3124 -0.090169
v 0.938516 1.30851 -0.007556
v 0.894044 1.36936 0.054452
v 0.923895 1.39797 0.004646
v 0.921256 1.3977 -0.082239
v 0.919759 1.35909 -0.114936
v 0.911105 1.35688 0.084831
v 0.911105 1.30486 0.083404
v 1.01702 1.39138 0.02267
v 0.958634 1.37636 0.066377
v 1.01589 1.37655 0.070548
v 1.01579 1.32998 0.057388
v 0.965511 1.31793 0.066377
v 1.0204 1.34048 0.022575
v 1.01712 1.32764 -0.034912
v 1.01955 1.36138 -0.130379
v 1.01834 1.3225 -0.121575
v 1.12653 1.37635 0.016636
v 1.10318 1.33561 0.008705
v 1.15979 1.32631 0.006403
v 1.17616 1.35982 0.01317
v 1.06534 1.38592 0.019748
v 1.08539 1.33739 0.009022
v 1.06597 1.38599 -0.027845
v 1.01817 1.3937 -0.030401
v 1.1266 1.37764 -0.026726
v 1.17678 1.35975 -0.0234
v 1.16027 1.32546 -0.014911
v 1.10382 1.33372 -0.019166
v 1.08586 1.33353 -0.019874
v 1.01827 1.3922 -0.083731
v 1.01744 1.31823 -0.084044
v 1.10783 1.36973 0.067596
v 1.09574 1.32581 0.056551
v 1.14055 1.32528 0.0556
v 1.15906 1.36284 0.063513
v 1.06211 1.37389 0.068737
v 1.06403 1.32745 0.057994
v 1.06269 1.38355 0.025006
v 1.10881 1.38051 0.027612
v 1.1572 1.37235 0.031746
v 1.14019 1.33148 0.032829
v 1.09692 1.33743 0.029458
v 1.06471 1.33949 0.029194
v 1.10874 1.37773 -0.035484
v 1.09061 1.33823 -0.045788
v 1.14596 1.33088 -0.048358
v 1.16073 1.36552 -0.042437
v 1.0614 1.38599 -0.032448
v 1.07275 1.33807 -0.044353
v 1.06027 1.38553 -0.080578
v 1.10785 1.37664 -0.076859
v 1.15954 1.36567 -0.073402
v 1.14527 1.32846 -0.065404
v 1.0908 1.33691 -0.066632
v 1.07264 1.33585 -0.066925
v 1.09858 1.3648 -0.122771
v 1.12956 1.36336 -0.11747
v 1.11512 1.334 -0.107431
v 1.08172 1.32942 -0.109682
v 1.05527 1.36327 -0.126913
v 1.06197 1.32718 -0.111807
v 1.0542 1.38612 -0.085701
v 1.09832 1.37997 -0.087603
v 1.13029 1.37511 -0.0902
v 1.11405 1.34044 -0.088536
v 1.08101 1.33968 -0.087632
v 1.06055 1.33635 -0.086247
v -0.932472 1.3124 -0.090169
v -0.867525 1.30118 -0.076592
v -0.866925 1.28227 -0.016747
v -0.946979 1.30851 -0.007556
v -0.875326 1.39283 0.011187
v -0.902508 1.36936 0.054452
v -0.868911 1.34325 0.052767
v -0.877233 1.39799 -0.061271
v -0.92972 1.3977 -0.082239
v -0.932358 1.39797 0.004646
v -0.872309 1.34518 -0.115003
v -0.928222 1.35909 -0.114936
v -0.919568 1.35688 0.084831
v -0.919568 1.30486 0.083404
v -0.967097 1.37636 0.066377
v -1.02549 1.39138 0.02267
v -1.02435 1.37655 0.070548
v -1.02425 1.32998 0.057388
v -0.973975 1.31793 0.066377
v -1.02886 1.34048 0.022575
v -1.02559 1.32764 -0.034912
v -1.0268 1.3225 -0.121575
v -1.02801 1.36138 -0.130379
v -1.13499 1.37635 0.016636
v -1.18462 1.35982 0.01317
v -1.16825 1.32631 0.006403
v -1.11165 1.33561 0.008705
v -1.09386 1.33739 0.009022
v -1.0738 1.38592 0.019748
v -1.02663 1.3937 -0.030401
v -1.07444 1.38599 -0.027845
v -1.13506 1.37764 -0.026726
v -1.18524 1.35975 -0.0234
v -1.16873 1.32546 -0.014911
v -1.11229 1.33372 -0.019166
v -1.09432 1.33353 -0.019874
v -1.02674 1.3922 -0.083731
v -1.02591 1.31823 -0.084044
v -1.11629 1.36973 0.067596
v -1.16753 1.36284 0.063513
v -1.14902 1.32528 0.0556
v -1.1042 1.32581 0.056551
v -1.07057 1.37389 0.068737
v -1.07249 1.32745 0.057994
v -1.07115 1.38355 0.025006
v -1.11727 1.38051 0.027612
v -1.16566 1.37235 0.031746
v -1.14865 1.33148 0.032829
v -1.10538 1.33743 0.029458
v -1.07317 1.33949 0.029194
v -1.1172 1.37773 -0.035484
v -1.16919 1.36552 -0.042437
v -1.15443 1.33088 -0.048358
v -1.09908 1.33823 -0.045787
v -1.08122 1.33807 -0.044353
v -1.06986 1.38599 -0.032448
v -1.06873 1.38553 -0.080578
v -1.11631 1.37664 -0.076859
v -1.16801 1.36567 -0.073402
v -1.15373 1.32846 -0.065404
v -1.09927 1.33691 -0.066632
v -1.0811 1.33585 -0.066925
v -1.10705 1.3648 -0.122771
v -1.09018 1.32942 -0.109682
v -1.12358 1.334 -0.107431
v -1.13802 1.36336 -0.11747
v -1.06373 1.36327 -0.126913
v -1.07043 1.32718 -0.111807
v -1.06266 1.38612 -0.085701
v -1.10679 1.37997 -0.087603
v -1.13876 1.37511 -0.0902
v -1.12252 1.34044 -0.088536
v -1.08947 1.33968 -0.087632
v -1.06901 1.33635 -0.086247
v 0.934396 1.35688 0.139847
v 0.972983 1.36707 0.108773
v 0.970368 1.35688 0.161244
v 0.938616 1.35688 0.181658
v 0.972983 1.31881 0.108773
v 0.9714 1.32767 0.161555
v 0.938616 1.31793 0.181658
v 0.934396 1.30819 0.139847
v -0.981446 1.36707 0.108773
v -0.942859 1.35688 0.139847
v -0.978832 1.35688 0.161244
v -0.947079 1.35688 0.181658
v -0.981446 1.31881 0.108773
v -0.979863 1.32767 0.161555
v -0.947079 1.31793 0.181658
v -0.942859 1.30819 0.139847
v 0.115567 1.54771 -0.01406
v 0.08757 1.57856 -0.009781
v 0.094463 1.5712 0.007055
v 0.098535 1.54337 0.007029
v 0.082368 1.55865 -0.022345
v 0.110499 1.56568 -0.043962
v 0.102694 1.54166 -0.023229
v 0.124831 1.57025 -0.033693
v 0.081077 1.60795 0.030493
v 0.085972 1.5914 0.025265
v 0.098314 1.61208 0.013613
v 0.073838 1.62243 0.016033
v 0.111059 1.61637 -0.011018
v 0.122557 1.60032 -0.029405
v 0.106569 1.60175 -0.040653
v 0.094706 1.62518 -0.016249
v 0.074225 1.5897 -0.011859
v 0.085949 1.60907 0.040408
v 0.070622 1.61911 0.060556
v 0.086269 1.58579 0.070179
v 0.101482 1.58788 0.046933
v 0.03011 1.6408 -0.028833
v -0.004232 1.63439 -0.038839
v -0.004232 1.68435 -0.043923
v 0.019512 1.69262 -0.031584
v -0.004232 1.70288 -0.0312
v 0.053731 1.66007 0.008328
v 0.028428 1.70727 0.001403
v 0.053467 1.67336 0.037085
v 0.026601 1.70833 0.035342
v 0.022358 1.70235 0.061756
v -0.004232 1.71443 -0.001494
v -0.004232 1.71418 0.033597
v -0.004232 1.70663 0.069535
v -0.004232 1.69752 0.089622
v 0.014867 1.69433 0.083942
v -0.004232 1.55592 -0.055025
v 0.056047 1.55942 -0.041675
v 0.040918 1.59962 -0.030862
v -0.004232 1.59242 -0.042375
v 0.047958 1.66515 0.064995
v 0.033049 1.68546 0.075382
v 0.071937 1.63761 0.035756
v 0.057119 1.64859 0.059493
v 0.002973 1.6174 0.110031
v 0.009455 1.63621 0.100397
v 0.008541 1.63805 0.099935
v 0.023199 1.6413 0.092058
v 0.013549 1.66378 0.093486
v 0.017862 1.52243 0.122138
v -0.004232 1.52721 0.156544
v 0.016842 1.52253 0.155546
v 0.037773 1.52571 0.116682
v 0.050938 1.50898 0.123329
v 0.085769 1.54233 0.102882
v 0.101811 1.52949 0.02474
v -0.004232 1.62127 0.111437
v -0.004232 1.63647 0.104385
v 0.028784 1.64799 0.172186
v 0.025428 1.61555 0.131255
v -0.004232 1.62821 0.129854
v -0.004232 1.65557 0.1737
v -0.004232 1.66381 0.208504
v 0.027287 1.65755 0.20678
v -0.004232 1.65649 0.237783
v 0.022717 1.63435 0.24375
v -0.004232 1.63157 0.25091
v -0.004232 1.59743 0.249919
v 0.031216 1.59958 0.240637
v 0.051643 1.63093 0.201658
v 0.054369 1.61951 0.165678
v 0.02643 1.56158 0.221636
v 0.05379 1.56288 0.187985
v 0.061151 1.60246 0.196634
v 0.028741 1.53898 0.179517
v 0.056692 1.55882 0.149054
v 0.044691 1.59029 0.124876
v 0.061304 1.59948 0.162177
v 0.022645 1.60989 0.120814
v -0.004232 1.49824 0.185379
v -0.004232 1.48664 0.177993
v 0.01937 1.49756 0.169954
v -0.004232 1.48099 0.163403
v 0.017798 1.48763 0.160025
v 0.100344 1.44543 0.075478
v 0.065033 1.58848 0.109485
v 0.060713 1.60035 0.09204
v 0.09574 1.48949 0.091544
v 0.027986 1.50695 0.146593
v 0.027193 1.50781 0.127645
v 0.060649 1.57189 0.120921
v 0.041511 1.60334 0.116026
v 0.021042 1.60884 0.105765
v 0.007577 1.61493 0.109132
v 0.010414 1.51252 0.177116
v 0.024523 1.49515 0.133125
v -0.004232 1.47984 0.143671
v 0.041101 1.45299 0.13121
v 0.059848 1.40699 0.114589
v -0.004232 1.3975 0.130418
v -0.004232 1.44387 0.14399
v -0.004232 1.5165 0.180264
v 0.034173 1.63078 0.089414
v 0.034477 1.60959 0.098057
v 0.040378 1.61249 0.095379
v 0.054322 1.62469 0.075086
v 0.033392 1.66173 0.082281
v 0.035179 1.63213 0.089103
v -0.004232 1.66374 0.096385
v 0.051274 1.65364 0.068517
v -0.004232 1.55993 0.227488
v -0.004232 1.53219 0.180005
v -0.004232 1.52796 0.137758
v 0.023059 1.63925 0.091927
v 0.102846 1.54437 0.068163
v 0.120415 1.54437 0.038854
v 0.112726 1.49669 0.028167
v 0.092967 1.49669 0.028167
v 0.102846 1.49669 0.048793
v 0.063278 1.54437 0.038853
v 0.132479 1.45222 0.039705
v 0.102846 1.45222 0.072034
v 0.102846 1.4088 0.048811
v 0.111892 1.4088 0.029928
v 0.102846 1.45222 0.007377
v 0.093801 1.4088 0.029928
v 0.066685 1.45222 0.039705
v 0.102846 1.36863 0.069734
v 0.135328 1.36863 0.040625
v 0.102846 1.36863 0.011516
v 0.109592 1.32762 0.033288
v 0.096101 1.32762 0.033288
v 0.102846 1.32762 0.04737
v 0.070365 1.36863 0.040625
v 0.102846 1.29069 0.067036
v 0.102846 1.25449 0.041929
v 0.131011 1.29069 0.041704
v 0.102846 1.29069 0.016373
v 0.074682 1.29069 0.041704
v -0.026305 1.52243 0.122138
v -0.026624 1.51868 0.087846
v 0.018477 1.51868 0.087846
v -0.046197 1.52571 0.116682
v -0.12403 1.54771 -0.01406
v -0.106998 1.54337 0.007029
v -0.102927 1.5712 0.007055
v -0.096033 1.57856 -0.009781
v -0.111157 1.54166 -0.023229
v -0.118962 1.56568 -0.043962
v -0.090831 1.55865 -0.022345
v -0.133294 1.57025 -0.033693
v -0.08954 1.60795 0.030493
v -0.082302 1.62243 0.016033
v -0.106778 1.61208 0.013613
v -0.094435 1.5914 0.025265
v -0.119522 1.61637 -0.011018
v -0.103169 1.62518 -0.016249
v -0.115032 1.60175 -0.040653
v -0.131021 1.60032 -0.029405
v -0.082688 1.5897 -0.011859
v -0.017919 1.63621 0.100397
v -0.031522 1.63925 0.091927
v -0.029506 1.60884 0.105765
v -0.016041 1.61493 0.109132
v -0.042636 1.63078 0.089414
v -0.042941 1.60959 0.098057
v -0.094732 1.58579 0.070179
v -0.079085 1.61911 0.060556
v -0.094412 1.60907 0.040408
v -0.109945 1.58788 0.046933
v -0.038573 1.6408 -0.028833
v -0.027976 1.69262 -0.031584
v -0.062194 1.66007 0.008328
v -0.036891 1.70727 0.001403
v -0.030821 1.70235 0.061756
v -0.035064 1.70833 0.035342
v -0.06193 1.67336 0.037085
v -0.02333 1.69433 0.083941
v -0.06451 1.55942 -0.041675
v -0.049381 1.59962 -0.030862
v -0.041513 1.68546 0.075382
v -0.056422 1.66515 0.064995
v -0.0804 1.63761 0.035756
v -0.065582 1.64859 0.059493
v -0.022013 1.66378 0.093486
v -0.017002 1.63803 0.099939
v -0.031892 1.64071 0.09202
v -0.025305 1.52253 0.155546
v -0.094232 1.54233 0.102882
v -0.059401 1.50898 0.123329
v -0.110275 1.52949 0.02474
v -0.011292 1.61748 0.110059
v -0.037247 1.64799 0.172186
v -0.033892 1.61555 0.131255
v -0.035751 1.65755 0.20678
v -0.031181 1.63435 0.24375
v -0.03968 1.59958 0.240637
v -0.062832 1.61951 0.165678
v -0.060106 1.63093 0.201658
v -0.069614 1.60246 0.196634
v -0.062253 1.56288 0.187985
v -0.034893 1.56158 0.221636
v -0.037204 1.53898 0.179517
v -0.065155 1.55882 0.149054
v -0.053154 1.59029 0.124876
v -0.069767 1.59948 0.162177
v -0.031108 1.60989 0.120814
v -0.027833 1.49756 0.169954
v -0.026261 1.48763 0.160025
v -0.108808 1.44543 0.075478
v -0.073496 1.58848 0.109485
v -0.069176 1.60035 0.09204
v -0.104203 1.48949 0.091544
v -0.036449 1.50695 0.146593
v -0.035656 1.50781 0.127645
v -0.069112 1.57189 0.120921
v -0.049974 1.60334 0.116026
v -0.018878 1.51252 0.177116
v -0.032986 1.49515 0.133125
v -0.049564 1.45299 0.13121
v -0.068311 1.40699 0.114589
v -0.049366 1.61101 0.094169
v -0.043607 1.63352 0.088781
v -0.062786 1.62469 0.075086
v -0.041856 1.66173 0.082281
v -0.059737 1.65364 0.068517
v -0.128878 1.54437 0.038854
v -0.11131 1.54437 0.068163
v -0.121189 1.49669 0.028167
v -0.10143 1.49669 0.028167
v -0.11131 1.49669 0.048793
v -0.071742 1.54437 0.038853
v -0.11131 1.4088 0.048811
v -0.11131 1.45222 0.072034
v -0.140942 1.45222 0.039705
v -0.120355 1.4088 0.029928
v -0.11131 1.45222 0.007377
v -0.102265 1.4088 0.029928
v -0.075149 1.45222 0.039705
v -0.143792 1.36863 0.040625
v -0.11131 1.36863 0.069734
v -0.11131 1.36863 0.011516
v -0.104564 1.32762 0.033288
v -0.118055 1.32762 0.033288
v -0.11131 1.32762 0.04737
v -0.078828 1.36863 0.040625
v -0.139475 1.29069 0.041704
v -0.11131 1.25449 0.041929
v -0.11131 1.29069 0.067036
v -0.11131 1.29069 0.016373
v -0.083145 1.29069 0.041704
v 0.103632 1.26817 0.042399
v 0.104332 1.24567 0.062899
v 0.124332 1.24567 0.042399
v 0.083832 1.24567 0.042399
v 0.103632 1.22317 0.058664
v 0.104332 1.24567 0.021399
v 0.016051 1.25015 0.028299
v 0.026051 1.28983 0.032399
v 0.051051 1.2951 0.036399
v 0.102732 1.24567 0.042399
v 0.016051 1.25015 0.056499
v 0.031051 1.21047 0.068664
v 0.061051 1.19924 0.064664
v 0.051051 1.2951 0.048399
v 0.026051 1.28983 0.052399
v 0.031051 1.21047 0.048664
v 0.061051 1.19924 0.052664
v 0.191867 1.25015 0.028299
v 0.105185 1.24567 0.042399
v 0.156867 1.2951 0.036399
v 0.181867 1.28983 0.032399
v 0.191867 1.25015 0.056499
v 0.146867 1.19924 0.064664
v 0.176867 1.21047 0.068664
v 0.156867 1.2951 0.048399
v 0.181867 1.28983 0.052399
v 0.146867 1.19924 0.052664
v 0.176867 1.21047 0.048664
v -0.132795 1.24567 0.042399
v -0.112795 1.24567 0.062899
v -0.112095 1.26817 0.042399
v -0.092295 1.24567 0.042399
v -0.112095 1.22317 0.058664
v -0.112795 1.24567 0.021399
v -0.024514 1.25015 0.028299
v -0.111196 1.24567 0.042399
v -0.059514 1.2951 0.036399
v -0.034514 1.28983 0.032399
v -0.024514 1.25015 0.056499
v -0.069514 1.19924 0.064664
v -0.039514 1.21047 0.068664
v -0.059514 1.2951 0.048399
v -0.034514 1.28983 0.052399
v -0.069514 1.19924 0.052664
v -0.039514 1.21047 0.048664
v -0.20033 1.25015 0.028299
v -0.19033 1.28983 0.032399
v -0.16533 1.2951 0.036399
v -0.113648 1.24567 0.042399
v -0.20033 1.25015 0.056499
v -0.18533 1.21047 0.068664
v -0.15533 1.19924 0.064664
v -0.16533 1.2951 0.048399
v -0.19033 1.28983 0.052399
v -0.18533 1.21047 0.048664
v -0.15533 1.19924 0.052664
v 0.082688 1.12556 0.26728
v -0.004232 1.14842 0.259691
v -0.004232 1.13805 0.311168
v 0.069642 1.11846 0.317672
v 0.126867 1.06492 0.33544
v 0.14836 1.06236 0.279471
v 0.082688 0.839125 0.373779
v 0.148314 0.910477 0.352272
v 0.126867 0.918646 0.383986
v 0.069642 0.865107 0.401754
v -0.004232 0.816002 0.391128
v -0.004232 0.845511 0.408258
v -0.004232 1.08922 0.368673
v 0.039427 1.0772 0.372663
v 0.074533 1.04435 0.383563
v 0.147813 0.991782 0.359713
v 0.087383 0.999485 0.398454
v 0.074533 0.954618 0.413344
v 0.039427 0.921773 0.424245
v -0.004232 0.905424 0.428234
v -0.004232 1.07154 0.356664
v 0.032891 1.06112 0.360125
v 0.063344 1.03262 0.369581
v 0.074491 0.993702 0.382498
v 0.063344 0.954781 0.395415
v 0.032891 0.926289 0.404871
v -0.004232 0.91586 0.408332
v -0.004232 0.998056 0.395617
v 0.514671 1.35426 -0.11134
v 0.489284 1.30384 -0.127443
v 0.514114 1.30468 -0.165999
v 0.526478 1.37288 -0.138655
v 0.422038 1.30709 -0.125799
v 0.426504 1.30031 -0.159633
v 0.408694 1.36082 -0.124191
v 0.446257 1.22296 -0.080245
v 0.448504 1.18582 -0.091104
v 0.441957 1.23091 -0.152912
v 0.441638 1.25477 -0.123852
v 0.453918 1.22295 -0.026613
v 0.459364 1.1858 -0.015086
v 0.453171 1.25517 0.016559
v 0.469509 1.23107 0.046105
v 0.474201 1.30581 0.037346
v 0.479715 1.30368 0.074831
v 0.488537 1.35656 0.028049
v 0.489436 1.37614 0.058913
v 0.498263 1.38765 -0.015241
v 0.503222 1.42021 -0.002445
v 0.508246 1.38677 -0.068483
v 0.517371 1.41896 -0.077909
v 0.482568 1.30435 -0.177361
v 0.48277 1.38715 -0.161532
v 0.405405 1.30422 -0.160247
v 0.408988 1.16826 -0.096358
v 0.401766 1.22889 -0.162044
v 0.421645 1.16824 -0.001406
v 0.430612 1.22076 0.069913
v 0.438805 1.30596 0.096982
v 0.446005 1.39078 0.068738
v 0.459167 1.44213 -0.002776
v 0.475658 1.44068 -0.090731
v 0.455518 1.30615 -0.173432
v 0.441989 1.37716 -0.154567
v 0.374455 1.30126 -0.154385
v 0.363395 1.19012 -0.078945
v 0.356848 1.23522 -0.140753
v 0.374254 1.19011 -0.002927
v 0.386445 1.23371 0.059933
v 0.393744 1.30803 0.074831
v 0.404946 1.38042 0.043001
v 0.418732 1.42448 -0.018357
v 0.432881 1.42324 -0.093821
v 0.460138 1.30516 -0.126227
v 0.441204 1.35798 -0.125176
v 0.391081 1.30881 -0.130206
v 0.372251 1.22671 -0.069673
v 0.367631 1.25852 -0.11328
v 0.379912 1.22669 -0.01604
v 0.38684 1.25919 0.031319
v 0.397992 1.30988 0.044145
v 0.412836 1.36464 0.019307
v 0.423325 1.39817 -0.027375
v 0.43409 1.39722 -0.08479
v 0.477319 1.23414 -0.131053
v -0.091152 1.12556 0.26728
v -0.078106 1.11846 0.317672
v -0.156823 1.06236 0.279471
v -0.13533 1.06492 0.33544
v -0.175999 0.9852 0.306765
v -0.156276 0.991782 0.359713
v -0.156777 0.910477 0.352272
v -0.13533 0.918646 0.383986
v -0.091152 0.839125 0.373779
v -0.078106 0.865107 0.401754
v -0.047891 1.0772 0.372663
v -0.082996 1.04435 0.383563
v -0.095846 0.999485 0.398454
v -0.082996 0.954618 0.413344
v -0.047891 0.921773 0.424245
v -0.041354 1.06112 0.360125
v -0.071807 1.03262 0.369581
v -0.082954 0.993702 0.382498
v -0.071807 0.954781 0.395415
v -0.041354 0.926289 0.404871
v -0.666939 1.28491 -0.172439
v -0.741092 1.2877 -0.161592
v -0.741292 1.32472 -0.178323
v -0.66352 1.32156 -0.183071
v -0.734769 1.3538 -0.155378
v -0.656045 1.35274 -0.160214
v -0.004232 1.12833 -0.347381
v -0.177507 1.12365 -0.327785
v -0.165989 1.09468 -0.310333
v -0.004232 1.09578 -0.338701
v -0.004232 0.96392 -0.399024
v -0.188634 0.96197 -0.364722
v -0.195643 0.941619 -0.388667
v -0.004232 0.940854 -0.42523
v 0.356018 1.03795 -0.237533
v 0.319079 1.07088 -0.204205
v 0.371076 1.01866 -0.153448
v 0.34159 0.973199 -0.229781
v 0.305239 1.0286 -0.264708
v 0.169043 1.12365 -0.327785
v 0.157525 1.09468 -0.310333
v 0.18017 0.96197 -0.364722
v 0.18718 0.941619 -0.388667
v -0.379539 1.01866 -0.153448
v -0.327542 1.07088 -0.204205
v -0.364481 1.03795 -0.237533
v -0.350053 0.973199 -0.229781
v -0.313703 1.0286 -0.264708
v -0.007897 1.07911 -0.350958
v 0.052872 1.03144 -0.372375
v -0.005313 1.03465 -0.407142
v -0.070046 1.02658 -0.370019
v -0.006814 0.978547 -0.39336
v 0.167536 0.9852 0.306765
v -0.313271 0.994872 0.205232
v -0.325805 1.04813 0.134424
v -0.37541 1.01787 0.147969
v -0.364823 0.952453 0.139612
v -0.372061 1.00852 0.090473
v 0.366947 1.01787 0.147969
v 0.317342 1.04813 0.134424
v 0.304807 0.994872 0.205232
v 0.35636 0.952453 0.139612
v 0.363597 1.00852 0.090473
v 0.104968 1.06423 0.322592
v 0.108506 1.02478 0.334733
v 0.160045 1.0727 0.264851
v 0.167683 1.10377 0.274845
v 0.194289 0.878377 0.330613
v 0.127183 0.925216 0.362741
v 0.109538 0.915631 0.378128
v 0.205895 0.857884 0.366209
v 0.308397 1.09596 0.179289
v 0.281693 1.0692 0.173623
v 0.35191 1.06981 0.033679
v 0.379746 1.09692 0.037782
v 0.383939 1.10422 -0.123357
v 0.357536 1.07655 -0.12398
v 0.314826 1.11823 -0.255589
v 0.29047 1.08756 -0.242162
v 0.342734 0.897148 0.220157
v 0.362823 0.880323 0.237867
v 0.436804 0.904921 0.059063
v 0.412741 0.923045 0.052435
v 0.434597 0.931082 -0.139601
v 0.410174 0.945574 -0.135581
v 0.335025 0.942242 -0.296983
v 0.317385 0.961243 -0.275695
v -0.113432 1.06423 0.322592
v -0.176147 1.10377 0.274845
v -0.168508 1.0727 0.264852
v -0.116969 1.02478 0.334733
v -0.202752 0.878377 0.330613
v -0.135647 0.925216 0.362741
v -0.214358 0.857884 0.366209
v -0.118001 0.915631 0.378128
v -0.31686 1.09596 0.179289
v -0.388209 1.09692 0.037782
v -0.360373 1.06981 0.033679
v -0.290156 1.0692 0.173623
v -0.392403 1.10422 -0.123357
v -0.365999 1.07655 -0.12398
v -0.323289 1.11823 -0.255589
v -0.298934 1.08756 -0.242162
v -0.351197 0.897149 0.220157
v -0.421204 0.923045 0.052435
v -0.445267 0.904921 0.059063
v -0.371287 0.880323 0.237868
v -0.443061 0.931082 -0.139601
v -0.418637 0.945574 -0.135581
v -0.343489 0.942242 -0.296983
v -0.325848 0.961243 -0.275695
v -0.015795 1.72073 0.053772
v -0.003819 1.70016 0.091433
v 0.007313 1.72102 0.054083
v 0.050465 1.69824 0.02613
v 0.058221 1.67218 -0.004888
v 0.034168 1.69876 -0.022041
v 0.031275 1.71707 0.017066
v 0.033391 1.71446 0.045721
v 0.029864 1.66227 -0.048106
v 0.049778 1.64873 -0.032159
v 0.029584 1.63279 -0.050702
v -0.003824 1.62516 -0.059594
v -0.003824 1.66559 -0.059803
v -0.013736 1.69635 -0.040493
v -0.041816 1.69835 -0.021692
v -0.0144 1.70683 -0.029064
v -0.037512 1.66155 -0.051427
v 0.005659 1.6966 -0.040082
v -0.015183 1.72618 0.012742
v -0.03731 1.71812 0.015086
v -0.041038 1.71446 0.045721
v -0.065868 1.67218 -0.004888
v -0.058112 1.69824 0.02613
v -0.057425 1.64873 -0.032159
v -0.037231 1.63279 -0.050702
v 0.006256 1.72585 0.013417
v 0.006304 1.70708 -0.028999
v -0.043669 1.6885 0.079398
v -0.079608 1.63889 0.023677
v -0.069945 1.66442 0.054424
v -0.073319 1.61531 -0.003752
v -0.048557 1.59475 -0.033408
v -0.003817 1.58832 -0.043504
v -0.006015 1.69611 -0.034674
v -0.022552 1.69763 -0.052446
v 0.000179 1.69253 -0.057709
v -0.022552 1.71415 -0.035412
v 0.000179 1.71926 -0.030148
v 0.014227 1.70589 -0.043929
v -0.018323 1.70715 -0.057696
v -0.00082 1.70322 -0.061749
v -0.018323 1.71987 -0.04458
v -0.00082 1.7238 -0.040527
v 0.009998 1.71351 -0.051138
v -0.005657 1.7182 -0.055574
v -0.004241 1.68125 -0.002438
v 0.04091 1.59475 -0.033408
v 0.065672 1.61531 -0.003752
v 0.071961 1.63889 0.023677
v 0.062298 1.66442 0.054424
v 0.036022 1.6885 0.079398
v -0.083101 1.6851 -0.017812
v -0.05794 1.66709 -0.016712
v -0.064944 1.65209 -0.007359
v -0.09761 1.67536 -0.003336
v -0.089229 1.68951 0.005225
v -0.06656 1.66954 0.014428
v -0.056414 1.67994 -0.001509
v -0.082447 1.69443 -0.005665
v -0.070542 1.65332 0.00792
v -0.105612 1.69878 -0.013079
v -0.10559 1.74066 -0.0351
v -0.095322 1.70416 -0.024253
v -0.09676 1.71423 -0.014882
v -0.100926 1.70671 -0.006484
v 0.052571 1.65209 -0.007359
v 0.045567 1.66709 -0.016712
v 0.070727 1.6851 -0.017812
v 0.085236 1.67536 -0.003336
v 0.044041 1.67994 -0.001509
v 0.054187 1.66954 0.014428
v 0.076856 1.68951 0.005225
v 0.070074 1.69443 -0.005665
v 0.058169 1.65332 0.00792
v 0.082948 1.70416 -0.024253
v 0.093217 1.74066 -0.0351
v 0.093239 1.69878 -0.013079
v 0.084387 1.71423 -0.014882
v 0.088553 1.70671 -0.006484


vn -0.446744 -0.388611 0.805855
vn 0.212415 -0.532528 0.819331
vn -0.207862 -0.208155 0.955762
vn -0.21243 -0.532553 0.819309
vn -0.355415 -0.486781 0.797954
vn -0.613864 -0.711914 0.341117
vn 0.355399 -0.486767 0.797967
vn 0.613847 -0.711901 0.341171
vn 0.029055 0.137641 0.990062
vn -0.706945 -0.014902 0.707121
vn 0.207865 -0.208159 0.955756
vn 0.348387 0.522947 0.777926
vn -0.0290547 0.137643 0.990059
vn 0.706943 -0.0149064 0.707123
vn 0.446752 -0.388612 0.805858
vn -0.348384 0.522946 0.777921
vn -0.390415 -0.593975 0.703407
vn 0.390401 -0.59397 0.703423
vn 0.731299 -0.281606 0.621209
vn -0.731306 -0.281614 0.621205
vn -0.825296 0.0651384 0.560935
vn -0.34702 0.935361 -0.0684761
vn -0.80421 0.207971 0.556772
vn 0.554709 -0.743302 0.373928
vn 0.555124 -0.63106 0.541849
vn 0.988399 -0.120401 -0.0926279
vn 0.4325 -0.72864 -0.531072
vn -0.131825 -0.82747 -0.545822
vn -0.0711512 -0.741912 -0.666716
vn -0.649337 -0.617494 0.443924
vn -0.562423 -0.826641 0.01902
vn -0.562082 -0.827032 -0.00928204
vn 0.946012 0.323454 -0.0213776
vn 0.0238469 0.299792 0.953708
vn 0.964285 0.187129 -0.187477
vn 0.581507 -0.342615 -0.737882
vn -0.303155 0.94428 -0.128199
vn 0.972603 0.178157 0.149352
vn 0.967128 -0.229689 -0.109123
vn 0.784166 0.610113 -0.113367
vn 0.791059 0.600875 -0.114795
vn -0.263051 0.57916 0.771612
vn 0.756869 -0.28532 -0.588006
vn 0.766731 -0.272923 -0.58108
vn -0.825325 -0.224215 0.518248
vn -0.817664 -0.541889 0.194405
vn -0.819436 -0.559983 0.122295
vn -0.207195 0.518221 0.829776
vn 0.959035 0.123413 0.255001
vn 0.95943 0.103378 0.26232
vn 0.691424 -0.594267 -0.410833
vn 0.687361 -0.594706 -0.416988
vn -0.95675 0.282739 0.0685514
vn -0.932189 0.361946 0.00613946
vn -0.284344 0.879424 0.381822
vn -0.343614 0.872057 0.3485
vn -0.562265 -0.486777 0.668525
vn -0.47355 -0.821831 0.316803
vn -0.471993 -0.829526 0.298518
vn 0.66276 -0.64355 0.382893
vn 0.840254 0.214035 0.498172
vn 0.38906 -0.913844 0.116334
vn 0.315849 -0.933726 0.168512
vn 0.756219 -0.286105 -0.588455
vn -0.0380482 0.970398 0.238515
vn -0.226073 0.810293 0.540663
vn -0.794275 -0.448869 -0.409469
vn -0.779637 -0.397347 -0.484043
vn -0.123428 -0.983046 -0.135646
vn 0.0616309 -0.992475 -0.105828
vn 0.441777 0.256388 0.859714
vn -0.19006 0.830926 0.522929
vn 0.632206 0.406479 0.659614
vn -0.914279 -0.279742 -0.293
vn -0.521618 -0.852286 -0.0391549
vn 0.714103 0.00498486 0.700034
vn -0.0516613 0.0457768 0.997622
vn -0.110759 0.340743 0.93362
vn 0.627453 0.454419 0.632304
vn -0.986958 0.0945709 0.13034
vn -0.481174 -0.73082 -0.484131
vn 0.0194431 -0.76701 -0.641348
vn 0.0792387 -0.860582 -0.503124
vn -0.21549 0.976453 0.0107086
vn -0.201466 0.97946 0.00968043
vn 0.198432 0.928388 0.314235
vn 0.780878 0.0896388 0.618233
vn 0.0441163 -0.961337 0.271842
vn 0.0198808 -0.954994 0.29598
vn -0.709266 -0.677133 -0.196076
vn -0.67941 -0.704556 -0.204965
vn 0.677038 0.694179 0.244426
vn 0.303158 0.944286 -0.128203
vn 0.34682 0.935413 -0.0687599
vn -0.41457 -0.7118 0.566996
vn 0.78487 -0.12471 0.606988
vn -0.369655 -0.694815 0.616928
vn -0.989852 -0.141314 -0.0149844
vn 0.901045 -0.246071 -0.357182
vn -0.0877585 0.760388 0.643524
vn 0.877387 -0.353899 -0.323968
vn 0.110292 -0.93512 -0.336735
vn 0.229268 -0.875249 -0.425892
vn -0.964904 0.192595 -0.178561
vn 0.0379167 0.275823 0.960466
vn -0.947361 0.320171 0.000396488
vn 0.687271 0.60433 0.403044
vn -0.581513 -0.342607 -0.737878
vn 0.279344 0.601804 0.748208
vn 0.430773 -0.849646 0.304199
vn 0.546065 -0.509391 0.665082
vn -0.77277 0.617183 -0.14804
vn -0.767167 0.625699 -0.141295
vn -0.750745 -0.309326 -0.583706
vn -0.758266 -0.299875 -0.57889
vn -0.0664461 0.585591 0.807887
vn -0.777682 -0.0666296 0.625123
vn 0.825011 -0.545772 0.146607
vn 0.824097 -0.514161 0.23771
vn 0.834266 -0.183546 0.519916
vn 0.132164 0.529625 0.837879
vn -0.972657 0.0742309 0.220084
vn -0.980837 -0.000627321 0.194871
vn -0.688327 -0.623654 -0.370499
vn -0.656824 -0.629916 -0.414475
vn 0.981442 -0.0321838 -0.189071
vn 0.684525 0.697598 0.211623
vn 0.676708 0.578182 0.455832
vn -0.725326 -0.216809 0.653383
vn -0.670644 -0.38034 0.636862
vn -0.524048 -0.817088 0.240321
vn -0.533347 -0.797047 0.283317
vn -0.308093 0.896221 -0.319182
vn -0.232136 0.822538 -0.51919
vn -0.159753 0.928224 -0.335995
vn 0.000681041 0.999901 -0.0144087
vn -0.000327882 0.998757 -0.0498549
vn -0.439314 0.808546 0.391498
vn 1.72136e-008 0.762729 0.646723
vn -0 0.610286 0.792184
vn 0.224532 0.937871 -0.264547
vn 0.426898 0.846798 -0.317342
vn 0.3733 0.89636 -0.239165
vn 0.442272 0.803382 0.398734
vn -0.444252 0.617626 -0.648988
vn -0.512299 0.567181 -0.644871
vn -0.367277 0.580715 -0.72656
vn -0.0066371 0.750743 -0.660574
vn -0.0205363 0.698879 -0.714953
vn 1.09591e-008 0.949746 -0.313045
vn -1.62495e-008 0.994795 0.101904
vn -0.35444 0.933966 -0.0456864
vn -0.397425 0.826817 -0.398036
vn -3.81223e-008 0.946066 0.323982
vn 0.389291 0.567489 -0.725548
vn 0.604799 0.56939 -0.556802
vn 0.478832 0.599816 -0.641054
vn 0.354439 0.933966 -0.0456865
vn 0.397425 0.826817 -0.39804
vn -0.0866349 0.386156 0.918363
vn 0.0439545 0.471522 0.880758
vn -0.686491 0.184617 0.703316
vn -0.987872 -0.0843526 -0.130389
vn -0.601466 0.445522 0.663153
vn 0.935095 -0.096276 -0.341083
vn 0.400791 -0.823837 -0.400839
vn -0.133562 0.625693 0.768561
vn -0.766731 -0.272912 -0.581077
vn 0.910425 0.165753 0.379016
vn 0.9278 -0.0500686 0.369715
vn -0.684606 -0.191346 0.703353
vn -0.00308337 0.745928 0.666026
vn 0.760085 0.502384 0.41218
vn 0.870709 0.443979 0.211548
vn 0.918456 0.316167 0.237648
vn 0.253206 0.767135 0.589406
vn -0.839301 0.208296 0.502186
vn 0.428544 -0.857321 0.285238
vn 0.604559 -0.793227 0.0728757
vn 0.662857 -0.539084 0.519634
vn 0.603839 -0.795394 0.0522168
vn -0.910429 0.165741 0.379021
vn -0.918468 0.316138 0.237673
vn -0.927793 -0.0500881 0.369724
vn -0.760084 0.502381 0.412179
vn -0.870715 0.443962 0.211581
vn 0.00308364 0.745927 0.666026
vn -0.253219 0.767123 0.589409
vn -0.470949 0.251898 0.84544
vn -0.527814 0.222486 0.819707
vn 0.551847 0.0937047 0.828666
vn 0.601717 0.0593762 0.796509
vn -0.331221 0.33326 0.882744
vn -0.331266 0.333216 0.882746
vn -0.331176 0.333304 0.882743
vn 0.331254 0.333288 0.882725
vn 0.331264 0.333276 0.882723
vn 0.331243 0.3333 0.882727
vn -0.41184 0.28011 0.867143
vn 0.499389 0.127594 0.856938
vn 0.964714 0.0494291 -0.258634
vn -0.204353 0.231032 0.951246
vn -0.210018 -0.277713 0.937431
vn 0.191794 -0.362043 0.912221
vn 0.660332 0.0428239 0.749763
vn -0.860517 0.238883 0.449946
vn -0.809767 -0.38431 0.443387
vn -0.968604 0.138713 -0.206335
vn -0.93183 -0.256773 -0.256467
vn -0.777897 0.24561 -0.578419
vn -0.61065 -0.714701 -0.341045
vn 0.499981 0.179846 -0.847162
vn 0.323098 -0.835559 -0.44436
vn -0.0179227 0.0165281 -0.999707
vn 0.0122414 0.118065 -0.992934
vn 0.991747 -0.00905369 -0.127955
vn 0.911744 -0.380994 -0.153596
vn 0.805688 0.486775 0.337519
vn 0.625589 0.594276 -0.505444
vn -0.738819 0.605515 0.29581
vn -0.60414 0.651704 -0.458597
vn -0.432491 0.441126 -0.786364
vn 0.251801 0.187482 -0.94945
vn -0.715442 0.443009 -0.540275
vn -0.433356 0.624095 -0.650166
vn 0.387036 0.465462 -0.795961
vn 0.6299 0.604107 -0.488162
vn -0.0128093 0.677127 0.735771
vn 0.630351 0.759646 0.160017
vn -0.136175 0.480155 0.866553
vn -0.778078 0.624502 0.0678441
vn 0.655344 -0.487426 0.577031
vn -0.150569 0.0998822 0.983545
vn -0.398207 0.085089 0.913342
vn -0.383158 -0.1047 0.917737
vn -0.157255 -0.178584 0.971281
vn 0.30686 0.672428 0.673566
vn 0.118994 0.738299 0.663897
vn -0.181579 0.344829 0.920946
vn -0.687541 0.475433 0.548877
vn -0.928014 0.330585 0.171823
vn -0.243321 0.21212 0.946472
vn -0.552772 0.48398 -0.678391
vn -0.855088 0.351307 -0.381327
vn 0.757753 -0.646906 0.0856246
vn 0.95194 -0.30591 0.0153003
vn 0.855618 0.244771 0.456093
vn 0.60216 -0.110413 0.79071
vn 0.765762 0.00437075 -0.643127
vn 0.497206 -0.358013 -0.790332
vn 0.229344 0.880705 0.414464
vn 0.14688 0.272928 0.950762
vn 0.86211 0.460839 -0.210709
vn 0.898192 0.431524 -0.0840386
vn 0.813497 0.552521 -0.181543
vn 0.739057 0.645709 -0.191986
vn 0.689053 0.715132 -0.117475
vn 0.689053 0.715133 -0.117479
vn 0.807629 0.567666 -0.159687
vn 0.807632 0.567653 -0.159696
vn 0.807626 0.567679 -0.159678
vn 0.00680109 -0.99994 -0.00936703
vn 0.0742687 -0.934348 -0.34854
vn 0.0390405 -0.965629 -0.256991
vn 0.0886523 -0.995601 -0.0305859
vn 0.0723237 -0.949022 0.306805
vn -0.00680055 -0.999936 -0.0093667
vn 0.0163769 -0.984814 0.17287
vn 0.10441 -0.932474 0.345838
vn 0.23211 -0.75873 0.608661
vn 0.0818392 -0.771085 0.631455
vn 0.127084 -0.512534 0.849217
vn 0.294582 -0.42722 0.854819
vn 0.157255 -0.178584 0.971283
vn 0.383158 -0.1047 0.917736
vn 0.693986 -0.338457 -0.635484
vn 0.913255 -0.308517 -0.266074
vn 0.785453 -0.595625 -0.168223
vn 0.526181 -0.669028 -0.524921
vn 0.89067 -0.400405 0.215384
vn 0.701032 -0.677853 0.221538
vn 0.97401 -0.0631552 -0.217541
vn 0.968751 -0.0853647 0.23291
vn 0.234515 -0.867635 -0.43843
vn 0.173353 -0.759801 -0.626627
vn 0.606861 -0.786308 -0.115996
vn 0.515757 -0.808869 0.282367
vn 0.485622 -0.75061 0.448068
vn 0.168257 -0.911678 0.37488
vn 0.953019 0.218591 -0.209718
vn 0.95047 0.193738 0.243074
vn 0.705659 0.228595 -0.67067
vn 0.733404 -0.0506342 -0.677907
vn 0.932337 0.337582 -0.129607
vn 0.922567 0.304266 0.237272
vn 0.13083 0.140726 0.981371
vn 0.0826605 0.201581 0.975985
vn 0.150568 0.099882 0.983546
vn 0.398207 0.0850889 0.913345
vn 0.678811 -0.419861 0.602439
vn 0.774748 -0.0254526 0.631762
vn 0.800077 0.173384 0.574301
vn 0.303618 0.220621 -0.926902
vn 0.403211 -0.0385064 -0.914301
vn 0.330158 -0.339616 -0.880718
vn 0.125358 0.0162255 -0.991981
vn 0.11469 0.202195 -0.972609
vn 0.143181 -0.386065 -0.911297
vn 0.108253 -0.723696 -0.681579
vn 0.0012041 -1 0.00143052
vn -0 -1 0
vn 0.00061338 -1.00001 0.0018879
vn 0.00198839 -1 0.00154581
vn 0.00206636 -1 0.000311533
vn 0.00207652 -1 0.000546304
vn 0.00228215 -1.00001 0.000582563
vn 0.00204271 -1 -1.13766e-005
vn 0.00187973 -1 -0.000210146
vn 0.397023 0.700658 -0.592835
vn -0.237177 0.703707 -0.669742
vn -0.336883 0.744183 0.576806
vn -0.950648 0.290721 -0.10843
vn -0.964891 0.243933 -0.09747
vn 0.0022079 -0.999999 0.00249789
vn 0.00208348 -1 0.00145037
vn 0.00188184 -0.999993 0.00419289
vn 0.0344493 0.21008 -0.977079
vn -0.14186 0.180484 -0.9733
vn -0.0789765 0.213906 0.97366
vn -0.202152 0.124162 -0.971459
vn -0.088652 -0.995596 -0.0305863
vn -0.0390413 -0.965626 -0.256991
vn -0.0742682 -0.934347 -0.34854
vn -0.0723239 -0.949023 0.306805
vn -0.10441 -0.932474 0.345838
vn -0.0163769 -0.984814 0.17287
vn -0.0818402 -0.771089 0.631458
vn -0.232108 -0.758726 0.608659
vn -0.127085 -0.512533 0.849214
vn -0.294583 -0.427221 0.854821
vn -0.693984 -0.338459 -0.635484
vn -0.52618 -0.669032 -0.524923
vn -0.785451 -0.595625 -0.168221
vn -0.913257 -0.308516 -0.26607
vn -0.890671 -0.400404 0.215384
vn -0.701032 -0.677852 0.221538
vn -0.968751 -0.0853649 0.23291
vn -0.97401 -0.0631543 -0.217539
vn -0.234518 -0.867632 -0.438428
vn -0.173354 -0.759801 -0.626628
vn -0.606859 -0.786309 -0.115997
vn -0.515759 -0.808866 0.282365
vn -0.168257 -0.911678 0.37488
vn -0.485623 -0.750609 0.448069
vn -0.950466 0.193729 0.243072
vn -0.953019 0.218591 -0.209719
vn -0.70566 0.228596 -0.67067
vn -0.733404 -0.0506316 -0.677905
vn -0.922577 0.304245 0.237272
vn -0.93234 0.337575 -0.129609
vn -0.0826612 0.20158 0.975984
vn -0.130831 0.140727 0.981369
vn -0.850714 0.504126 0.148856
vn -0.795076 0.554327 -0.246138
vn -0.985496 0.0249389 -0.167906
vn -0.978527 -0.00348316 0.206097
vn -0.42386 0.903365 -0.0653769
vn -0.427287 0.901475 0.0691502
vn -0.420803 0.893876 0.154672
vn -0.698465 0.299878 0.649798
vn -0.34934 0.352431 0.868191
vn -0.50746 -0.217244 0.833843
vn -0.482462 0.175448 0.858168
vn -0.300013 0.818361 0.49019
vn -0.678811 -0.41986 0.60244
vn -0.774748 -0.0254526 0.631762
vn -0.800081 0.173378 0.574304
vn -0.303619 0.220621 -0.926901
vn -0.403211 -0.0385064 -0.9143
vn -0.330158 -0.339617 -0.880717
vn -0.810431 -0.231127 0.538315
vn -0.114691 0.202194 -0.97261
vn -0.125359 0.0162262 -0.991987
vn -0.143182 -0.386065 -0.911297
vn -0.108253 -0.723696 -0.681579
vn 0.665875 -0.170939 0.726228
vn 0.983829 0.176904 -0.028301
vn 0.723528 -0.357547 0.590481
vn 0.251121 -0.153402 0.955728
vn -0.332927 0.0973205 -0.937921
vn -0.165179 0.803725 -0.571614
vn -0.085424 0.766087 -0.637045
vn -0.228307 0.12533 -0.965493
vn -0.0316257 0.997812 -0.0580781
vn -0.107962 0.99214 -0.0632812
vn -0.465722 -0.637543 -0.613715
vn -0.318283 -0.666556 -0.674102
vn -0.26691 -0.952762 -0.144929
vn -0.489818 -0.870078 -0.0552764
vn 0.529396 -0.675304 -0.513538
vn 0.556083 -0.830509 -0.0323302
vn -0.0537986 -0.324044 0.944514
vn -0.272773 -0.179811 0.945134
vn -0.373289 -0.764983 0.524844
vn -0.152555 -0.839824 0.520998
vn -0.0430491 0.872348 0.486999
vn -0.103228 0.905122 0.412448
vn -0.157799 0.564705 0.810067
vn 0.0195659 0.490448 0.871251
vn -0.767977 0.151853 -0.622234
vn -0.675991 0.656512 -0.334737
vn -0.646158 0.75603 0.104512
vn -0.750289 0.0239045 0.660694
vn -0.752388 -0.560885 0.345448
vn -0.814842 -0.576282 -0.0627294
vn -0.79501 -0.420965 -0.436747
vn -0.667129 0.535687 0.517686
vn -0.021044 0.791405 -0.610943
vn -0.0171753 0.01291 -0.99977
vn 0.909184 -0.375579 -0.17983
vn 0.420912 -0.00868713 -0.907066
vn 0.909904 0.345016 -0.230338
vn 0.617466 0.281112 -0.734656
vn 0.99173 0.125736 -0.0258499
vn 0.997605 0.0378056 -0.0579652
vn -0.99748 -0.0535907 0.0465425
vn 0.440405 0.0624887 -0.895637
vn 0.640989 0.754567 -0.140598
vn 0.605214 0.422007 0.675017
vn 0.684508 0.673928 0.277997
vn 0.667401 -0.501147 0.55085
vn 0.965753 -0.251795 -0.0627729
vn 0.88006 -0.45262 0.143653
vn -0.401357 0.561743 -0.723441
vn -0.478519 0.0252618 -0.877724
vn -0.435679 0.0787457 -0.896659
vn -0.42314 0.559621 -0.712599
vn -0.353219 -0.430503 -0.830612
vn -0.274436 -0.330695 -0.902966
vn -0.420841 -0.082076 -0.903424
vn -0.325699 0.299255 -0.896873
vn -0.397016 -0.405668 -0.823297
vn -0.402029 -0.405699 -0.820846
vn -0.232343 0.597912 -0.767159
vn -0.145661 0.596424 -0.789349
vn -0.0766746 0.616539 -0.783592
vn -0.20848 0.144654 -0.96727
vn -0.210161 0.160592 -0.964391
vn -0.117147 0.626039 -0.770945
vn -0.289345 -0.336867 -0.895995
vn -0.253971 -0.317137 -0.913744
vn -0.169879 0.585879 -0.792393
vn -0.0869375 0.584065 -0.80704
vn -0.339124 0.286283 -0.89613
vn -0.393017 -0.115283 -0.912287
vn -0.388223 -0.447173 -0.805804
vn -0.231378 -0.45118 -0.861925
vn -0.0662473 0.354058 0.932877
vn -0.159704 0.3645 0.917418
vn -0.0453082 -0.135171 0.989787
vn -0.0133787 -0.158082 0.987337
vn -0.0134823 -0.590132 0.807201
vn 0.024261 -0.562069 0.826737
vn 0.010704 -0.220355 0.975364
vn 0.00322909 -0.204332 0.978904
vn -0.00620962 -0.651777 0.758389
vn 0.024698 -0.678253 0.734415
vn 0.00734264 0.264465 0.964373
vn 0.0251059 0.262029 0.964738
vn -0.346033 0.342001 0.873669
vn -0.352155 0.342812 0.870912
vn -0.420977 -0.145995 0.895249
vn -0.476783 -0.186942 0.858913
vn -0.392167 -0.603002 0.694698
vn -0.304328 -0.533726 0.789004
vn -0.433441 -0.57327 0.695338
vn -0.322269 0.00542927 0.94664
vn -0.429121 -0.310387 0.848247
vn -0.43846 -0.572186 0.693084
vn -0.145441 0.282523 0.948173
vn -0.220686 0.295396 0.929541
vn -0.182489 0.300515 0.936161
vn -0.225213 0.312327 0.922903
vn -0.255785 -0.180622 0.949718
vn -0.243405 -0.192754 0.950587
vn -0.268462 -0.618642 0.73839
vn -0.248212 -0.609941 0.752571
vn -0.366391 0.0698394 0.92784
vn -0.106351 0.350085 0.93067
vn -0.193445 0.361046 0.91227
vn -0.421724 -0.29859 0.856159
vn -0.421109 -0.586094 0.692219
vn -0.252692 -0.61742 0.744945
vn -0.373252 0.41108 -0.831686
vn -0.718322 0.400075 -0.569178
vn -0.114172 -0.137142 -0.983957
vn -0.360002 0.167797 -0.917741
vn -0.267972 0.432132 -0.861087
vn -0.116799 0.698211 -0.706302
vn -0.153948 0.943455 -0.293597
vn -0.0738558 0.932703 -0.353009
vn -0.465961 0.751522 -0.467025
vn -0.297464 0.932718 -0.203843
vn -0.717491 0.341444 -0.607154
vn 0.718321 0.400075 -0.569178
vn 0.373251 0.411083 -0.831686
vn 0.14593 0.335755 -0.930579
vn -0.145931 0.335756 -0.930584
vn 0.895485 -0.243801 0.37239
vn -0.138978 -0.464834 0.874428
vn 0.135585 -0.280297 0.950296
vn 0.799397 -0.158567 0.579509
vn -0.812787 -0.43639 0.38594
vn -0.723947 -0.337288 0.60178
vn -0.880143 -0.403165 -0.250642
vn -0.808837 -0.555413 -0.193147
vn -0.605677 -0.50268 -0.616824
vn -0.640834 -0.341108 -0.687739
vn 0.466841 -0.372282 -0.802165
vn 0.321489 -0.45506 -0.830403
vn 0.651843 -0.451242 -0.609505
vn 0.856965 -0.190941 -0.478715
vn -0.900496 -0.195075 -0.38867
vn -0.653408 -0.146866 -0.74263
vn 0.864437 -0.0296546 -0.501866
vn 0.50926 -0.0458847 -0.859397
vn 0.767223 -0.124382 0.629211
vn 0.872807 -0.110125 0.475487
vn -0.863072 -0.23646 0.446318
vn -0.834552 -0.195511 0.515079
vn -0.0629099 -0.223867 0.972593
vn -0.0951537 -0.204376 0.974258
vn -0.813496 0.552518 -0.181534
vn -0.898188 0.431513 -0.0840115
vn -0.862115 0.460837 -0.210698
vn -0.739053 0.64571 -0.191999
vn -0.689047 0.715133 -0.117494
vn -0.689041 0.715135 -0.117518
vn -0.807629 0.567665 -0.159688
vn -0.807626 0.567677 -0.159679
vn -0.807632 0.567652 -0.159697
vn 0.181576 0.344823 0.92095
vn -0.118995 0.738295 0.663904
vn -0.306879 0.672423 0.673567
vn 0.985484 0.02493 -0.167952
vn 0.795097 0.554277 -0.246201
vn 0.850721 0.50412 0.148856
vn 0.978527 -0.0034807 0.2061
vn 0.423921 0.903339 -0.0653918
vn 0.427293 0.901469 0.0691428
vn 0.42082 0.893859 0.154682
vn 0.698463 0.299856 0.649798
vn 0.50746 -0.217254 0.833843
vn 0.349345 0.352423 0.868195
vn 0.482462 0.175448 0.858168
vn 0.300018 0.81835 0.4902
vn 0.810434 -0.231141 0.538316
vn 0.267971 0.432132 -0.861083
vn 0.360002 0.167801 -0.917739
vn 0.114171 -0.137141 -0.983956
vn 0.1168 0.698219 -0.706306
vn 0.0738558 0.932703 -0.353009
vn 0.153952 0.943442 -0.293637
vn 0.466013 0.751456 -0.467074
vn 0.297595 0.932659 -0.203958
vn 0.717474 0.341342 -0.607225
vn -0.213766 -0.329018 0.919819
vn 0.207935 -0.246369 0.946607
vn 0.204544 0.225969 0.952424
vn -0.660013 0.0404361 0.750173
vn 0.860617 0.234357 0.452144
vn 0.812284 -0.359544 0.459277
vn 0.969229 0.135699 -0.205409
vn 0.932006 -0.27538 -0.235661
vn 0.779349 0.241643 -0.578122
vn 0.642132 -0.672652 -0.36773
vn 0.0213848 -0.0321254 -0.99926
vn -0.356911 -0.801726 -0.479449
vn -0.500448 0.175683 -0.847767
vn -0.0119132 0.113884 -0.993431
vn -0.914772 -0.385801 -0.119815
vn -0.991814 -0.0112211 -0.127225
vn -0.805694 0.486782 0.337515
vn -0.625602 0.594281 -0.50545
vn 0.604138 0.651702 -0.458592
vn 0.738827 0.605525 0.295811
vn 0.432488 0.441131 -0.786362
vn -0.251802 0.18748 -0.94945
vn 0.433348 0.624099 -0.650169
vn 0.715433 0.443025 -0.540264
vn -0.629903 0.604107 -0.488158
vn -0.387045 0.465465 -0.795963
vn 0.0128078 0.677123 0.735764
vn 0.136175 0.480152 0.866552
vn -0.630351 0.759647 0.160016
vn 0.778081 0.624498 0.0678396
vn -0.675292 -0.456779 0.579093
vn -0.135583 -0.280298 0.950294
vn 0.138981 -0.464832 0.874426
vn -0.895484 -0.243806 0.37239
vn -0.799397 -0.158572 0.579517
vn 0.723953 -0.337287 0.601786
vn 0.812787 -0.436384 0.385944
vn 0.880138 -0.403168 -0.250645
vn 0.808837 -0.555413 -0.193142
vn 0.640827 -0.341113 -0.687742
vn 0.605674 -0.502685 -0.616829
vn -0.466844 -0.372275 -0.802165
vn -0.856966 -0.190944 -0.478709
vn -0.651847 -0.451232 -0.609509
vn -0.321499 -0.455054 -0.830402
vn 0.900493 -0.195074 -0.388679
vn 0.653404 -0.146856 -0.742633
vn -0.509265 -0.0458873 -0.859391
vn -0.86444 -0.0296584 -0.501861
vn -0.87281 -0.110123 0.475492
vn -0.767226 -0.124386 0.629211
vn 0.834557 -0.195522 0.515075
vn 0.863074 -0.236472 0.446315
vn 0.0629077 -0.223869 0.972592
vn 0.0951471 -0.204376 0.974261
vn 0.97183 0.204739 -0.116762
vn 0.970522 0.237438 -0.0413864
vn 0.943716 0.300192 -0.138897
vn 0.931588 0.303411 -0.200246
vn 0.862012 0.505321 0.0398622
vn 0.342576 0.921452 0.183217
vn 0.40534 0.825729 0.392273
vn 0.783633 0.285959 0.551504
vn 0.948718 0.293172 0.118281
vn -0.384064 0.504665 -0.773193
vn -0.806455 0.496301 -0.321431
vn -0.102956 0.946632 -0.305448
vn 0.59902 0.487768 -0.635034
vn 0.547579 0.836754 -0.00416646
vn 0.913928 0.405499 -0.0179729
vn 0.892668 0.440207 0.0968095
vn 0.643302 0.340136 -0.685919
vn -0.117665 0.317049 -0.941086
vn -0.493845 0.845791 -0.201913
vn -0.675005 0.635658 -0.374579
vn -0.816223 0.522517 -0.246509
vn -0.838451 0.405211 -0.364434
vn -0.872152 0.376406 -0.312546
vn -0.871652 0.325602 -0.366363
vn -0.862774 0.270685 -0.427029
vn 0.991247 0.131827 0.00791779
vn 0.971418 0.185657 -0.147968
vn 0.00814725 0.472181 0.881464
vn -0.464614 0.77446 0.429368
vn -0.744969 0.392423 0.539476
vn -0.307374 0.934521 0.179444
vn -0.755443 0.601991 0.258699
vn -0.896235 0.312246 0.315074
vn -0.918936 0.226516 0.322899
vn -0.853355 0.208824 0.477684
vn -0.313522 0.213263 0.925332
vn 0.650743 0.122308 0.749392
vn 0.994567 0.0144179 0.103163
vn -0.0541103 -0.943051 0.328241
vn 0.0456859 -0.934012 0.354324
vn 0.243339 0.212133 0.94646
vn 0.928009 0.33059 0.171817
vn 0.687545 0.475438 0.548873
vn 0.85509 0.35132 -0.381314
vn 0.552791 0.483994 -0.678373
vn -0.75772 -0.646942 0.0856285
vn -0.602163 -0.110414 0.790713
vn -0.855616 0.244766 0.456101
vn -0.951926 -0.305956 0.0153091
vn -0.765754 0.00435597 -0.643135
vn -0.497179 -0.358041 -0.790331
vn -0.146875 0.272927 0.950764
vn -0.22934 0.880701 0.414465
vn -0.00120409 -0.999999 0.00143051
vn -0.00198838 -1 0.0015458
vn -0.000613375 -1 0.00188789
vn -0 -1 0
vn -0.00228214 -1 0.000582559
vn -0.00207652 -1.00001 0.000546317
vn -0.00206636 -1.00001 0.000311542
vn -0.00187973 -1 -0.000210142
vn -0.00204271 -1 -1.13726e-005
vn 0.336889 0.744191 0.576813
vn 0.23718 0.703705 -0.669743
vn -0.397024 0.700664 -0.592836
vn 0.950648 0.29072 -0.10843
vn 0.964891 0.243933 -0.0974703
vn -0.00208349 -1 0.00145036
vn -0.0022079 -1 0.00249787
vn -0.00188185 -0.999997 0.00419285
vn -0.0344505 0.21008 -0.97708
vn 0.14188 0.180502 -0.97329
vn 0.0789771 0.213908 0.973663
vn 0.202204 0.124218 -0.97144
vn -0.943716 0.300186 -0.1389
vn -0.97052 0.237451 -0.0413816
vn -0.971831 0.204741 -0.116762
vn -0.931588 0.303411 -0.200246
vn -0.405337 0.82573 0.392275
vn -0.342565 0.921464 0.183219
vn -0.862018 0.50532 0.0398638
vn -0.948721 0.293168 0.118283
vn -0.783633 0.28596 0.551504
vn 0.384063 0.504662 -0.773183
vn -0.599018 0.487771 -0.63504
vn 0.10296 0.94663 -0.305451
vn 0.806456 0.496313 -0.321432
vn -0.913919 0.405499 -0.0179702
vn -0.547582 0.836746 -0.00416194
vn -0.892669 0.440196 0.0968226
vn 0.117664 0.317047 -0.941093
vn -0.643297 0.340137 -0.685921
vn 0.493848 0.845788 -0.201911
vn 0.816226 0.522516 -0.246511
vn 0.675006 0.635666 -0.374575
vn 0.83845 0.405208 -0.364437
vn 0.872152 0.376387 -0.312545
vn 0.871644 0.325598 -0.36637
vn 0.862777 0.27069 -0.42703
vn -0.971415 0.185659 -0.147976
vn -0.991244 0.131846 0.00792281
vn 0.464616 0.77446 0.429367
vn -0.00814471 0.472184 0.881474
vn 0.744969 0.392426 0.539479
vn 0.307373 0.934526 0.179442
vn 0.89623 0.312255 0.315077
vn 0.755441 0.60199 0.2587
vn 0.85335 0.208842 0.477687
vn 0.918936 0.226516 0.322898
vn 0.313519 0.213268 0.925325
vn -0.650745 0.122312 0.749392
vn -0.994567 0.0144198 0.103164
vn 0.976496 -0.215123 -0.0135618
vn -6.92482e-007 0.457439 -0.889245
vn -0.341803 0.383936 -0.857775
vn -0.241985 0.611801 -0.753095
vn -2.71065e-007 0.586823 -0.809716
vn -7.39098e-007 0.713419 -0.70074
vn -0.443946 0.527923 -0.724024
vn -0.330574 0.721691 -0.608185
vn -0.743743 0.309033 0.592747
vn -0.874022 0.132379 0.467507
vn -0.542545 0.272128 0.794729
vn -0.294762 0.538402 0.789464
vn -0.110442 0.709478 0.696026
vn -0.0336169 0.666916 0.744383
vn -0.376738 0.597393 0.70796
vn -0.0791357 0.805647 0.587094
vn 0.00482124 0.811903 0.583785
vn -0.244035 0.964843 0.0976165
vn -0.328945 0.935311 -0.130395
vn -0.668208 0.404323 -0.624518
vn -1.56389e-008 0.874049 -0.485843
vn -0.934745 0.352474 -0.0449531
vn -0.884098 0.399075 -0.243128
vn -0.980202 0.162977 0.112482
vn -0.922185 0.23298 0.308699
vn -0.653431 0.378706 -0.655456
vn -0.423519 0.320354 -0.847353
vn -6.56818e-007 0.587547 0.809198
vn -4.55826e-007 0.687402 0.726284
vn -3.62259e-007 0.32268 -0.946509
vn -0.0501831 0.427384 0.902677
vn -1.71186e-006 0.463181 0.886266
vn -0.0226347 0.465181 0.88493
vn -6.34608e-007 0.493795 0.869579
vn 0.0469639 -0.81789 0.57347
vn -0.0867695 -0.987596 0.1309
vn 0.123497 -0.973365 0.193178
vn 0.0116604 -0.79904 0.601165
vn 0.0598755 0.0666408 0.995983
vn 0.126395 -0.122243 0.984423
vn 0.0245399 -0.878519 0.477081
vn -0.24639 -0.00742009 0.969148
vn -0.250748 0.733635 0.631596
vn -0.0727131 0.808426 0.5841
vn -0.00467218 0.992541 -0.121897
vn -0.121877 0.898591 -0.421542
vn 0.0793273 0.886925 0.45505
vn 0.396392 -0.219117 0.89156
vn 0.204172 -0.86071 0.466371
vn 0.300626 -0.842551 0.446923
vn 0.202956 0.912849 -0.354305
vn 0.308393 0.929809 0.200908
vn 0.147538 0.238276 -0.959936
vn 0.233015 0.0996813 -0.967359
vn 0.186981 -0.497952 -0.846807
vn 0.127102 -0.430168 -0.893762
vn 0.0914938 0.394717 -0.914245
vn -0.230685 0.208969 -0.950328
vn 0.150095 -0.446104 -0.882313
vn 0.0785427 -0.401224 -0.912612
vn 0.0431523 0.163585 -0.985593
vn 0.159296 0.843106 -0.513627
vn 0.0219993 -0.402448 -0.91518
vn -0.0317563 -0.997315 -0.0660638
vn 0.166519 -0.986006 0.00860691
vn 0.287374 -0.737196 -0.611526
vn 0.115681 -0.844096 -0.523578
vn -0.181685 0.957344 -0.224693
vn 0.466443 0.452338 0.760149
vn 0.173445 -0.979765 0.099887
vn -0.113156 -0.971294 0.209247
vn -0.24891 -0.534281 0.80784
vn 0.0182339 0.213703 0.976737
vn -0.21708 0.0151133 0.976039
vn -0.227667 0.289312 -0.929773
vn 0.0979414 0.577742 -0.810322
vn -0.283592 -0.339761 -0.896744
vn -0.249693 -0.601731 -0.75867
vn 0.283136 0.80179 0.526277
vn 0.0465882 0.684978 0.727077
vn -0.323659 0.568946 0.756017
vn 0.145934 0.955326 -0.257042
vn 0.0193317 0.819332 -0.573005
vn -0.0141594 0.994295 0.105805
vn -0.292658 0.787237 -0.542792
vn -0.128252 -0.899917 -0.416792
vn -0.399627 0.903791 0.153187
vn 0.241985 0.6118 -0.753094
vn 0.341802 0.383934 -0.857772
vn 0.330576 0.72169 -0.608185
vn 0.443948 0.527923 -0.724022
vn 0.542534 0.272156 0.794731
vn 0.874017 0.132453 0.467511
vn 0.74373 0.309067 0.592752
vn 0.29476 0.5384 0.789463
vn 0.376735 0.597394 0.707956
vn 0.0336121 0.666919 0.744382
vn 0.11044 0.70948 0.696023
vn 0.244035 0.964844 0.0976149
vn -0.00482476 0.811895 0.583787
vn 0.0791321 0.805648 0.587096
vn 0.328945 0.935311 -0.130399
vn 0.668197 0.404416 -0.624474
vn 0.980198 0.162988 0.112469
vn 0.884092 0.399156 -0.243038
vn 0.934747 0.352477 -0.0449529
vn 0.92218 0.233012 0.308696
vn 0.653403 0.378934 -0.655353
vn 0.423475 0.320411 -0.847357
vn 0.050181 0.427387 0.902682
vn 0.0226319 0.465181 0.884934
vn -0.0469641 -0.817887 0.57347
vn -0.0116602 -0.799044 0.601169
vn -0.123496 -0.973363 0.193178
vn 0.0867703 -0.987596 0.1309
vn -0.156603 -0.044978 0.98664
vn -0.0598776 0.0666421 0.99598
vn -0.0245431 -0.878525 0.477086
vn 0.24639 -0.00742227 0.969145
vn 0.0727124 0.808427 0.584094
vn 0.250745 0.733635 0.631592
vn 0.00467478 0.992532 -0.121901
vn -0.0529694 0.890442 0.452015
vn 0.121876 0.898589 -0.42154
vn -0.147542 0.238276 -0.959931
vn -0.0335628 0.893751 -0.447326
vn -0.177866 0.0789002 -0.98089
vn -0.0914952 0.394716 -0.914242
vn -0.127104 -0.430167 -0.893758
vn -0.186982 -0.497957 -0.846812
vn 0.230681 0.208972 -0.950326
vn -0.150098 -0.446104 -0.88231
vn 0.00841421 -0.378579 -0.925539
vn -0.287374 -0.737195 -0.611524
vn -0.115676 -0.844095 -0.523575
vn 0.181681 0.957346 -0.224696
vn -0.173448 -0.979767 0.0998866
vn -0.158158 -0.987366 0.00988932
vn -0.344601 -0.815158 0.465594
vn 0.113157 -0.971298 0.209247
vn 0.248912 -0.534281 0.807837
vn 0.217085 0.0151058 0.976042
vn -0.0182317 0.213704 0.976735
vn 0.283588 -0.339764 -0.896746
vn -0.0979413 0.577745 -0.810326
vn 0.227665 0.289314 -0.929774
vn 0.249692 -0.601731 -0.758668
vn -0.046596 0.684982 0.727072
vn 0.323658 0.568947 0.756012
vn -0.283138 0.801795 0.526278
vn 0.0141559 0.994288 0.105801
vn -0.019331 0.819331 -0.573003
vn -0.145934 0.955325 -0.25704
vn 0.292656 0.787238 -0.542792
vn 0.128247 -0.899921 -0.416785
vn 0.399629 0.903795 0.15318
vn -0.290089 -0.21835 0.931767
vn -0.0497509 -0.92948 0.365504
vn -0.138083 0.966838 0.214859
vn -0.0903203 0.846365 -0.52489
vn 0.0333476 0.190185 -0.981187
vn 0.0319711 -0.39639 -0.917529
vn -0.0964306 0.905016 -0.414307
vn 0.148083 -0.985079 -0.0877843
vn 0.283844 -0.938302 0.197565
vn 0.0982876 -0.497005 0.862174
vn 0.347764 0.0967094 -0.932588
vn 0.190729 0.125268 -0.973624
vn 0.0532054 0.917844 -0.393363
vn 0.152639 0.88116 -0.447511
vn 0.0237517 0.951528 0.306645
vn 0.122496 0.933297 0.337573
vn 0.405235 -0.467026 -0.785923
vn 0.257232 -0.461271 -0.849154
vn 0.445487 -0.869702 0.212533
vn 0.378206 -0.914373 -0.144554
vn 0.509988 -0.840363 -0.183616
vn 0.349408 -0.272627 0.896442
vn -0.342054 0.522976 0.780702
vn -0.0362704 0.521964 0.852205
vn 0.161936 0.609875 0.775781
vn 0.334526 0.308035 -0.890627
vn 0.171451 0.963372 -0.206214
vn 0.12784 0.879859 0.457728
vn 0.586425 -0.792543 0.167291
vn 0.34938 0.318094 0.881346
vn 0.580378 -0.778134 -0.240148
vn 0.452446 -0.545523 -0.705486
vn -0.0107513 0.151186 -0.98845
vn 0.162394 -0.983191 -0.0835092
vn 0.302987 -0.952887 0.014367
vn 0.0148743 -0.999419 0.0309758
vn 0.116331 -0.947362 -0.298294
vn -0.724515 0.169493 0.6681
vn -0.335204 0.784642 0.521516
vn -0.265488 0.87507 0.404695
vn -0.0266645 0.980519 0.194636
vn -0.074563 0.901947 -0.425379
vn -0.142922 0.966854 -0.211617
vn -0.132252 0.0334107 -0.990655
vn -0.133339 0.072828 -0.988394
vn -0.516451 0.52091 0.679664
vn -0.271238 -0.841208 0.467778
vn 0.0135413 0.974262 0.225016
vn -0.0558358 0.703571 0.708435
vn -0.0654186 0.477391 0.87626
vn 0.135495 -0.574893 0.806932
vn 0.31332 -0.918607 0.240838
vn 0.287178 -0.957433 -0.0293129
vn 0.186553 -0.977274 0.10068
vn -0.0909012 0.484366 -0.870132
vn -0.190665 -0.347036 -0.91827
vn -0.0507645 -0.53589 -0.842766
vn 0.138887 0.467556 0.872993
vn -0.0599457 -0.83209 0.551405
vn 0.168069 -0.790307 0.589222
vn 0.8772 0.291697 0.381377
vn 0.173523 0.648793 0.740926
vn 0.0234494 -0.617835 0.785963
vn 0.0872165 -0.668559 0.738531
vn 0.12089 0.684687 0.718757
vn 0.149875 0.988634 0.0121636
vn 0.137114 0.990252 0.0246525
vn 0.264147 0.964263 0.020746
vn 0.33552 0.94203 0.00380631
vn 0.898723 -0.437701 0.0269548
vn 0.902444 -0.43053 0.0160742
vn -0.0555995 -0.880296 -0.47118
vn -0.0502568 -0.592536 -0.803989
vn 0.0372001 -0.875602 -0.481628
vn 0.157064 -0.47951 -0.863367
vn 0.0640434 0.0669748 -0.9957
vn 0.0941432 -0.0501825 -0.994298
vn 0.016434 -0.191565 -0.98135
vn -0.018236 -0.232004 -0.972555
vn 0.0494461 0.952512 -0.300483
vn 0.0539071 0.998541 0.00415941
vn 0.0596948 -0.99746 0.0389474
vn 0.0691498 -0.991413 -0.111045
vn 0.104199 0.497945 0.860934
vn -0.038492 -0.948296 0.315053
vn 0.364612 -0.714815 0.596751
vn 0.902738 -0.0349253 0.428787
vn 0.0488612 0.390718 0.919214
vn -0.0387659 -0.889134 0.456015
vn -0.00893512 -0.883022 0.469256
vn 0.105047 0.740925 0.663332
vn 0.0879214 0.966048 0.242961
vn 0.146888 0.943863 0.295907
vn 0.0949596 0.964561 0.246189
vn 0.144238 0.952496 0.268246
vn 0.904639 -0.399703 -0.147912
vn 0.908573 -0.382506 -0.167908
vn -0.00615805 -0.475639 -0.879628
vn 0.0098905 -0.602058 -0.798399
vn 0.000898776 -0.750216 -0.661203
vn 0.0872196 -0.414755 -0.905749
vn 0.0519975 0.0053123 -0.998642
vn 0.0631157 -0.0584926 -0.996293
vn 0.0656603 -0.0588992 -0.996106
vn 0.0753278 -0.0577201 -0.9955
vn -0.0516074 -0.653629 -0.755062
vn 0.148084 0.245963 0.957907
vn 0.00860357 -0.854168 0.519937
vn 0.400285 -0.761156 0.510311
vn 0.659844 0.626063 0.41552
vn 0.203289 0.636195 0.744264
vn 0.125195 -0.651799 0.747994
vn 0.212321 -0.683219 0.69868
vn 0.17062 0.88045 0.4424
vn 0.172845 0.984783 -0.0181992
vn 0.139949 0.944325 -0.297789
vn 0.196797 0.980255 -0.0192903
vn 0.207709 0.978191 -0.00312403
vn 0.934449 -0.355891 0.0124156
vn 0.928399 -0.371394 -0.0124003
vn -0.0548968 -0.900251 -0.431901
vn -0.0655552 -0.62248 -0.779894
vn 0.173855 -0.872251 -0.457137
vn 0.376568 -0.912666 -0.158916
vn 0.179575 -0.00540881 0.983735
vn 0.150205 -0.143806 -0.978142
vn 0.0153359 -0.24512 -0.969374
vn 0.0192024 -0.217142 -0.975954
vn 0.129775 0.1849 -0.974158
vn 0.818759 0.24582 -0.518863
vn 0.379361 -0.886459 -0.265124
vn 0.164157 -0.914224 -0.370481
vn 0.130891 0.255911 -0.957809
vn 0.250582 -0.909513 -0.331667
vn 0.185644 -0.602811 -0.775988
vn 0.086981 0.593293 -0.80028
vn 0.0708874 0.860423 -0.504629
vn 0.0807363 0.905236 -0.417179
vn 0.106452 0.912044 -0.396046
vn 0.901823 -0.398179 0.167842
vn 0.897644 -0.413012 0.153856
vn 0.086679 -0.551969 0.829348
vn 0.0560047 -0.377928 0.924148
vn 0.160765 -0.54456 0.82317
vn 0.0541775 -0.00815636 0.998499
vn 0.0501934 -0.00716175 0.998716
vn 0.0823625 0.00925475 0.996564
vn -0.152326 -0.984886 -0.0824571
vn -0.101422 -0.948886 -0.298925
vn -0.00947182 -0.99911 0.0413215
vn -0.292058 -0.956309 0.0136281
vn 0.21397 0.87957 0.424954
vn 0.288046 0.800073 0.526235
vn 0.651501 0.198003 0.732366
vn 0.121998 0.968906 -0.215296
vn 0.0634228 0.901987 -0.427079
vn 0.024091 0.980515 0.194994
vn 0.113733 0.0747683 -0.990697
vn 0.130273 0.0333601 -0.990918
vn 0.459799 0.553986 0.694047
vn 0.230734 -0.843706 0.484713
vn 0.0558364 0.703572 0.708434
vn -0.0135411 0.974262 0.225016
vn 0.0654186 0.477393 0.87626
vn -0.135498 -0.574893 0.806934
vn -0.313319 -0.918605 0.240838
vn -0.287176 -0.957433 -0.0293142
vn -0.186552 -0.977274 0.100679
vn 0.0550199 -0.536332 -0.842216
vn 0.190664 -0.347034 -0.918268
vn 0.0909 0.48437 -0.870131
vn -0.138888 0.467553 0.872993
vn -0.877201 0.29171 0.38137
vn -0.168073 -0.7903 0.589224
vn 0.0599443 -0.832092 0.551406
vn -0.0234517 -0.617835 0.785966
vn -0.173524 0.648787 0.740927
vn -0.0872182 -0.668562 0.738531
vn -0.120892 0.684682 0.718753
vn -0.137117 0.990252 0.0246526
vn -0.149875 0.988634 0.0121628
vn -0.264149 0.964263 0.0207422
vn -0.33552 0.94203 0.0038063
vn -0.898735 -0.437679 0.0269545
vn -0.902458 -0.430509 0.0160743
vn 0.0555982 -0.880297 -0.47118
vn 0.0502559 -0.592534 -0.803985
vn -0.0372003 -0.875591 -0.481621
vn -0.157063 -0.479513 -0.863369
vn -0.0941425 -0.0501815 -0.994298
vn -0.0640449 0.0669742 -0.995706
vn -0.0164344 -0.191565 -0.981347
vn 0.018236 -0.232002 -0.972546
vn -0.0494461 0.952513 -0.300483
vn -0.0539067 0.99854 0.00415962
vn -0.0596948 -0.99746 0.0389474
vn -0.0691498 -0.991413 -0.111045
vn -0.104197 0.497946 0.860933
vn -0.902749 -0.0349261 0.428763
vn -0.364609 -0.714826 0.59674
vn 0.0384979 -0.948301 0.31505
vn -0.0488612 0.390718 0.919215
vn 0.0387659 -0.889135 0.456015
vn 0.00893494 -0.883021 0.469256
vn -0.105048 0.740924 0.663333
vn -0.0879225 0.966048 0.242962
vn -0.146892 0.943862 0.29591
vn -0.0949596 0.964561 0.246189
vn -0.144237 0.952497 0.268244
vn -0.904634 -0.399706 -0.147938
vn -0.908573 -0.382504 -0.167941
vn -0.00988401 -0.602047 -0.7984
vn 0.00615795 -0.475639 -0.879629
vn -0.000899785 -0.750216 -0.661204
vn -0.087222 -0.414755 -0.905749
vn -0.0631171 -0.0584928 -0.996294
vn -0.0519987 0.00531237 -0.99864
vn -0.0656603 -0.0588991 -0.996105
vn -0.0753278 -0.0577198 -0.995497
vn 0.0448004 -0.654268 -0.754946
vn -0.148077 0.245971 0.957905
vn -0.659836 0.626063 0.41553
vn -0.400289 -0.761142 0.510328
vn -0.00860566 -0.854158 0.519964
vn -0.125195 -0.651791 0.747997
vn -0.20329 0.636197 0.744266
vn -0.212318 -0.683219 0.698681
vn -0.17062 0.880439 0.442399
vn -0.172848 0.984784 -0.0181965
vn -0.139949 0.944323 -0.297788
vn -0.196794 0.980262 -0.0192807
vn -0.207686 0.978191 -0.00308929
vn -0.928408 -0.371374 -0.012384
vn -0.934461 -0.355852 0.0124617
vn 0.0549019 -0.900261 -0.431889
vn 0.0655529 -0.622478 -0.7799
vn -0.173862 -0.872253 -0.457132
vn -0.376556 -0.912662 -0.158928
vn -0.150204 -0.143808 -0.978148
vn -0.179576 -0.0054116 0.983738
vn -0.0153375 -0.245119 -0.969378
vn -0.0192079 -0.217138 -0.975956
vn -0.129777 0.184908 -0.974156
vn -0.164166 -0.914219 -0.370486
vn -0.379359 -0.886452 -0.265122
vn -0.818754 0.245818 -0.518872
vn -0.130895 0.25591 -0.957802
vn -0.250576 -0.909511 -0.331679
vn -0.185644 -0.602815 -0.775988
vn -0.086981 0.593292 -0.800281
vn -0.0708955 0.860428 -0.504631
vn -0.0807327 0.905241 -0.417167
vn -0.106419 0.912048 -0.396051
vn -0.901824 -0.398197 0.167829
vn -0.897632 -0.413035 0.153831
vn -0.0866871 -0.551974 0.829353
vn -0.0560042 -0.377929 0.924148
vn -0.160771 -0.544572 0.823163
vn -0.0541766 -0.00815711 0.998499
vn -0.0501928 -0.00716197 0.998717
vn -0.0823593 0.00925372 0.996565
vn -0.721817 0.591817 0.358823
vn -0.722314 0.664238 0.192547
vn 0.62064 0.783292 0.0357362
vn 0.553001 0.833172 -0.00465612
vn 0.723508 0.607782 0.327327
vn -0.703537 0.707108 0.0710084
vn 0.90892 -0.362534 -0.206047
vn 0.80529 -0.592889 0.000962716
vn 0.722164 -0.449284 0.525973
vn 0.531748 0.014025 0.84679
vn 0.522744 0 0.85249
vn -0.994954 0 0.100421
vn -0.955927 -0.00352665 0.293593
vn -0.924129 -0.0104773 0.381957
vn 0.334103 -0.937207 0.100094
vn 0.376892 -0.909794 0.173879
vn 0.231499 -0.97238 -0.0298023
vn -0.620634 0.78329 0.0357374
vn 0.722314 0.664239 0.192547
vn 0.721817 0.591818 0.358823
vn -0.552996 0.833176 -0.0046542
vn -0.723515 0.607777 0.327332
vn 0.703537 0.70711 0.0710084
vn -0.908919 -0.362528 -0.206036
vn -0.805286 -0.592898 0.000962311
vn -0.722151 -0.449302 0.525973
vn -0.522744 0 0.852491
vn -0.53174 0.0140149 0.846793
vn 0.994954 0 0.100421
vn 0.955927 -0.00352664 0.293592
vn 0.924129 -0.0104773 0.381956
vn -0.334091 -0.937212 0.100091
vn -0.376871 -0.909806 0.173883
vn -0.231498 -0.972381 -0.0297997
vn 0.954665 -0.268336 0.128915
vn 0.882609 0.0377903 0.468595
vn 0.866343 0.46612 0.179428
vn 0.714425 -0.518024 0.470383
vn -0.674857 -0.33679 -0.656621
vn 0.181163 -0.432673 -0.883173
vn -0.0323346 -0.923243 -0.382876
vn -0.641859 -0.765513 -0.0448852
vn 0.980996 -0.0161082 -0.193408
vn 0.590644 0.399801 0.700929
vn 0.954145 0.019772 0.298707
vn 0.771062 0.337905 0.539732
vn 0.385641 0.806886 0.447468
vn 0.858362 0.490203 0.151432
vn 0.962646 0.235836 0.133111
vn 0.0127925 0.427216 -0.904071
vn -0.0586313 0.960965 -0.270414
vn -0.731464 0.266207 -0.627774
vn -0.786427 0.395183 -0.47474
vn 0.866099 0.499096 -0.0280423
vn 0.758394 0.45434 0.467361
vn 0.831138 0.43902 0.34129
vn 0.807625 0.589668 -0.00726777
vn 0.575266 0.121234 -0.808942
vn -3.06778e-006 0.0346717 -0.999404
vn -1.4773e-006 0.185242 -0.982694
vn 0.544577 0.53342 -0.647235
vn -0 0.779279 -0.62668
vn 0.852351 0.359608 -0.379723
vn 0.58107 0.791127 -0.191016
vn 0.847555 0.514973 0.128328
vn 0.513953 0.847043 0.135555
vn 0.472419 0.826724 0.305535
vn -2.40667e-006 0.961318 -0.275464
vn -3.52975e-006 0.993877 0.110508
vn -9.28478e-006 0.937791 0.347211
vn -2.68649e-005 0.62478 0.780805
vn 0.374188 0.580727 0.723015
vn -1.34789e-006 0.546257 -0.837621
vn -1.41642e-006 0.43702 -0.899452
vn 0.402771 0.440859 -0.802138
vn 0.736975 0.34765 -0.579675
vn 0.684749 0.380206 -0.621744
vn 0.543376 0.451187 -0.707939
vn 0.400008 0.301592 -0.865474
vn 0.797841 0.372043 -0.474378
vn -2.23167e-006 0.207987 -0.978135
vn 0.810497 0.366447 0.456973
vn 0.686396 0.441395 0.577962
vn 0.791779 0.398091 -0.463268
vn 0.869548 0.347494 -0.350915
vn 0.905927 0.423427 0.00288194
vn 0.84131 0.35499 0.407657
vn 0.276969 0.360775 0.890592
vn 0.347559 0.367538 0.862631
vn 0.404802 0.234129 0.883924
vn 0.446876 0.174842 0.87735
vn 0.381747 0.216776 0.898492
vn 0.301874 0.27399 0.913132
vn 0.532441 0.727117 0.433371
vn 6.55645e-006 0.953201 0.302359
vn 0.659512 0.689187 0.30014
vn 0.96067 0.199512 -0.193178
vn 0.424948 0.132973 0.895408
vn 0.298935 0.256522 0.919158
vn 0.68691 0.10122 0.719672
vn 0.983847 0.153475 0.0921769
vn 0.979287 0.195255 0.0536847
vn 0.96411 0.245786 0.100448
vn -8.74297e-005 0.890169 0.455631
vn -0.000113709 0.352525 0.935803
vn 0.473491 0.788498 -0.392539
vn 0.498511 0.671126 -0.548718
vn -2.19752e-006 0.85136 -0.524586
vn -1.82647e-006 0.939272 -0.343188
vn -3.90496e-009 0.999989 0.0057055
vn 0.455404 0.884585 0.100639
vn -2.79045e-009 0.796022 0.605278
vn 0.49988 0.339662 0.796716
vn 3.95301e-009 0.22818 0.973624
vn 2.64426e-009 -0.195089 0.980787
vn 0.576107 -0.187545 0.795575
vn 0.856863 0.466874 0.218683
vn 0.801702 0.510542 -0.310862
vn 0.470639 -0.63765 0.609851
vn 0.852285 -0.446826 0.271954
vn 0.954041 0.00207551 0.299674
vn 0.430537 -0.874072 0.225032
vn 0.665319 -0.737147 0.118247
vn 0.908429 -0.406553 -0.0974199
vn 0.70023 -0.348275 0.623219
vn 0.865746 0.481887 0.135161
vn 0.98267 0.0836723 -0.165444
vn 0.46155 0.87251 -0.160314
vn -1.63607e-006 -0.114273 0.993453
vn -7.37791e-006 -0.771068 0.636763
vn 0.778576 -0.167289 0.604851
vn -6.9347e-006 -0.977337 0.21169
vn 0.617444 -0.758106 0.20989
vn 0.887948 -0.0912644 0.450802
vn 0.914046 -0.11386 0.389302
vn 0.990178 0.139837 -0.0019636
vn 0.678395 0.501361 0.537049
vn 0.562855 0.63668 0.527111
vn 0.815497 -0.0114476 0.578662
vn 0.986985 0.0888275 0.134112
vn 0.713986 0.372788 0.592687
vn 0.440644 0.0166905 0.897533
vn 0.402957 0.836712 0.370875
vn 0.274274 0.961242 0.0282302
vn 0.469739 0.850954 0.235041
vn 0.491076 0.756571 0.431811
vn 0.506228 0.512234 0.693794
vn 0.725703 -0.235808 0.646341
vn -8.81597e-006 -0.69498 0.71904
vn 0.436213 -0.0642561 0.897552
vn -1.99438e-006 -0.626543 0.779391
vn 0.657162 -0.447813 0.606312
vn 0.506595 -0.37453 0.776592
vn -1.95434e-006 -0.36999 0.929036
vn -2.35387e-006 -0.13654 0.990638
vn 2.00976e-005 0.648947 0.760836
vn 0.133213 0.235871 0.962614
vn 0.283748 0.705368 0.649576
vn 0.322202 0.391249 0.862047
vn 0.672139 0.38794 0.630667
vn 0.581247 0.242208 0.776853
vn 0.402315 0.195945 0.894286
vn -2.41752e-005 0.246374 0.969181
vn 0.752162 0.28198 0.595605
vn -1.56686e-006 -0.635561 0.772057
vn -2.8043e-006 -0.929275 0.36939
vn -2.76639e-006 -0.996075 0.0885227
vn 0.402064 0.337207 0.851263
vn 0.365258 0.325705 0.872073
vn 0.426867 0.340571 0.837739
vn 0.44376 0.34659 0.826411
vn 0.453191 0.342205 0.823121
vn 0.451301 0.343657 0.823551
vn 0.885309 0.455677 0.092726
vn -0.42127 0.292851 0.858356
vn 0.39198 -0.0670525 0.917533
vn 0.99729 0.0732784 -0.00793058
vn 0.0893278 -0.179887 -0.97963
vn 0.802903 0.404387 -0.437976
vn 0.817348 0.0951372 -0.568248
vn -0.570978 -0.163153 -0.804607
vn 0.320287 -0.0371846 0.946593
vn -0.986169 -0.164946 -0.0169364
vn -0.735694 0.0550236 -0.675082
vn -0.893271 0.349283 -0.282981
vn 0.676913 0.629085 -0.382166
vn 0.987427 -0.0130602 0.157542
vn 0.0556558 -0.00536638 0.998436
vn 0.0286838 0.0182235 0.999423
vn 0.768521 0.00643478 -0.639805
vn 0.0330948 -0.0273145 -0.999089
vn -0.743687 -0.0288558 -0.667909
vn -0.9799 -0.179442 0.0872144
vn -1.07639e-005 -0.0106543 0.999945
vn 0.986562 -0.0250907 0.161473
vn -3.5944e-006 -0.0482495 -0.998837
vn 0.747201 -0.0336807 -0.663758
vn -0.747198 -0.0336787 -0.663759
vn -1.74868e-005 -0.0101544 0.999953
vn -0.986564 -0.0250921 0.161455
vn -1.12601e-005 -0.0665695 0.997787
vn -1.56584e-005 -0.999999 0.00268931
vn 0.993048 0.0573015 0.102866
vn -8.94153e-006 -0.0234769 -0.999732
vn -0.993048 0.057307 0.10285
vn -0.047853 0.992028 -0.116633
vn 0.0637697 0.990885 -0.118708
vn -0 0.990495 -0.137638
vn 2.08744e-005 -0.944712 0.327904
vn 0.138322 0.988552 0.0602656
vn -0.639687 0.0400458 0.767596
vn 0.0659987 -0.811967 0.579963
vn 0.208669 -0.83742 0.505168
vn -0.0660806 -0.811539 0.580558
vn -0.208708 -0.837592 0.504867
vn -0.954665 -0.268341 0.128903
vn -0.714417 -0.518035 0.470374
vn -0.86634 0.466133 0.179406
vn -0.882608 0.0377932 0.468589
vn 0.0323346 -0.923243 -0.382876
vn -0.181163 -0.432673 -0.883173
vn 0.674857 -0.33679 -0.656621
vn 0.641859 -0.765513 -0.0448854
vn -0.980988 -0.0161201 -0.193418
vn -0.590635 0.39979 0.700952
vn -0.385642 0.806891 0.447459
vn -0.771056 0.337904 0.539727
vn -0.954145 0.019777 0.298719
vn -0.85835 0.490228 0.151422
vn 0.0586485 0.960955 -0.27042
vn -0.0127779 0.427213 -0.904064
vn -0.962643 0.235832 0.13311
vn 0.786431 0.395197 -0.474729
vn 0.731466 0.266215 -0.62777
vn -0.402085 0.337201 0.85125
vn -0.443776 0.346591 0.826407
vn -0.426879 0.340571 0.837734
vn -0.365277 0.3257 0.872065
vn -0.451301 0.343659 0.823546
vn -0.453191 0.342207 0.823114
vn -0.831136 0.439023 0.341291
vn -0.758402 0.454337 0.467355
vn -0.866099 0.499097 -0.028042
vn -0.807625 0.589669 -0.00726756
vn -0.575264 0.121233 -0.80894
vn -0.544578 0.533416 -0.647227
vn -0.852349 0.359613 -0.379714
vn -0.581073 0.791127 -0.191011
vn -0.472417 0.82673 0.305535
vn -0.513956 0.847043 0.135556
vn -0.847552 0.51497 0.128316
vn -0.374187 0.580735 0.72301
vn -0.736969 0.34765 -0.579672
vn -0.402772 0.440859 -0.802136
vn -0.684749 0.380206 -0.621744
vn -0.797845 0.372051 -0.474369
vn -0.400009 0.30159 -0.865474
vn -0.543375 0.451183 -0.707941
vn -0.686382 0.441414 0.577957
vn -0.810508 0.366421 0.456969
vn -0.905928 0.423431 0.00289341
vn -0.841319 0.354981 0.40765
vn -0.869559 0.347495 -0.350899
vn -0.791779 0.398091 -0.463267
vn -0.381858 0.216659 0.898474
vn -0.302126 0.273957 0.913059
vn -0.444812 0.174906 0.878381
vn -0.659514 0.689247 0.299987
vn -0.532234 0.727413 0.433129
vn -0.96066 0.199509 -0.19321
vn -0.686892 0.101185 0.719691
vn -0.298924 0.256618 0.919131
vn -0.425066 0.132711 0.895384
vn -0.97929 0.195245 0.0536597
vn -0.98385 0.15348 0.0921722
vn -0.964105 0.2458 0.100467
vn -0.46966 0.85097 0.235121
vn -0.491049 0.75659 0.431801
vn -0.346782 0.368665 0.862463
vn -0.473497 0.788497 -0.39254
vn -0.498511 0.671116 -0.548727
vn -0.455411 0.884579 0.100635
vn -0.499885 0.339661 0.796712
vn -0.576113 -0.187547 0.795566
vn -0.801699 0.510536 -0.310857
vn -0.856872 0.466872 0.218674
vn -0.954045 0.0020736 0.29967
vn -0.852284 -0.446826 0.271954
vn -0.470639 -0.637648 0.609842
vn -0.43054 -0.874071 0.225032
vn -0.908429 -0.406553 -0.0974198
vn -0.665197 -0.737306 0.117938
vn -0.700241 -0.348634 0.623005
vn -0.865753 0.481884 0.135157
vn -0.98267 0.0836723 -0.165444
vn -0.461551 0.872512 -0.160331
vn -0.778591 -0.167295 0.604833
vn -0.617448 -0.758096 0.209887
vn -0.990177 0.139838 -0.0019772
vn -0.914053 -0.113881 0.389293
vn -0.887947 -0.0912683 0.450806
vn -0.678395 0.501361 0.537049
vn -0.552174 0.665958 0.501616
vn -0.815488 -0.0114423 0.578665
vn -0.986975 0.0890303 0.134046
vn -0.713799 0.373125 0.592686
vn -0.440644 0.0166906 0.897532
vn -0.402952 0.836724 0.37086
vn -0.274282 0.961244 0.0281913
vn -0.506237 0.51224 0.693784
vn -0.725704 -0.235805 0.646339
vn -0.436215 -0.0642538 0.897552
vn -0.506595 -0.374531 0.776594
vn -0.657162 -0.44782 0.606307
vn -0.376555 0.417658 0.826905
vn -0.419825 0.184108 0.888741
vn -0.664899 0.381487 0.642171
vn -0.580253 0.242497 0.777507
vn -0.244026 0.235046 0.940857
vn -0.752533 0.282102 0.595076
vn -0.345499 0.746216 0.569038
vn -0.885303 0.455686 0.0927256
vn -0.99729 0.0732768 -0.00794225
vn -0.39199 -0.0670477 0.917528
vn 0.421281 0.292843 0.858353
vn -0.802911 0.404388 -0.437971
vn -0.0893227 -0.179887 -0.979624
vn -0.817341 0.0951378 -0.568253
vn 0.570978 -0.163152 -0.804594
vn -0.320307 -0.0371804 0.946589
vn 0.986171 -0.164949 -0.0169279
vn 0.735694 0.0550224 -0.675083
vn 0.893279 0.349265 -0.28299
vn -0.676904 0.629106 -0.382157
vn -0.0286959 0.0182355 0.999432
vn -0.0556671 -0.00536477 0.998438
vn -0.987429 -0.0130595 0.157526
vn -0.768514 0.00644053 -0.639805
vn -0.0330996 -0.0273177 -0.999084
vn 0.743684 -0.02885 -0.667909
vn 0.9799 -0.179447 0.0872144
vn -0.986564 -0.0250904 0.161456
vn -2.15278e-008 -0.0106545 0.999949
vn 1.1431e-006 -0.0482468 -0.998837
vn 0.747201 -0.0336806 -0.663758
vn -0.747191 -0.0336785 -0.66377
vn -5.15147e-006 -0.0101539 0.999954
vn 0.986563 -0.0250833 0.161466
vn -0.993051 0.0573122 0.102851
vn -0 -1 0.00268927
vn -2.19921e-008 -0.0665695 0.997784
vn -0 -0.0234768 -0.999736
vn 0.993048 0.0573016 0.102866
vn -0.00251182 0.999966 0.00855622
vn 0.000787761 0.301908 0.953343
vn 0.991274 0.0807165 0.104244
vn -0.991067 0.0834438 0.104097
vn 0.00177891 -0.964935 0.262515
vn -0.00203129 -0.199032 -0.979995
vn -0.545887 -0.120474 -0.829154
vn -0.447733 0.819793 -0.357046
vn 0.283153 0.649869 -0.705341
vn 0.998104 0.0615922 0.00205238
vn -0.483254 0.0742764 0.872334
vn -0.625976 -0.559604 0.543157
vn 0.176351 -0.703397 0.688574
vn 0.168687 0.805393 0.568233
vn -0.739241 0.566169 0.364673
vn -0.637895 -0.74011 -0.212933
vn 0.153638 -0.789106 -0.594749
vn 0.545887 -0.120474 -0.829156
vn -0.998105 0.0615934 0.00202123
vn -0.283153 0.649846 -0.705359
vn 0.447711 0.81979 -0.357072
vn 0.483255 0.0742765 0.872334
vn -0.176346 -0.7034 0.688574
vn 0.625976 -0.559604 0.543157
vn -0.168699 0.805411 0.568202
vn 0.739241 0.566169 0.364673
vn -0.153635 -0.78911 -0.594749
vn 0.637895 -0.74011 -0.212933
vn -0.991274 0.0807165 0.104244
vn -0.000784998 0.301908 0.953338
vn 0.00251527 0.999969 0.00855958
vn 0.99107 0.0834464 0.1041
vn -0.00177891 -0.964935 0.262515
vn 0.00203129 -0.199032 -0.979995
vn 0.545887 -0.120474 -0.829156
vn -0.998105 0.0615934 0.00202129
vn -0.283153 0.649845 -0.705359
vn 0.447711 0.81979 -0.357072
vn 0.483255 0.0742763 0.872334
vn -0.176346 -0.7034 0.688574
vn 0.625976 -0.559604 0.543157
vn -0.168699 0.805411 0.568202
vn 0.739241 0.566169 0.364673
vn -0.153635 -0.789109 -0.594749
vn 0.637895 -0.74011 -0.212933
vn -0.545887 -0.120474 -0.829156
vn -0.447711 0.81979 -0.357072
vn 0.283153 0.649845 -0.705359
vn 0.998105 0.0615932 0.00202123
vn -0.483255 0.0742763 0.872334
vn -0.625976 -0.559604 0.543157
vn 0.176346 -0.7034 0.688574
vn 0.168699 0.805411 0.568202
vn -0.739241 0.566169 0.364673
vn -0.637895 -0.74011 -0.212933
vn 0.153635 -0.789109 -0.594749
vn 0.0873717 -0.229942 0.969278
vn -0.36286 0.0602249 0.929898
vn -0.347701 -0.147684 0.925903
vn -0.408685 0.206776 0.888948
vn 0.343854 0.0731376 0.936179
vn 0.339858 -0.0831471 0.936797
vn -0.275551 0.361926 0.890555
vn 0.446703 0.866354 0.223365
vn -0 0.980313 0.197484
vn -2.61316e-009 0.93279 0.360444
vn 0.317707 0.801277 0.506982
vn 0.65641 0.577606 0.485293
vn 0.791556 0.543659 0.279084
vn 0.541584 -0.507981 0.669813
vn 0.838261 -0.180656 0.514481
vn 0.629593 -0.143629 0.763541
vn 0.337689 -0.353308 0.872439
vn -7.75454e-009 -0.578747 0.815509
vn -0 -0.410958 0.91166
vn -0 0.760489 0.649354
vn 0.30331 0.674701 0.672901
vn 0.483699 0.480659 0.731445
vn 0.752099 0.211385 0.624241
vn 0.546372 0.214448 0.809628
vn 0.460189 -0.0537603 0.886197
vn 0.301976 -0.208224 0.9303
vn -3.786e-009 -0.297616 0.954692
vn -0.344098 -0.488754 0.801701
vn -0 -0.561994 0.827146
vn 2.48855e-007 -0.240629 0.970627
vn -0.276627 -0.08195 0.957478
vn -0.646443 -0.244799 0.722631
vn -0.427261 0.0953723 0.899094
vn -0.793239 0.12289 0.596382
vn -0.469656 0.325458 0.820683
vn -0.726315 0.512607 0.457934
vn -0.385697 0.546405 0.743427
vn -0.421833 0.825921 0.374048
vn -0.188354 0.59654 0.780173
vn 2.80412e-007 0.745107 0.666949
vn -0 0.885632 0.464398
vn -1.04774e-006 0.314987 0.949103
vn 0.902724 -0.290651 0.317212
vn 0.791959 -0.346898 0.502464
vn 0.905092 -0.267058 -0.330899
vn 0.949388 0.171997 -0.262833
vn 0.953005 0.295576 0.0665539
vn 0.721651 0.287948 -0.629545
vn 0.0266532 0.816646 -0.576526
vn 0.993217 0.0837005 -0.0807799
vn 0.859571 -0.466571 -0.2085
vn 0.810975 -0.242361 -0.532528
vn 0.976062 0.211406 -0.0511869
vn 0.970827 0.153607 -0.184145
vn 0.890107 -0.455589 0.0128368
vn 0.905683 0.112961 -0.408647
vn 0.922245 -0.314703 0.224584
vn 0.94135 -0.167713 -0.29281
vn 0.861895 -0.0984841 0.497438
vn 0.980142 -0.197564 0.0174432
vn 0.750716 0.32968 0.572504
vn 0.966534 -0.206853 0.151742
vn 0.883021 0.407949 0.232093
vn 0.951452 -0.2016 0.232601
vn 0.960355 0.278746 0.00645935
vn 0.09329 -0.198197 -0.975721
vn 0.135998 0.534695 -0.834034
vn -0.0628273 0.292768 -0.954125
vn -0.061865 -0.89405 -0.443686
vn -0.104753 -0.273684 -0.956101
vn 0.0390519 -0.951815 0.30419
vn -0.00161982 -0.509266 0.860617
vn 0.0138447 0.0100309 0.999855
vn 0.0200082 0.519275 0.854381
vn -0.0324195 0.918113 0.394999
vn 0.0759939 0.974147 -0.212767
vn -0.765517 -0.196294 -0.612758
vn -0.79183 0.228889 -0.566249
vn -0.833906 0.367342 -0.41191
vn -0.90809 -0.417492 0.0328929
vn -0.93325 -0.189494 -0.305204
vn -0.873675 -0.404453 0.270418
vn -0.830075 -0.26785 0.489128
vn -0.850404 0.0938166 0.51772
vn -0.855522 0.417894 0.305699
vn -0.865767 0.491098 -0.0962968
vn -0.87099 0.365519 -0.328321
vn -0.953278 -0.289226 0.0872685
vn -0.984558 -0.165884 -0.0559419
vn -0.816858 0.362799 0.448477
vn -0.962884 0.182737 0.198673
vn -0.912372 0.321719 0.253138
vn -0.979897 0.169338 0.1055
vn -0.989629 0.143542 0.00653264
vn -0.967964 0.142166 -0.20697
vn -0.952798 -0.0216931 -0.30284
vn -0.97261 -0.0974107 -0.211085
vn -0.98574 -0.094208 -0.139469
vn -0.00158452 -0.830413 -0.55715
vn -0.446707 0.866352 0.223366
vn -0.317709 0.801277 0.506983
vn -0.791558 0.543657 0.279085
vn -0.656413 0.577603 0.485294
vn -0.918392 0.223236 0.326702
vn -0.752099 0.211385 0.624241
vn -0.838261 -0.180654 0.514481
vn -0.629595 -0.143626 0.763541
vn -0.541587 -0.507977 0.669813
vn -0.337692 -0.353307 0.872439
vn -0.303313 0.674698 0.672902
vn -0.4837 0.480656 0.731445
vn -0.546372 0.214448 0.809629
vn -0.460193 -0.0537575 0.886197
vn -0.30198 -0.208222 0.930301
vn 0.344099 -0.488744 0.80171
vn 0.276626 -0.0819403 0.95748
vn 0.64644 -0.24479 0.722633
vn 0.42726 0.0953734 0.899096
vn 0.793239 0.12289 0.596382
vn 0.46965 0.325456 0.820678
vn 0.726318 0.512604 0.457935
vn 0.385696 0.546403 0.743436
vn 0.421833 0.825916 0.374058
vn 0.188351 0.596536 0.780183
vn -0.108766 -0.341169 -0.933692
vn -0.147139 -0.40802 -0.901051
vn -0.0901349 -0.0216737 -0.995697
vn -0.0490635 0.348751 -0.93594
vn -0.03185 0.609895 -0.791849
vn -0.0411833 0.59718 -0.801062
vn -0.187447 0.669089 -0.71916
vn -4.2175e-007 0.741711 -0.670721
vn -2.12921e-007 0.683921 -0.729562
vn -0.340903 0.0537409 -0.938569
vn -0.257815 0.408097 -0.875783
vn -0 0.416009 -0.909367
vn 3.77785e-009 0.410293 -0.911962
vn -0.33065 0.607056 -0.722603
vn -0.302319 -0.0980095 -0.948155
vn -0.415981 -0.0903303 -0.904879
vn -6.10823e-007 -0.0923702 -0.995726
vn -0 -0.080518 -0.99676
vn -0.195871 0.765533 -0.612866
vn -0 0.765366 -0.643596
vn -0 0.75065 -0.660707
vn -0.20159 -0.467402 -0.860758
vn -1.90127e-009 -0.404076 -0.91473
vn -0 -0.257641 -0.966243
vn 0.686479 0.725852 0.0435668
vn 0.945302 -0.237423 -0.223747
vn 0.491135 -0.210629 -0.845239
vn 0.170662 0.788864 -0.590408
vn 0.187445 0.669087 -0.719167
vn 0.340902 0.0537193 -0.938573
vn 0.257815 0.408098 -0.875783
vn 0.330649 0.607058 -0.722603
vn 0.302318 -0.0980172 -0.948154
vn 0.415981 -0.0903322 -0.904879
vn 0.195869 0.765533 -0.61286
vn 0.20159 -0.467402 -0.860758
vn -0.686479 0.725853 0.0435666
vn -0.945302 -0.237422 -0.223747
vn -0.491144 -0.21063 -0.845236
vn -0.170664 0.788863 -0.590404
vn 0.377436 0.734588 -0.563863
vn -0.417722 0.703079 -0.575503
vn -0.468762 -0.198878 -0.860651
vn 0.491375 -0.220149 -0.84267
vn 0.918392 0.223236 0.326702
vn -0.28598 0.740801 0.607813
vn -0.703026 -0.200937 0.6822
vn -0.987289 -0.155676 -0.032194
vn -0.546152 0.821209 -0.165343
vn 0.285978 0.740797 0.607814
vn 0.703016 -0.200936 0.682201
vn 0.987289 -0.155674 -0.0322117
vn 0.546152 0.821206 -0.165352
vn 0.726407 -0.0514751 0.685343
vn 0.676248 0.271425 0.684859
vn 0.675948 -0.16601 0.718018
vn 0.568113 -0.44688 0.691052
vn 0.579355 0.340631 0.740494
vn 0.571767 0.365983 0.734268
vn 0.603741 0.333374 0.724133
vn 0.581306 0.319548 0.748314
vn 0.540367 0.658666 0.52362
vn 0.396459 0.503022 0.767989
vn 0.439605 0.746223 0.499899
vn 0.381219 0.837356 0.391801
vn 0.582624 -0.676553 0.450369
vn 0.557913 -0.570514 0.602709
vn 0.683857 -0.712743 0.15603
vn 0.677751 -0.719115 0.153387
vn 0.709052 -0.689787 -0.146457
vn 0.681726 -0.675058 -0.282046
vn 0.765255 0.083385 -0.638306
vn 0.443749 -0.627161 -0.640123
vn 0.407502 0.830908 0.378861
vn 0.312812 0.856569 0.410431
vn 0.513964 0.821679 0.246346
vn 0.53947 0.823088 0.177506
vn 0.529732 0.848057 -0.0136824
vn 0.515669 0.845636 -0.137827
vn 0.419843 0.820843 -0.387248
vn 0.641779 0.556193 -0.527997
vn 0.748145 0.404328 0.526129
vn 0.65103 0.392373 0.649783
vn 0.869613 0.400328 0.289011
vn 0.905608 0.389317 0.168265
vn 0.91219 0.385447 -0.139127
vn 0.883603 0.354841 -0.305526
vn 0.616439 0.351947 -0.704373
vn -0.0539441 0.796265 0.602543
vn -0.0628739 0.807671 0.586278
vn 0.17082 0.788294 0.591121
vn 0.140361 0.816601 0.559889
vn 0.578793 0.65283 0.488695
vn 0.515847 0.741173 0.42962
vn 0.632225 0.743991 0.216278
vn 0.60815 0.785538 0.114412
vn 0.628761 0.776281 -0.0453395
vn 0.623213 0.768848 -0.143131
vn 0.45607 0.718924 -0.524559
vn 0.910893 -0.170673 -0.375698
vn 0.953415 -0.223712 -0.202388
vn 0.696767 -0.11865 -0.707427
vn 0.699764 -0.0760886 -0.71032
vn 0.967467 -0.235986 0.0912703
vn 0.931794 -0.290996 0.217011
vn 0.823995 -0.30459 0.477766
vn 0.714619 -0.364243 0.5972
vn 0.301151 -0.338129 0.89162
vn 0.287762 -0.378487 0.879747
vn -0.0451153 -0.273588 0.9608
vn -0.0465595 -0.279379 0.959055
vn -0.726407 -0.0514846 0.68534
vn -0.568114 -0.446879 0.691049
vn -0.675945 -0.166013 0.718011
vn -0.676251 0.271409 0.684859
vn -0.603741 0.333374 0.724129
vn -0.571768 0.365982 0.73427
vn -0.579353 0.340629 0.740489
vn -0.581315 0.319554 0.748307
vn -0.439607 0.746225 0.499906
vn -0.396452 0.503008 0.767997
vn -0.540366 0.658657 0.523622
vn -0.381221 0.837358 0.391803
vn -0.582624 -0.676553 0.450367
vn -0.677751 -0.719116 0.153389
vn -0.683854 -0.712748 0.15603
vn -0.557915 -0.570513 0.602708
vn -0.70904 -0.689793 -0.146456
vn -0.681722 -0.675064 -0.282047
vn -0.765281 0.0833583 -0.638288
vn -0.443757 -0.627159 -0.640129
vn -0.407506 0.830908 0.378861
vn -0.539465 0.823089 0.177506
vn -0.513966 0.821677 0.246345
vn -0.312811 0.856564 0.410431
vn -0.529726 0.848067 -0.0136782
vn -0.515656 0.845644 -0.137821
vn -0.419838 0.820847 -0.387244
vn -0.64178 0.556195 -0.527994
vn -0.869611 0.400328 0.289009
vn -0.65103 0.392372 0.649781
vn -0.748145 0.404328 0.526126
vn -0.905608 0.389317 0.168265
vn -0.91219 0.385448 -0.139127
vn -0.883599 0.354836 -0.305524
vn -0.616443 0.351945 -0.704373
vn -0.170823 0.788291 0.591123
vn 0.0628739 0.807671 0.586278
vn 0.0539441 0.796265 0.602543
vn -0.140361 0.816601 0.559889
vn -0.515858 0.741166 0.429626
vn -0.578801 0.652812 0.4887
vn -0.608154 0.785536 0.114415
vn -0.63224 0.74398 0.216284
vn -0.623278 0.768789 -0.143151
vn -0.628756 0.776286 -0.0453383
vn -0.456138 0.718886 -0.524552
vn -0.696761 -0.118662 -0.707423
vn -0.953417 -0.223719 -0.202389
vn -0.91089 -0.170699 -0.375698
vn -0.699756 -0.0761112 -0.710317
vn -0.931792 -0.290985 0.217009
vn -0.967465 -0.235975 0.0912702
vn -0.823991 -0.304601 0.477763
vn -0.714613 -0.364263 0.597197
vn -0.301149 -0.338138 0.891619
vn -0.287762 -0.378486 0.879747
vn 0.0465595 -0.279379 0.959055
vn 0.0451153 -0.273588 0.960799
vn -0.017334 0.875169 0.48352
vn -0.00603561 0.838004 0.545637
vn 0.24811 0.808817 0.533162
vn 0.750387 0.639962 -0.165466
vn 0.769955 0.427948 -0.473328
vn 0.572588 0.658812 -0.487976
vn 0.5509 0.822544 -0.141229
vn 0.442305 0.894697 0.0623193
vn 0.561725 0.307718 -0.767968
vn 0.699547 0.23363 -0.675319
vn 0.421823 0.0459581 -0.905516
vn -3.9795e-006 -0.00516956 -0.999992
vn 0.0266623 0.22272 -0.974525
vn -0.220978 0.60138 -0.767803
vn -0.633343 0.587636 -0.503561
vn -0.190264 0.811084 -0.553123
vn -0.510852 0.273687 -0.81494
vn 0.196491 0.614805 -0.76382
vn -0.163625 0.973882 -0.157468
vn -0.517617 0.830828 -0.204457
vn -0.444124 0.893459 0.0670647
vn -0.0936855 0.987688 0.125295
vn -0.787368 0.460351 -0.410042
vn -0.746212 0.642768 -0.173276
vn -0.751326 0.232483 -0.617633
vn -0.405929 -0.0194927 -0.913701
vn 0.198355 0.973875 -0.110588
vn 0.131612 0.984772 0.113644
vn 0.148861 0.83883 -0.523656
vn -0.372222 0.753137 0.542439
vn -0.616333 0.646194 0.450083
vn -0.610105 0.656645 0.443394
vn -0.954158 0.232725 -0.188224
vn -0.953748 0.248446 -0.169254
vn -0.905737 0.413718 0.0920866
vn -0.86811 0.453012 0.202904
vn -0.899879 0.0377685 -0.434502
vn -0.825676 -0.0362486 -0.562986
vn -0.443472 -0.282048 -0.850759
vn -0.61723 -0.194129 -0.762462
vn -9.7284e-006 -0.400245 -0.916412
vn 1.22644e-005 -0.374149 -0.927372
vn 0.00129073 -0.719574 0.69443
vn -0.767883 -0.611393 -0.191213
vn 0.15035 -0.787617 -0.597543
vn -0.884389 0.211082 0.416308
vn 0.148963 0.559086 0.815623
vn 0.997231 -0.0530638 0.0521611
vn -0.609904 0.159713 -0.776224
vn 0.35492 0.0248107 -0.934576
vn -0.503668 0.859287 -0.089159
vn 0.35781 0.933685 0.0148669
vn 0.687034 0.522425 -0.505051
vn 3.57427e-005 0.718717 -0.69531
vn 0.00145233 -0.781733 0.623623
vn 0.00011372 -0.404205 0.914674
vn -0.308697 -0.459339 0.832897
vn -0.497955 -0.541415 0.677437
vn -0.543757 -0.653677 0.526347
vn -0.510346 -0.777738 0.366991
vn -0.349547 -0.902431 0.251891
vn 0.000312821 -0.98031 0.197478
vn 0.351366 -0.902471 0.249204
vn 0.513957 -0.776781 0.363953
vn 0.547991 -0.651666 0.524443
vn 0.501421 -0.538733 0.677015
vn 0.310267 -0.457348 0.833411
vn 0.610731 0.656069 0.443382
vn 0.617498 0.645508 0.449463
vn 0.905737 0.413718 0.0920866
vn 0.953748 0.248446 -0.169254
vn 0.954158 0.232725 -0.188224
vn 0.86811 0.453012 0.202904
vn 0.899879 0.0377685 -0.434502
vn 0.825676 -0.0362486 -0.562986
vn 0.617247 -0.194118 -0.762449
vn 0.443484 -0.282002 -0.850763
vn 0.091545 0.152353 -0.984083
vn 0.14963 0.149419 -0.97739
vn -0.462871 -0.611585 -0.641659
vn -0.743393 -0.610416 0.273437
vn 0.0641226 0.518364 0.852765
vn -0.285909 0.111376 0.95177
vn 0.505673 0.862516 0.0195015
vn 0.486223 0.873841 -3.69044e-005
vn -0.67193 -0.612818 0.415894
vn -0.947134 -0.299722 -0.114486
vn -0.293527 0.890507 0.34763
vn 0.574942 0.0638105 -0.815704
vn 0.7506 0.588798 0.29987
vn 0.743012 0.645272 0.177653
vn -0.0438545 -0.310515 -0.949563
vn -0.934829 -0.348315 -0.069202
vn -0.470965 0.280446 0.836397
vn -0.156378 0.552056 0.819017
vn 0.46288 -0.611576 -0.641661
vn -0.149634 0.149417 -0.977389
vn -0.0915494 0.152365 -0.984081
vn 0.743404 -0.61041 0.27343
vn -0.505675 0.86251 0.019509
vn 0.285921 0.111369 0.951766
vn -0.0641157 0.518355 0.852762
vn -0.486223 0.873844 -2.38241e-005
vn 0.671946 -0.61281 0.415889
vn -0.574981 0.0638439 -0.815684
vn 0.293481 0.89051 0.347657
vn 0.947133 -0.299741 -0.114501
vn -0.743001 0.645275 0.177681
vn -0.750583 0.588807 0.299898
vn 0.0438308 -0.310511 -0.949562
vn 0.934809 -0.348346 -0.0691991
vn 0.470973 0.280433 0.836401
vn 0.156376 0.552056 0.819015


vt 0.429693 0.03362
vt 0.248713 0.078833
vt 0.296974 0.140151
vt 0.188715 0.136316
vt 0.150368 0.112982
vt 0.167167 0.204817
vt 0.48825 0.15601
vt 0.348616 0.206574
vt 0.041144 0.141369
vt 0.665363 0.015625
vt 0.613453 0.783403
vt 0.613453 0.645596
vt 0.017184 0.889442
vt 0.017184 0.533239
vt 0.315319 0.625
vt 0.583377 0.783403
vt 0.315319 0.826596
vt 0.583377 0.645596
vt 0.315319 0.827398
vt 0.017184 0.537233
vt 0.411997 0.569395
vt 0.607068 0.544084
vt 0.607068 0.433844
vt 0.459548 0.359774
vt 0.607068 0.352665
vt 0.079175 0.563311
vt 0.154319 0.359167
vt -0.026812 0.371015
vt 0.335449 0.359774
vt 0.240349 0.556764
vt 0.692596 0.14449
vt 0.984375 0.078125
vt 0.250617 0.286564
vt 0.565624 0.269973
vt 0.722198 0.249564
vt 0.98615 0.275344
vt 0.404681 0.301605
vt 0.984375 0.977234
vt 0.707864 0.977234
vt 0.730631 0.499105
vt 0.730631 0.499519
vt 0.84375 0.309391
vt 0.84375 0.5
vt 0.65625 0.5
vt 0.65625 0.309391
vt 0.984375 0.5
vt 0.613453 0.617638
vt 0.881905 0.854226
vt 0.868448 0.823343
vt 0.921398 0.823318
vt 0.93657 0.853773
vt 0.8341 0.862866
vt 0.826551 0.823837
vt 0.796985 0.852476
vt 0.789202 0.823244
vt 0.757524 0.850031
vt 0.757524 0.823104
vt 0.968169 0.852511
vt 0.975524 0.822745
vt 0.953125 0.822665
vt 0.953125 0.851097
vt 0.991572 0.856656
vt 0.991572 0.823637
vt 0.944763 0.878844
vt 0.991572 0.87797
vt 0.832466 0.877265
vt 0.792344 0.879388
vt 0.757524 0.878334
vt 0.953125 0.867924
vt 0.796905 0.891342
vt 0.757524 0.891342
vt 0.953125 0.891342
vt 0.991572 0.891342
vt 0.887593 0.874513
vt 0.944763 0.891342
vt 0.8866 0.891342
vt 0.833079 0.891342
vt 0.944295 0.823318
vt 0.007244 0.914938
vt 0.129934 0.945312
vt 0.121561 0.829439
vt 0.007244 0.819538
vt 0.007812 0.96875
vt 0.057545 0.96875
vt 0.007812 0.992188
vt 0.846528 0.664062
vt 0.79798 0.664062
vt 0.843857 0.679688
vt 0.846528 0.59375
vt 0.79798 0.59375
vt 0.992188 0.664062
vt 0.987643 0.63464
vt 0.980174 0.664062
vt 0.980174 0.679688
vt 0.980563 0.591671
vt 0.98044 0.581229
vt 0.949953 0.664062
vt 0.950299 0.679688
vt 0.757812 0.507812
vt 0.757812 0.554688
vt 0.812678 0.554688
vt 0.812678 0.507812
vt 0.867188 0.554688
vt 0.867188 0.507812
vt 0.882812 0.554688
vt 0.992188 0.554688
vt 0.992188 0.507812
vt 0.882812 0.507812
vt 0.007244 0.506101
vt 0.007244 0.583216
vt 0.124121 0.551425
vt 0.106111 0.506101
vt 0.734375 0.601809
vt 0.734375 0.507812
vt 0.642075 0.506101
vt 0.63628 0.58967
vt 0.631018 0.667673
vt 0.742188 0.65625
vt 0.740942 0.734375
vt 0.616057 0.731515
vt 0.740942 0.819538
vt 0.616057 0.817888
vt 0.220589 0.731515
vt 0.309049 0.731515
vt 0.319456 0.6544
vt 0.21132 0.6544
vt 0.426413 0.734481
vt 0.423527 0.6544
vt 0.309049 0.80863
vt 0.426413 0.80863
vt 0.175598 0.583216
vt 0.129934 0.6544
vt 0.335066 0.583216
vt 0.407916 0.583216
vt 0.525239 0.6544
vt 0.565933 0.583216
vt 0.309049 0.892269
vt 0.426413 0.908358
vt 0.220589 0.888247
vt 0.220589 0.80863
vt 0.317242 0.96147
vt 0.426413 0.96147
vt 0.6785 0.968792
vt 0.740942 0.888247
vt 0.740942 0.914938
vt 0.618253 0.945312
vt 0.501986 0.731515
vt 0.501986 0.80863
vt 0.5078 0.945312
vt 0.137332 0.888247
vt 0.137332 0.80863
vt 0.129934 0.731515
vt 0.007244 0.80863
vt 0.007854 0.880925
vt 0.007244 0.734481
vt 0.007244 0.6544
vt 0.975486 0.695312
vt 0.992188 0.695312
vt 0.992188 0.804688
vt 0.969815 0.804688
vt 0.9506 0.804688
vt 0.944807 0.695312
vt 0.959058 0.695312
vt 0.923195 0.804688
vt 0.927118 0.695312
vt 0.949953 0.591671
vt 0.883078 0.591671
vt 0.883078 0.664062
vt 0.775573 0.59375
vt 0.775573 0.664062
vt 0.90625 0.804688
vt 0.90625 0.695312
vt 0.90625 0.755822
vt 0.949953 0.57214
vt 0.883078 0.57214
vt 0.882812 0.679688
vt 0.846528 0.570312
vt 0.640625 0.507812
vt 0.624066 0.551425
vt 0.111315 0.583216
vt 0.109211 0.6544
vt 0.007244 0.734375
vt 0.115665 0.731515
vt 0.531933 0.731515
vt 0.536389 0.6544
vt 0.427888 0.6544
vt 0.429349 0.731515
vt 0.328073 0.734481
vt 0.329599 0.6544
vt 0.325652 0.80863
vt 0.428141 0.80863
vt 0.560119 0.583216
vt 0.644653 0.666614
vt 0.41312 0.583216
vt 0.34027 0.583216
vt 0.182254 0.583216
vt 0.197667 0.6544
vt 0.321774 0.916619
vt 0.430337 0.898259
vt 0.528077 0.888247
vt 0.528734 0.80863
vt 0.321774 0.96147
vt 0.431299 0.96147
vt 0.007244 0.89557
vt 0.069687 0.960938
vt 0.322527 0.992188
vt 0.42496 0.992188
vt 0.419503 0.96875
vt 0.318205 0.96875
vt 0.426488 0.96875
vt 0.323974 0.96875
vt 0.220949 0.96875
vt 0.215255 0.992188
vt 0.090385 0.992188
vt 0.087363 0.96875
vt 0.126782 0.96875
vt 0.217517 0.731515
vt 0.227712 0.80863
vt 0.240387 0.945312
vt 0.643248 0.888247
vt 0.638196 0.80863
vt 0.635385 0.731515
vt 0.214665 0.96875
vt 0.740332 0.880925
vt 0.740942 0.80863
vt 0.740942 0.734481
vt 0.149632 0.015625
vt 0.140625 0.00781202
vt 0.125 0.039062
vt 0.125 0.0625
vt 0.125 0.165625
vt 0.059981 0.177416
vt 0.059117 0.113524
vt 0.125 0.106071
vt 0.007812 0.111814
vt 0.007812 0.176785
vt 0.179497 0.156628
vt 0.185445 0.104427
vt 0.242188 0.094292
vt 0.242188 0.152425
vt 0.179902 0.015625
vt 0.242188 0.015625
vt 0.125 0.090644
vt 0.124979 0.150973
vt 0.188086 0.152476
vt 0.195942 0.103789
vt 0.04727 0.106994
vt 0.051388 0.171697
vt 0.089577 0.162386
vt 0.085695 0.098244
vt 0.125 0.242188
vt 0.055223 0.242188
vt 0.007812 0.242188
vt 0.124979 0.242188
vt 0.178488 0.242188
vt 0.242188 0.242188
vt 0.172005 0.242188
vt 0.068359 0.242188
vt 0.059058 0.069934
vt 0.125 0.068115
vt 0.109375 0.00781202
vt 0.101562 0.015625
vt 0.057561 0.015625
vt 0.152647 0.015625
vt 0.125 -0.039062
vt 0.125 0.304688
vt 0.007812 0.015625
vt 0.078125 0.015625
vt 0.049513 0.015625
vt 0.109375 0.015625
vt 0.192772 0.015625
vt 0.757812 0.553916
vt 0.8125 0.553916
vt 0.8125 0.507016
vt 0.773545 0.60999
vt 0.867198 0.553916
vt 0.867198 0.507016
vt 0.936137 0.507812
vt 0.94879 0.554688
vt 0.867198 0.507317
vt 0.8125 0.507317
vt 0.758917 0.554405
vt 0.774649 0.610504
vt 0.813604 0.50753
vt 0.805792 0.554405
vt 0.867188 0.554405
vt 0.867188 0.50753
vt 0.929891 0.507123
vt 0.953328 0.554688
vt 0.992391 0.554688
vt 0.992391 0.507123
vt 0.882812 0.507123
vt 0.813604 0.554405
vt 0.961141 0.507123
vt 0.929891 0.554688
vt 0.633207 0.96147
vt 0.526512 0.96147
vt 0.742188 0.96875
vt 0.61431 0.96875
vt 0.618525 0.992188
vt 0.742188 0.992188
vt 0.617854 0.96875
vt 0.521576 0.992188
vt 0.520347 0.96875
vt 0.508956 0.96875
vt 0.220589 0.96147
vt 0.147374 0.96147
vt 0.007854 0.96147
vt 0.740332 0.955951
vt 0.941348 0.992263
vt 0.878364 0.992263
vt 0.886372 0.941741
vt 0.936107 0.941741
vt 0.836918 0.992263
vt 0.838742 0.941741
vt 0.800059 0.941741
vt 0.801704 0.992263
vt 0.757524 0.992263
vt 0.757524 0.941741
vt 0.953125 0.941741
vt 0.944763 0.992263
vt 0.991572 0.992263
vt 0.991572 0.941741
vt 0.799072 0.905908
vt 0.757524 0.905908
vt 0.991572 0.905908
vt 0.953125 0.905908
vt 0.9409 0.905908
vt 0.93996 0.919537
vt 0.836536 0.912722
vt 0.835477 0.905908
vt 0.887333 0.914849
vt 0.887525 0.905908
vt 0.694377 0.96875
vt 0.334057 0.96875
vt 0.328514 0.992188
vt 0.431254 0.992188
vt 0.43559 0.96875
vt 0.32684 0.96875
vt 0.429763 0.96875
vt 0.53284 0.96875
vt 0.538555 0.992188
vt 0.666428 0.96875
vt 0.663419 0.992188
vt 0.627036 0.96875
vt 0.539154 0.96875
vt 0.131374 0.992188
vt 0.135657 0.96875
vt 0.132052 0.96875
vt 0.230058 0.992188
vt 0.23131 0.96875
vt 0.242831 0.96875
vt 0.839306 0.823374
vt 0.896546 0.823401
vt 0.881746 0.854226
vt 0.821391 0.853773
vt 0.934443 0.85593
vt 0.941726 0.823501
vt 0.975969 0.852476
vt 0.983312 0.823298
vt 0.944763 0.850031
vt 0.944763 0.823154
vt 0.8125 0.823301
vt 0.774045 0.823301
vt 0.788731 0.852527
vt 0.8125 0.852527
vt 0.765326 0.823301
vt 0.765326 0.852527
vt 0.813613 0.878844
vt 0.765326 0.87797
vt 0.975969 0.879388
vt 0.936084 0.877265
vt 0.944763 0.878334
vt 0.804334 0.875816
vt 0.975969 0.891342
vt 0.765326 0.891342
vt 0.796532 0.891342
vt 0.875194 0.874513
vt 0.876089 0.891342
vt 0.812886 0.891342
vt 0.935735 0.891342
vt 0.790728 0.823374
vt 0.875415 0.941741
vt 0.88235 0.992263
vt 0.819937 0.992263
vt 0.82144 0.941741
vt 0.927214 0.941741
vt 0.912179 0.992263
vt 0.975969 0.941741
vt 0.944763 0.941741
vt 0.796532 0.941741
vt 0.765326 0.941741
vt 0.765326 0.992263
vt 0.788731 0.992263
vt 0.975969 0.905908
vt 0.944763 0.905908
vt 0.796532 0.905908
vt 0.765326 0.905908
vt 0.816329 0.919537
vt 0.81525 0.905908
vt 0.933306 0.905908
vt 0.932024 0.912722
vt 0.874892 0.914849
vt 0.874837 0.905908
vt 0.818936 0.704131
vt 0.838956 0.706327
vt 0.83667 0.711225
vt 0.853134 0.732505
vt 0.833123 0.718318
vt 0.840216 0.721865
vt 0.804749 0.728959
vt 0.783468 0.711225
vt 0.804749 0.704131
vt 0.889871 0.743146
vt 0.889871 0.7928
vt 0.873139 0.750239
vt 0.889871 0.707678
vt 0.86859 0.707678
vt 0.853134 0.716
vt 0.896964 0.695562
vt 0.896964 0.746692
vt 0.853134 0.77152
vt 0.853134 0.785707
vt 0.882777 0.7928
vt 0.854403 0.7928
vt 0.882777 0.804937
vt 0.854403 0.804937
vt 0.896964 0.804937
vt 0.840353 0.695562
vt 0.86859 0.695562
vt 0.779922 0.753786
vt 0.804749 0.77152
vt 0.779922 0.78216
vt 0.840216 0.77152
vt 0.840216 0.785707
vt 0.840216 0.7928
vt 0.840216 0.804937
vt 0.769281 0.804937
vt 0.759084 0.753786
vt 0.769281 0.700585
vt 0.794109 0.695562
vt 0.867188 0.773438
vt 0.898438 0.789062
vt 0.257812 0.101562
vt 0.310046 0.087236
vt 0.298906 0.169712
vt 0.257812 0.183594
vt 0.257812 0.242046
vt 0.338133 0.167969
vt 0.341453 0.242046
vt 0.405591 0.038453
vt 0.392043 0.019531
vt 0.437895 0.019531
vt 0.442564 0.074428
vt 0.473735 0.155843
vt 0.455456 0.181879
vt 0.409494 0.140625
vt 0.410056 0.1875
vt 0.449966 0.199219
vt 0.455688 0.224827
vt 0.389479 0.244022
vt 0.359375 0.097656
vt 0.486634 0.241214
vt 0.37833 0.058594
vt 0.358994 0.019531
vt 0.374144 0.019531
vt 0.387876 0.062265
vt 0.351562 0.019531
vt 0.300061 0.019531
vt 0.492188 0.089844
vt 0.492188 0.152344
vt 0.257812 0.019531
vt 0.457945 0.019531
vt 0.492188 0.033072
vt 0.47286 0.00781202
vt 0.492188 0.00781202
vt 0.107996 0.284841
vt 0.111478 0.256121
vt 0.145971 0.256121
vt 0.144598 0.291159
vt 0.11229 0.331198
vt 0.06763 0.317771
vt 0.076108 0.281317
vt 0.144929 0.336508
vt 0.148438 0.370159
vt 0.114249 0.369555
vt 0.117073 0.399756
vt 0.085699 0.399756
vt 0.070651 0.370234
vt 0.024734 0.297635
vt 0.03099 0.256121
vt 0.0625 0.281317
vt 0.062826 0.399087
vt 0.038803 0.377562
vt 0.072497 0.428931
vt 0.059315 0.428931
vt 0.154371 0.456877
vt 0.118544 0.46202
vt 0.125 0.428931
vt 0.179688 0.428931
vt 0.089998 0.491143
vt 0.0625 0.491143
vt 0.03099 0.428931
vt 0.024766 0.398251
vt 0.03099 0.491143
vt 0.0625 0.256121
vt 0.111478 0.491143
vt 0.145971 0.491143
vt 0.15424 0.390248
vt 0.033384 0.340087
vt 0.089998 0.256121
vt 0.195615 0.256121
vt 0.206125 0.303528
vt 0.242188 0.344662
vt 0.19753 0.333494
vt 0.208506 0.428931
vt 0.242188 0.421347
vt 0.242188 0.470712
vt 0.2006 0.457288
vt 0.242188 0.370159
vt 0.21875 0.370159
vt 0.1875 0.370159
vt 0.242188 0.399773
vt 0.213725 0.407176
vt 0.21875 0.384966
vt 0.195021 0.407176
vt 0.195615 0.491143
vt 0.1875 0.384966
vt 0.336113 0.244022
vt 0.456661 0.224827
vt 0.448995 0.199219
vt 0.399672 0.241214
vt 0.357996 0.284841
vt 0.394598 0.291159
vt 0.395971 0.256121
vt 0.361478 0.256121
vt 0.31763 0.317771
vt 0.361433 0.330476
vt 0.326108 0.281317
vt 0.394929 0.336508
vt 0.360826 0.366411
vt 0.398438 0.370159
vt 0.365063 0.393025
vt 0.320651 0.370234
vt 0.330453 0.394262
vt 0.322497 0.428931
vt 0.312826 0.399087
vt 0.312895 0.428931
vt 0.375 0.428931
vt 0.368544 0.46202
vt 0.404371 0.456877
vt 0.429688 0.428931
vt 0.339998 0.491143
vt 0.3125 0.491839
vt 0.361478 0.491143
vt 0.395971 0.491143
vt 0.40424 0.390248
vt 0.339998 0.256121
vt 0.3125 0.256967
vt 0.3125 0.281317
vt 0.445615 0.256121
vt 0.456125 0.303528
vt 0.44753 0.333494
vt 0.492188 0.344662
vt 0.492188 0.470712
vt 0.492188 0.421347
vt 0.458506 0.428931
vt 0.4506 0.457288
vt 0.46875 0.370159
vt 0.4375 0.370159
vt 0.492188 0.370159
vt 0.46875 0.384966
vt 0.463725 0.407176
vt 0.492188 0.399773
vt 0.445021 0.407176
vt 0.445615 0.491143
vt 0.4375 0.384966
vt 0.304484 0.316952
vt 0.302543 0.284807
vt 0.301266 0.372874
vt 0.305784 0.401222
vt 0.304845 0.436975
vt 0.301308 0.492188
vt 0.295187 0.402266
vt 0.301498 0.257812
vt 0.28986 0.287673
vt 0.290197 0.318761
vt 0.273063 0.451117
vt 0.285363 0.449608
vt 0.285075 0.406328
vt 0.270651 0.408625
vt 0.286525 0.373136
vt 0.272326 0.372304
vt 0.276661 0.492188
vt 0.288906 0.492188
vt 0.277542 0.288646
vt 0.287915 0.257812
vt 0.27479 0.257812
vt 0.278958 0.322741
vt 0.305058 0.346251
vt 0.289225 0.346676
vt 0.275383 0.346797
vt 0.255802 0.449817
vt 0.255802 0.406393
vt 0.255802 0.370891
vt 0.255802 0.289356
vt 0.255802 0.330343
vt 0.255802 0.257812
vt 0.258666 0.480017
vt 0.294954 0.44577
vt 0.710938 0.044118
vt 0.681301 0.046745
vt 0.676814 0.00781202
vt 0.710938 0.00781202
vt 0.633237 0.00781202
vt 0.626604 0.021313
vt 0.589402 0.00781202
vt 0.598142 0.035761
vt 0.555891 0.033676
vt 0.564786 0.00781202
vt 0.531823 0.032989
vt 0.527564 0.00781202
vt 0.620032 0.027742
vt 0.667095 0.030165
vt 0.604582 0.085938
vt 0.616952 0.05832
vt 0.622812 0.085938
vt 0.648107 0.085938
vt 0.650997 0.06335
vt 0.664992 0.085938
vt 0.68603 0.085938
vt 0.53775 0.085938
vt 0.509143 0.085938
vt 0.507812 0.030817
vt 0.75 0.057416
vt 0.773438 0.054336
vt 0.773292 0.085938
vt 0.75 0.085938
vt 0.75 0.031919
vt 0.773438 0.035076
vt 0.773438 0.00781202
vt 0.75 0.00781202
vt 0.726562 0.031193
vt 0.726562 0.00781202
vt 0.726562 0.05649
vt 0.726562 0.085938
vt 0.774123 0.071991
vt 0.75 0.070001
vt 0.789062 0.05494
vt 0.789062 0.085938
vt 0.789062 0.034446
vt 0.789062 0.00781202
vt 0.804688 0.00781202
vt 0.804688 0.031499
vt 0.804688 0.05893
vt 0.804688 0.085938
vt 0.554158 0.085938
vt 0.579727 0.085938
vt 0.701226 0.085938
vt 0.710938 0.085938
vt 0.773146 0.054336
vt 0.773146 0.085938
vt 0.773146 0.035076
vt 0.773146 0.00781202
vt 0.507812 0.00781202
vt 0.867188 0.00781202
vt 0.867188 0.052174
vt 0.859375 0.052174
vt 0.859375 0.00781202
vt 0.859375 0.085938
vt 0.867188 0.085938
vt 0.824414 0.00781202
vt 0.828125 0.052174
vt 0.828125 0.085938
vt 0.859375 0.067726
vt 0.828125 0.0625
vt 0.898438 0.085938
vt 0.898438 0.052174
vt 0.898438 0.00781202
vt 0.92277 0.077507
vt 0.952968 0.086472
vt 0.949719 0.102117
vt 0.921921 0.102519
vt 0.920637 0.014446
vt 0.932077 0.046426
vt 0.914108 0.067082
vt 0.918072 0.079975
vt 0.936913 0.055804
vt 0.987846 0.116738
vt 0.968128 0.114602
vt 0.984421 0.098279
vt 0.992233 0.102276
vt 0.984421 0.076402
vt 0.963971 0.058055
vt 0.967653 0.046426
vt 0.992233 0.066502
vt 0.963374 0.015176
vt 0.992162 0.031009
vt 0.65625 0.336883
vt 0.6875 0.351562
vt 0.6875 0.3125
vt 0.663879 0.3125
vt 0.569742 0.390011
vt 0.524735 0.389447
vt 0.542286 0.443314
vt 0.571269 0.454104
vt 0.561547 0.47435
vt 0.623042 0.40507
vt 0.615808 0.460042
vt 0.659145 0.423372
vt 0.659927 0.459331
vt 0.693585 0.455093
vt 0.612407 0.489001
vt 0.66574 0.488137
vt 0.704583 0.476097
vt 0.7402 0.452729
vt 0.722996 0.442604
vt 0.515541 0.232835
vt 0.514873 0.299407
vt 0.5821 0.295431
vt 0.566606 0.209338
vt 0.630533 0.292263
vt 0.615998 0.316991
vt 0.572963 0.342243
vt 0.625646 0.359282
vt 0.515434 0.339553
vt 0.692561 0.404363
vt 0.706668 0.431089
vt 0.640625 0.3125
vt 0.64717 0.334386
vt 0.656489 0.374771
vt 0.6875 0.392928
vt 0.743768 0.365922
vt 0.738551 0.383304
vt 0.738001 0.384998
vt 0.727773 0.386765
vt 0.730314 0.408658
vt 0.765143 0.239045
vt 0.800652 0.247152
vt 0.800607 0.239472
vt 0.635684 0.27325
vt 0.751168 0.254678
vt 0.750437 0.221261
vt 0.717326 0.27705
vt 0.6593 0.255458
vt 0.637367 0.294916
vt 0.75 0.366523
vt 0.75 0.384106
vt 0.802228 0.388714
vt 0.758298 0.358058
vt 0.766692 0.376141
vt 0.800601 0.411478
vt 0.840087 0.428824
vt 0.839384 0.403714
vt 0.881866 0.41341
vt 0.873468 0.38443
vt 0.904252 0.384649
vt 0.904252 0.348683
vt 0.873251 0.349275
vt 0.833095 0.37808
vt 0.795011 0.363937
vt 0.858081 0.312243
vt 0.822344 0.309734
vt 0.82841 0.351449
vt 0.815327 0.275622
vt 0.7678 0.26619
vt 0.779558 0.303047
vt 0.755022 0.291789
vt 0.752587 0.330275
vt 0.790628 0.344082
vt 0.749283 0.351742
vt 0.833412 0.217343
vt 0.83048 0.201508
vt 0.816046 0.212798
vt 0.814267 0.190522
vt 0.805335 0.202635
vt 0.710387 0.161376
vt 0.682138 0.13653
vt 0.62879 0.179681
vt 0.728126 0.322287
vt 0.714301 0.336676
vt 0.727244 0.21268
vt 0.791633 0.221484
vt 0.771333 0.222695
vt 0.740757 0.308191
vt 0.7405 0.341272
vt 0.73463 0.358562
vt 0.739784 0.365538
vt 0.823227 0.229826
vt 0.77212 0.206832
vt 0.790885 0.190968
vt 0.766773 0.177333
vt 0.771954 0.10512
vt 0.724478 0.116751
vt 0.753522 0.127433
vt 0.784392 0.123118
vt 0.793198 0.165833
vt 0.825867 0.235951
vt 0.72045 0.374796
vt 0.725491 0.356167
vt 0.717375 0.355736
vt 0.700401 0.362299
vt 0.715062 0.405389
vt 0.720215 0.376127
vt 0.744911 0.413835
vt 0.696191 0.399641
vt 0.893874 0.306857
vt 0.846987 0.268233
vt 0.776371 0.243446
vt 0.590939 0.173453
vt 0.591105 0.114976
vt 0.555603 0.103059
vt 0.555603 0.189803
vt 0.514134 0.119979
vt 0.520443 0.177626
vt 0.96077 0.492188
vt 0.984375 0.492188
vt 0.989436 0.436266
vt 0.963823 0.440269
vt 0.929688 0.448276
vt 0.929688 0.465014
vt 0.949308 0.404469
vt 0.950794 0.405041
vt 0.984375 0.404579
vt 0.96077 0.440269
vt 0.9375 0.492188
vt 0.957568 0.367152
vt 0.993113 0.368421
vt 0.970185 0.333299
vt 0.950634 0.333024
vt 0.929277 0.368674
vt 0.952448 0.333722
vt 0.964821 0.369943
vt 0.990842 0.300633
vt 0.958845 0.299493
vt 0.933363 0.300861
vt 0.954183 0.267261
vt 0.955536 0.267782
vt 0.968763 0.267467
vt 0.96536 0.302001
vt 0.988178 0.237436
vt 0.96339 0.198532
vt 0.960344 0.236449
vt 0.938158 0.237635
vt 0.965993 0.238622
vt 0.882812 0.122576
vt 0.84375 0.122576
vt 0.862826 0.101562
vt 0.862826 0.179688
vt 0.84375 0.151295
vt 0.882812 0.150643
vt 0.898438 0.132812
vt 0.898438 0.170528
vt 0.828125 0.132812
vt 0.828125 0.170528
vt 0.738006 0.384982
vt 0.727706 0.386187
vt 0.743892 0.365934
vt 0.719972 0.377508
vt 0.96339 0.208176
vt 0.974317 0.178227
vt 0.973426 0.159685
vt 0.991184 0.159614
vt 0.958184 0.159601
vt 0.973158 0.14105
vt 0.976385 0.159529
vt 0.912571 0.161665
vt 0.919105 0.186862
vt 0.934032 0.189273
vt 0.962933 0.160488
vt 0.918211 0.161938
vt 0.922164 0.141597
vt 0.93978 0.138912
vt 0.934336 0.184414
vt 0.921379 0.182762
vt 0.916542 0.136766
vt 0.939755 0.13233
vt 0.727541 0.384771
vt 0.859375 0.460938
vt 0.992188 0.492188
vt 0.992188 0.460938
vt 0.876724 0.435991
vt 0.796875 0.351562
vt 0.765625 0.375
vt 0.875 0.039062
vt 0.765625 0.125
vt 0.804688 0.132812
vt 0.890625 0.0625
vt 0.992188 0.016271
vt 0.992188 0.047521
vt 0.992188 0.40625
vt 0.914062 0.367188
vt 0.867188 0.3125
vt 0.78125 0.242188
vt 0.851562 0.242188
vt 0.875 0.171875
vt 0.933621 0.13578
vt 0.992188 0.102854
vt 0.992188 0.382812
vt 0.9375 0.351562
vt 0.898438 0.296875
vt 0.890625 0.242188
vt 0.910183 0.206093
vt 0.941433 0.159218
vt 0.992188 0.138008
vt 0.992188 0.257812
vt 0.477205 0.265522
vt 0.665385 0.265522
vt 0.673252 0.311311
vt 0.477205 0.302015
vt 0.62448 0.265522
vt 0.632346 0.311311
vt 0.668269 0.375
vt 0.322394 0.265522
vt 0.322394 0.302015
vt 0.415964 0.302015
vt 0.415964 0.265522
vt 0.268017 0.265522
vt 0.268017 0.302015
vt 0.330763 0.265522
vt 0.330763 0.302015
vt 0.351317 0.265522
vt 0.351317 0.302015
vt 0.36522 0.265522
vt 0.36522 0.302015
vt 0.339032 0.265522
vt 0.339032 0.302015
vt 0.39052 0.265522
vt 0.39052 0.302015
vt 0.665385 0.375
vt 0.477205 0.375
vt 0.62448 0.375
vt 0.322394 0.375
vt 0.415964 0.375
vt 0.268017 0.375
vt 0.330763 0.375
vt 0.351317 0.375
vt 0.36522 0.375
vt 0.339032 0.375
vt 0.39052 0.375
vt 0.665385 0.447675
vt 0.477205 0.447675
vt 0.62448 0.447675
vt 0.322394 0.447675
vt 0.415964 0.447675
vt 0.268017 0.447675
vt 0.330763 0.447675
vt 0.351317 0.447675
vt 0.36522 0.447675
vt 0.339032 0.447675
vt 0.39052 0.447675
vt 0.665385 0.484478
vt 0.477205 0.484478
vt 0.62448 0.484478
vt 0.322394 0.484478
vt 0.415964 0.484478
vt 0.268017 0.484478
vt 0.330763 0.484478
vt 0.351317 0.484478
vt 0.36522 0.484478
vt 0.339032 0.484478
vt 0.39052 0.484478
vt 0.734375 0.375
vt 0.757812 0.242188
vt 0.015625 0.234375
vt 0.015625 0.015625
vt 0.078125 0.234375
vt 0.234375 0.015625
vt 0.234375 0.234375
vt 0.180216 0.984375
vt 0.015625 0.984375
vt 0.015625 0.9375
vt 0.183353 0.9375
vt 0.177879 0.875
vt 0.015625 0.875
vt 0.015625 0.640625
vt 0.181462 0.640625
vt 0.178879 0.515625
vt 0.179543 0.578125
vt 0.015625 0.578125
vt 0.015625 0.515625
vt 0.125 0.375
vt 0.242188 0.492188
vt 0.242188 0.257812
vt 0.007812 0.257812
vt 0.007812 0.492188
vt 0.180225 0.984375
vt 0.183359 0.9375
vt 0.177885 0.875
vt 0.181461 0.640625
vt 0.178877 0.515625
vt 0.179542 0.578125
vt 0.242187 0.492188
vt 0.242188 0.257813
vt 0.007813 0.257812
vt 0.984375 0.9375
vt 0.984375 0.875
vt 0.90468 0.875
vt 0.901381 0.9375
vt 0.918014 0.641284
vt 0.984375 0.640625
vt 0.984375 0.578125
vt 0.921477 0.578125
vt 0.762248 0.9375
vt 0.774303 0.875
vt 0.627075 0.875
vt 0.62273 0.9375
vt 0.473331 0.9375
vt 0.4699 0.875
vt 0.335506 0.9375
vt 0.329224 0.875
vt 0.78501 0.640625
vt 0.788007 0.578125
vt 0.646804 0.578125
vt 0.643264 0.640625
vt 0.486602 0.578125
vt 0.48277 0.640625
vt 0.330616 0.578125
vt 0.331846 0.640625
vt 0.984375 0.984375
vt 0.896041 0.984375
vt 0.760898 0.984375
vt 0.61648 0.984375
vt 0.466293 0.984375
vt 0.328559 0.984375
vt 0.48991 0.515625
vt 0.32972 0.515625
vt 0.649857 0.515625
vt 0.796209 0.515625
vt 0.922137 0.515625
vt 0.984375 0.515625
vt 0.904681 0.875
vt 0.918015 0.641284
vt 0.921478 0.578125
vt 0.76225 0.9375
vt 0.622735 0.9375
vt 0.627079 0.875
vt 0.774306 0.875
vt 0.473339 0.9375
vt 0.469906 0.875
vt 0.335501 0.9375
vt 0.329229 0.875
vt 0.785012 0.640625
vt 0.643265 0.640625
vt 0.64681 0.578125
vt 0.78801 0.578125
vt 0.486607 0.578125
vt 0.482775 0.640625
vt 0.330617 0.578125
vt 0.331847 0.640625
vt 0.760901 0.984375
vt 0.616484 0.984375
vt 0.466303 0.984375
vt 0.328624 0.984375
vt 0.329722 0.515625
vt 0.489915 0.515625
vt 0.649859 0.515625
vt 0.796211 0.515625
vt 0.515625 0.234375
vt 0.515625 0.140625
vt 0.53125 0.234375
vt 0.278744 0.183437
vt 0.263966 0.123087
vt 0.305931 0.126063
vt 0.311986 0.188993
vt 0.310162 0.221165
vt 0.313051 0.06188
vt 0.278652 0.069313
vt 0.314854 0.032536
vt 0.373724 0.01869
vt 0.374793 0.061538
vt 0.391745 0.101257
vt 0.443758 0.124987
vt 0.393256 0.124734
vt 0.435198 0.056308
vt 0.35731 0.102334
vt 0.397035 0.191628
vt 0.436357 0.186603
vt 0.442134 0.220095
vt 0.398035 0.235066
vt 0.486309 0.124042
vt 0.468241 0.180949
vt 0.470074 0.067762
vt 0.433018 0.031578
vt 0.357356 0.192317
vt 0.35613 0.236034
vt 0.356401 0.125012
vt 0.59375 0.234375
vt 0.59375 0.140625
vt 0.734375 0.234375
vt 0.734375 0.140625
vt 0.671875 0.140625
vt 0.671875 0.234375
vt 0.609375 0.234375
vt 0.609375 0.140625
vt 0.540949 0.234375
vt 0.540949 0.140625
vt 0.38644 0.102545
vt 0.472656 0.096303
vt 0.380242 0.067896
vt 0.426473 0.181694
vt 0.342311 0.177873
vt 0.297162 0.080413
vt 0.446272 0.112811
vt 0.380598 0.093798
vt 0.429254 0.150508
vt 0.336981 0.155255
vt 0.322032 0.111214
vt 0.387109 0.103648
vt 0.450233 0.103931
vt 0.451048 0.065631
vt 0.473015 0.071306
vt 0.485168 0.087106
vt 0.48804 0.102782
vt 0.482855 0.12
vt 0.469366 0.134717
vt 0.449622 0.141445
vt 0.429705 0.133962
vt 0.416761 0.11887
vt 0.412226 0.101514
vt 0.415681 0.085928
vt 0.428437 0.070482
vt 0.624866 0.193185
vt 0.625748 0.140625
vt 0.685856 0.140625
vt 0.73441 0.193185
vt 0.629833 0.193185
vt 0.654494 0.140625
vt 0.543047 0.140625
vt 0.543047 0.193185
vt 0.73441 0.140625
vt 0.712417 0.0625
vt 0.648428 0.122248
vt 0.626907 0.0625
vt 0.558792 0.0625
vt 0.515625 0.015625
vt 0.626772 0.015625
vt 0.734375 0.015625
vt 0.673333 0.015625
vt 0.675068 0.0625


usemtl her_obelix02_s02

f 1246/879/1567 1247/880/1568 1248/881/1569
f 1249/882/1570 1246/879/1567 1248/881/1569
f 1246/879/1567 1249/882/1570 1250/883/1571
f 1251/884/1572 1246/879/1567 1250/883/1571
f 1252/885/1573 1253/886/1574 1254/887/1575
f 1255/888/1576 1252/885/1573 1254/887/1575
f 1256/889/1577 1252/885/1573 1255/888/1576
f 1257/890/1578 1256/889/1577 1255/888/1576
f 1249/882/1570 1248/881/1569 1258/891/1579
f 1259/892/1580 1249/882/1570 1258/891/1579
f 1250/883/1571 1249/882/1570 1259/892/1580
f 1260/893/1581 1250/883/1571 1259/892/1580
f 1261/894/1582 1250/883/1571 1260/893/1581
f 1262/895/1583 1261/894/1582 1260/893/1581
f 1254/887/1575 1261/894/1582 1262/895/1583
f 1263/896/1584 1254/887/1575 1262/895/1583
f 1255/888/1576 1254/887/1575 1263/896/1584
f 1264/897/1585 1255/888/1576 1263/896/1584
f 1255/888/1576 1264/897/1585 1265/898/1586
f 1257/890/1578 1255/888/1576 1265/898/1586
f 1259/892/1587 1258/891/1588 1266/899/1589
f 1267/900/1590 1259/892/1587 1266/899/1589
f 1260/893/1591 1259/892/1587 1267/900/1590
f 1268/901/1592 1260/893/1591 1267/900/1590
f 1262/895/1593 1260/893/1591 1268/901/1592
f 1269/902/1594 1262/895/1593 1268/901/1592
f 1263/896/1595 1262/895/1593 1269/902/1594
f 1270/903/1596 1263/896/1595 1269/902/1594
f 1264/897/1597 1263/896/1595 1270/903/1596
f 1271/904/1598 1264/897/1597 1270/903/1596
f 1264/897/1597 1271/904/1598 1272/905/1599
f 1265/898/1600 1264/897/1597 1272/905/1599
f 1267/900/1590 1266/899/1589 1273/906/1601
f 1268/901/1592 1267/900/1590 1273/906/1601
f 1269/902/1594 1268/901/1592 1273/906/1601
f 1270/903/1596 1269/902/1594 1273/906/1601
f 1271/904/1598 1270/903/1596 1273/906/1601
f 1272/905/1599 1271/904/1598 1273/906/1601
f 1274/907/1602 1275/908/1603 1276/909/1604
f 1277/910/1605 1274/907/1602 1276/909/1604
f 1278/911/1606 1279/912/1607 1280/913/1608
f 1281/914/1609 1282/915/1610 1283/916/1611
f 1284/917/1612 1281/914/1609 1283/916/1611
f 1285/918/1613 1286/919/1614 1282/915/1610
f 1281/914/1609 1285/918/1613 1282/915/1610
f 1285/918/1613 1287/920/1615 1288/921/1616
f 1286/919/1614 1285/918/1613 1288/921/1616
f 1289/922/1617 1290/923/1618 1288/921/1616
f 1287/920/1615 1289/922/1617 1288/921/1616
f 1291/924/1619 1292/925/1620 1290/923/1618
f 1289/922/1617 1291/924/1619 1290/923/1618
f 1291/924/1619 1293/926/1621 1294/927/1622
f 1292/925/1620 1291/924/1619 1294/927/1622
f 1293/926/1621 1295/928/1623 1296/929/1624
f 1294/927/1622 1293/926/1621 1296/929/1624
f 1274/907/1602 1277/910/1605 1296/929/1624
f 1295/928/1623 1274/907/1602 1296/929/1624
f 1276/909/1604 1297/930/1625 1298/931/1626
f 1277/910/1605 1276/909/1604 1298/931/1626
f 1280/913/1608 1279/912/1607 1299/932/1627
f 1283/916/1611 1282/915/1610 1300/933/1628
f 1301/934/1629 1283/916/1611 1300/933/1628
f 1282/915/1610 1286/919/1614 1302/935/1630
f 1300/933/1628 1282/915/1610 1302/935/1630
f 1288/921/1616 1303/936/1631 1302/935/1630
f 1286/919/1614 1288/921/1616 1302/935/1630
f 1288/921/1616 1290/923/1618 1304/937/1632
f 1303/936/1631 1288/921/1616 1304/937/1632
f 1290/923/1618 1292/925/1620 1305/938/1633
f 1304/937/1632 1290/923/1618 1305/938/1633
f 1292/925/1620 1294/927/1622 1306/939/1634
f 1305/938/1633 1292/925/1620 1306/939/1634
f 1294/927/1622 1296/929/1624 1307/940/1635
f 1306/939/1634 1294/927/1622 1307/940/1635
f 1296/929/1624 1277/910/1605 1298/931/1626
f 1307/940/1635 1296/929/1624 1298/931/1626
f 1298/931/1626 1297/930/1625 1308/941/1636
f 1309/942/1637 1298/931/1626 1308/941/1636
f 1280/913/1608 1299/932/1627 1310/943/1638
f 1300/933/1628 1311/944/1639 1312/945/1640
f 1301/934/1629 1300/933/1628 1312/945/1640
f 1302/935/1630 1313/946/1641 1311/944/1639
f 1300/933/1628 1302/935/1630 1311/944/1639
f 1302/935/1630 1303/936/1631 1314/947/1642
f 1313/946/1641 1302/935/1630 1314/947/1642
f 1303/936/1631 1304/937/1632 1315/948/1643
f 1314/947/1642 1303/936/1631 1315/948/1643
f 1304/937/1632 1305/938/1633 1316/949/1644
f 1315/948/1643 1304/937/1632 1316/949/1644
f 1306/939/1634 1317/950/1645 1316/949/1644
f 1305/938/1633 1306/939/1634 1316/949/1644
f 1307/940/1635 1318/951/1646 1317/950/1645
f 1306/939/1634 1307/940/1635 1317/950/1645
f 1298/931/1626 1309/942/1637 1318/951/1646
f 1307/940/1635 1298/931/1626 1318/951/1646
f 1308/941/1636 1319/952/1647 1320/953/1648
f 1309/942/1637 1308/941/1636 1320/953/1648
f 1280/913/1608 1310/943/1638 1321/954/1649
f 1312/945/1640 1311/944/1639 1322/955/1650
f 1323/956/1651 1312/945/1640 1322/955/1650
f 1311/944/1639 1313/946/1641 1324/957/1652
f 1322/955/1650 1311/944/1639 1324/957/1652
f 1314/947/1642 1325/958/1653 1324/957/1652
f 1313/946/1641 1314/947/1642 1324/957/1652
f 1315/948/1643 1326/959/1654 1325/958/1653
f 1314/947/1642 1315/948/1643 1325/958/1653
f 1316/949/1644 1327/960/1655 1326/959/1654
f 1315/948/1643 1316/949/1644 1326/959/1654
f 1317/950/1645 1328/961/1656 1327/960/1655
f 1316/949/1644 1317/950/1645 1327/960/1655
f 1318/951/1646 1329/962/1657 1328/961/1656
f 1317/950/1645 1318/951/1646 1328/961/1656
f 1318/951/1646 1309/942/1637 1320/953/1648
f 1329/962/1657 1318/951/1646 1320/953/1648
f 1310/943/1638 1312/945/1640 1323/956/1651
f 1321/954/1649 1310/943/1638 1323/956/1651
f 1301/934/1629 1312/945/1640 1310/943/1638
f 1299/932/1627 1301/934/1629 1310/943/1638
f 1279/912/1607 1283/916/1611 1301/934/1629
f 1299/932/1627 1279/912/1607 1301/934/1629
f 1284/917/1612 1283/916/1611 1279/912/1607
f 1278/911/1606 1284/917/1612 1279/912/1607
f 1308/941/1636 1330/963/1658 1319/952/1647
f 1297/930/1625 1330/963/1658 1308/941/1636
f 1276/909/1604 1330/963/1658 1297/930/1625
f 1276/909/1604 1275/908/1603 1330/963/1658
f 1248/881/1569 1247/880/1568 1331/879/1659
f 1332/882/1660 1248/881/1569 1331/879/1659
f 1331/879/1659 1333/884/1661 1334/883/1662
f 1332/882/1660 1331/879/1659 1334/883/1662
f 1335/964/1663 1336/894/1664 1334/883/1662
f 1333/884/1661 1335/964/1663 1334/883/1662
f 1336/894/1664 1335/964/1663 1337/886/1665
f 1338/887/1666 1336/894/1664 1337/886/1665
f 1338/887/1666 1337/886/1665 1339/885/1667
f 1340/888/1668 1338/887/1666 1339/885/1667
f 1340/888/1668 1339/885/1667 1256/889/1577
f 1257/890/1578 1340/888/1668 1256/889/1577
f 1258/891/1579 1248/881/1569 1332/882/1660
f 1341/892/1669 1258/891/1579 1332/882/1660
f 1341/892/1669 1332/882/1660 1334/883/1662
f 1342/893/1670 1341/892/1669 1334/883/1662
f 1342/893/1670 1334/883/1662 1336/894/1664
f 1343/895/1671 1342/893/1670 1336/894/1664
f 1343/895/1671 1336/894/1664 1338/887/1666
f 1344/896/1672 1343/895/1671 1338/887/1666
f 1344/896/1672 1338/887/1666 1340/888/1668
f 1345/897/1673 1344/896/1672 1340/888/1668
f 1340/888/1668 1257/890/1578 1265/898/1586
f 1345/897/1673 1340/888/1668 1265/898/1586
f 1266/899/1589 1258/891/1588 1341/892/1674
f 1346/900/1675 1266/899/1589 1341/892/1674
f 1346/900/1675 1341/892/1674 1342/893/1676
f 1347/901/1677 1346/900/1675 1342/893/1676
f 1347/901/1677 1342/893/1676 1343/895/1678
f 1348/902/1679 1347/901/1677 1343/895/1678
f 1348/902/1679 1343/895/1678 1344/896/1680
f 1349/903/1681 1348/902/1679 1344/896/1680
f 1349/903/1681 1344/896/1680 1345/897/1682
f 1350/904/1683 1349/903/1681 1345/897/1682
f 1345/897/1682 1265/898/1600 1272/905/1599
f 1350/904/1683 1345/897/1682 1272/905/1599
f 1273/906/1601 1266/899/1589 1346/900/1675
f 1273/906/1601 1346/900/1675 1347/901/1677
f 1273/906/1601 1347/901/1677 1348/902/1679
f 1273/906/1601 1348/902/1679 1349/903/1681
f 1273/906/1601 1349/903/1681 1350/904/1683
f 1273/906/1601 1350/904/1683 1272/905/1599
f 1351/965/1684 1352/966/1685 1353/268/1686
f 1354/967/1687 1351/965/1684 1353/268/1686
f 1354/967/1687 1353/268/1686 1355/968/1688
f 1356/969/1689 1354/967/1687 1355/968/1688
f 480/970/1690 479/971/1691 1357/972/1692
f 1358/973/1693 480/970/1690 1357/972/1692
f 1359/974/1694 1360/975/1695 1361/976/1696
f 1362/977/1697 1359/974/1694 1361/976/1696
f 477/978/1698 1363/979/1699 1364/980/1700
f 490/981/1701 477/978/1698 1364/980/1700
f 1363/979/1702 1362/977/1697 1361/976/1703
f 1364/980/1704 1363/979/1702 1361/976/1703
f 1359/974/1705 1358/973/1693 1357/972/1706
f 1360/975/1707 1359/974/1705 1357/972/1706
f 1365/982/1708 1366/983/1708 1367/984/1708
f 1365/982/1709 1367/984/1709 1368/985/1709
f 1365/982/1710 1368/985/1710 1369/986/1710
f 1365/982/1711 1369/986/1711 1366/983/1711
f 533/987/1712 1370/988/1713 1357/972/1692
f 479/971/1691 533/987/1712 1357/972/1692
f 1371/989/1714 1372/990/1715 1361/976/1696
f 1360/975/1695 1371/989/1714 1361/976/1696
f 489/991/1716 490/981/1701 1364/980/1700
f 1373/992/1717 489/991/1716 1364/980/1700
f 1373/992/1718 1364/980/1704 1361/976/1703
f 1372/990/1715 1373/992/1718 1361/976/1703
f 1371/989/1719 1360/975/1707 1357/972/1706
f 1370/988/1713 1371/989/1719 1357/972/1706
f 1374/984/1720 1375/983/1720 1376/982/1720
f 1377/985/1721 1374/984/1721 1376/982/1721
f 1378/986/1722 1377/985/1722 1376/982/1722
f 1375/983/1723 1378/986/1723 1376/982/1723
f 1379/993/1724 1380/986/1724 1381/982/1724
f 1382/994/1725 1379/993/1725 1381/982/1725
f 1383/995/1726 1382/994/1726 1381/982/1726
f 1380/986/1727 1383/995/1727 1381/982/1727
f 1384/964/1728 1251/884/1572 1250/883/1571
f 1261/894/1582 1384/964/1728 1250/883/1571
f 1253/886/1574 1384/964/1728 1261/894/1582
f 1254/887/1575 1253/886/1574 1261/894/1582
f 1385/984/1729 1386/983/1729 1387/982/1729
f 1388/985/1730 1385/984/1730 1387/982/1730
f 1389/986/1731 1388/985/1731 1387/982/1731
f 1386/983/1732 1389/986/1732 1387/982/1732
f 1390/982/1733 1391/983/1733 1392/984/1733
f 1390/982/1734 1392/984/1734 1393/985/1734
f 1390/982/1735 1393/985/1735 1394/986/1735
f 1390/982/1736 1394/986/1736 1391/983/1736
f 1395/996/1737 1396/997/1738 1397/998/1739
f 1398/999/1740 1395/996/1737 1397/998/1739
f 1399/1000/1741 1397/998/1742 1396/997/1743
f 1400/1001/1744 1399/1000/1741 1396/997/1743
f 1400/1001/1745 1401/1002/1746 1402/1003/1747
f 1399/1000/1748 1400/1001/1745 1402/1003/1747
f 1403/1004/1749 1404/1005/1750 1405/1006/1751
f 1406/1007/1752 1403/1004/1749 1405/1006/1751
f 1407/1008/1753 1406/1007/1752 1405/1006/1751
f 1408/1009/1754 1407/1008/1753 1405/1006/1751
f 1409/1010/1755 1407/1008/1753 1408/1009/1754
f 1410/1011/1756 1409/1010/1755 1408/1009/1754
f 1411/1012/1757 1412/1013/1758 1413/1014/1759
f 1414/1015/1760 1411/1012/1757 1413/1014/1759
f 1414/1015/1760 1413/1014/1759 1415/1016/1761
f 1416/1017/1762 1414/1015/1760 1415/1016/1761
f 1416/1017/1762 1415/1016/1761 1417/1018/1763
f 1418/1019/1764 1416/1017/1762 1417/1018/1763
f 1404/1005/1765 1411/1012/1766 1414/1015/1767
f 1405/1006/1768 1404/1005/1765 1414/1015/1767
f 1416/1017/1769 1408/1009/1770 1405/1006/1768
f 1414/1015/1767 1416/1017/1769 1405/1006/1768
f 1408/1009/1770 1416/1017/1769 1418/1019/1764
f 1410/1011/1771 1408/1009/1770 1418/1019/1764
f 1397/998/1742 1399/1000/1741 1411/1012/1766
f 1404/1005/1765 1397/998/1742 1411/1012/1766
f 1398/999/1740 1397/998/1739 1404/1005/1750
f 1403/1004/1749 1398/999/1740 1404/1005/1750
f 1399/1000/1748 1402/1003/1747 1412/1013/1758
f 1411/1012/1757 1399/1000/1748 1412/1013/1758
f 529/1020/1772 1395/996/1773 1398/999/1774
f 527/1021/1775 529/1020/1772 1398/999/1774
f 1398/999/1774 1403/1004/1776 531/1022/1777
f 527/1021/1775 1398/999/1774 531/1022/1777
f 531/1022/1777 1403/1004/1776 1406/1007/1778
f 522/1023/1779 531/1022/1777 1406/1007/1778
f 522/1023/1779 1406/1007/1778 1407/1008/1780
f 519/1024/1781 522/1023/1779 1407/1008/1780
f 519/1024/1781 1407/1008/1780 1409/1010/1755
f 537/1025/1782 519/1024/1781 1409/1010/1755
f 1415/1016/1783 290/1026/1784 488/1027/1785
f 1417/1018/1786 1415/1016/1783 488/1027/1785
f 1413/1014/1787 291/1028/1788 290/1026/1784
f 1415/1016/1783 1413/1014/1787 290/1026/1784
f 1412/1013/1789 297/1029/1790 291/1028/1788
f 1413/1014/1787 1412/1013/1789 291/1028/1788
f 1402/1003/1791 294/1030/1792 297/1029/1790
f 1412/1013/1789 1402/1003/1791 297/1029/1790
f 1402/1003/1791 1401/1002/1793 292/1031/1794
f 294/1030/1792 1402/1003/1791 292/1031/1794
f 1410/1011/1756 1371/989/1719 1370/988/1713
f 1409/1010/1755 1410/1011/1756 1370/988/1713
f 1417/1018/1763 1373/992/1718 1372/990/1715
f 1418/1019/1764 1417/1018/1763 1372/990/1715
f 1370/988/1713 533/987/1712 537/1025/1782
f 1409/1010/1755 1370/988/1713 537/1025/1782
f 488/1027/1785 489/991/1716 1373/992/1717
f 1417/1018/1786 488/1027/1785 1373/992/1717
f 1372/990/1715 1371/989/1714 1410/1011/1771
f 1418/1019/1764 1372/990/1715 1410/1011/1771
f 1419/996/1795 1420/999/1796 1421/1032/1797
f 1422/997/1798 1419/996/1795 1421/1032/1797
f 1422/997/1799 1421/1032/1800 1423/1033/1801
f 1424/1001/1802 1422/997/1799 1423/1033/1801
f 1425/1034/1803 1426/1002/1804 1424/1001/1805
f 1423/1033/1806 1425/1034/1803 1424/1001/1805
f 1427/1035/1807 1428/1036/1808 1429/1037/1809
f 1430/1038/1810 1427/1035/1807 1429/1037/1809
f 1429/1037/1809 1428/1036/1808 1431/1039/1811
f 1432/1040/1812 1429/1037/1809 1431/1039/1811
f 1432/1040/1812 1431/1039/1811 1433/1041/1813
f 1434/1042/1814 1432/1040/1812 1433/1041/1813
f 1435/1043/1815 1436/1044/1816 1437/1045/1817
f 1438/1046/1818 1435/1043/1815 1437/1045/1817
f 1439/1047/1819 1437/1045/1817 1436/1044/1816
f 1440/1048/1820 1439/1047/1819 1436/1044/1816
f 1441/1049/1821 1439/1047/1819 1440/1048/1820
f 1442/1050/1822 1441/1049/1821 1440/1048/1820
f 1436/1044/1823 1435/1043/1824 1430/1038/1825
f 1429/1037/1826 1436/1044/1823 1430/1038/1825
f 1440/1048/1827 1436/1044/1823 1429/1037/1826
f 1432/1040/1828 1440/1048/1827 1429/1037/1826
f 1442/1050/1822 1440/1048/1827 1432/1040/1828
f 1434/1042/1829 1442/1050/1822 1432/1040/1828
f 1421/1032/1800 1430/1038/1825 1435/1043/1824
f 1423/1033/1801 1421/1032/1800 1435/1043/1824
f 1430/1038/1810 1421/1032/1797 1420/999/1796
f 1427/1035/1807 1430/1038/1810 1420/999/1796
f 1423/1033/1806 1435/1043/1815 1438/1046/1818
f 1425/1034/1803 1423/1033/1806 1438/1046/1818
f 1420/999/1830 1419/996/1831 360/1020/1832
f 359/1021/1833 1420/999/1830 360/1020/1832
f 368/1051/1834 1427/1035/1835 1420/999/1830
f 359/1021/1833 368/1051/1834 1420/999/1830
f 368/1051/1834 353/1052/1836 1428/1036/1837
f 1427/1035/1835 368/1051/1834 1428/1036/1837
f 353/1052/1836 352/1053/1838 1431/1039/1839
f 1428/1036/1837 353/1052/1836 1431/1039/1839
f 352/1053/1838 487/1054/1840 1433/1041/1813
f 1431/1039/1839 352/1053/1838 1433/1041/1813
f 478/1055/1841 348/1056/1842 1439/1047/1843
f 1441/1049/1844 478/1055/1841 1439/1047/1843
f 348/1056/1842 347/1057/1845 1437/1045/1846
f 1439/1047/1843 348/1056/1842 1437/1045/1846
f 1438/1046/1847 1437/1045/1846 347/1057/1845
f 364/1058/1848 1438/1046/1847 347/1057/1845
f 1425/1034/1849 1438/1046/1847 364/1058/1848
f 232/1030/1850 1425/1034/1849 364/1058/1848
f 349/1031/1851 1426/1002/1852 1425/1034/1849
f 232/1030/1850 349/1031/1851 1425/1034/1849
f 1434/1042/1814 1433/1041/1813 1358/973/1693
f 1359/974/1705 1434/1042/1814 1358/973/1693
f 1441/1049/1821 1442/1050/1822 1362/977/1697
f 1363/979/1702 1441/1049/1821 1362/977/1697
f 1358/973/1693 1433/1041/1813 487/1054/1840
f 480/970/1690 1358/973/1693 487/1054/1840
f 478/1055/1841 1441/1049/1844 1363/979/1699
f 477/978/1698 478/1055/1841 1363/979/1699
f 1362/977/1697 1442/1050/1822 1434/1042/1829
f 1359/974/1694 1362/977/1697 1434/1042/1829
f 1443/1059/1853 1444/1060/1854 1445/1061/1855
f 1446/1062/1856 1447/1063/1857 1448/1064/1858
f 1449/1065/1859 1446/1062/1856 1448/1064/1858
f 1450/1066/1860 1446/1062/1856 1449/1065/1859
f 1451/1067/1861 1448/1064/1858 1447/1063/1857
f 1452/1068/1862 1451/1067/1861 1447/1063/1857
f 1453/1069/1863 1454/1070/1864 1455/1071/1865
f 1451/1067/1861 1453/1069/1863 1455/1071/1865
f 1451/1067/1861 1452/1068/1862 1453/1069/1863
f 1456/1072/1866 1457/1073/1867 1458/1074/1868
f 1455/1071/1865 1459/1075/1869 1456/1072/1866
f 1451/1067/1861 1460/1076/1870 1448/1064/1858
f 1460/1076/1870 1451/1067/1861 1455/1071/1865
f 1461/1077/1871 1462/1078/1872 1463/1079/1873
f 1443/1080/1874 1461/1077/1871 1463/1079/1873
f 1457/1073/1867 1464/1081/1875 1465/1082/1876
f 1462/1078/1872 1457/1073/1867 1465/1082/1876
f 1465/1082/1876 1463/1079/1873 1462/1078/1872
f 1466/1083/1877 1464/1081/1875 1457/1073/1867
f 1459/1075/1869 1466/1083/1877 1457/1073/1867
f 1467/1084/1878 1459/1075/1869 1455/1071/1865
f 1454/1070/1864 1467/1084/1878 1455/1071/1865
f 1466/1083/1877 1459/1075/1869 1467/1084/1878
f 1459/1075/1869 1457/1073/1867 1456/1072/1866
f 1462/1078/1872 1461/1077/1871 1458/1074/1868
f 1457/1073/1867 1462/1078/1872 1458/1074/1868
f 1468/1085/1879 1445/1086/1880 1450/1066/1860
f 1449/1065/1859 1468/1085/1879 1450/1066/1860
f 1448/1064/1858 1469/1087/1881 1468/1085/1879
f 1449/1065/1859 1448/1064/1858 1468/1085/1879
f 1469/1087/1881 1448/1064/1858 1460/1076/1870
f 1456/1072/1866 1460/1076/1870 1455/1071/1865
f 1443/1061/1882 1463/1088/1883 1470/1089/1884
f 1443/1061/1882 1470/1089/1884 1444/1060/1854
f 1464/1090/1885 1471/1091/1886 1472/1092/1887
f 1465/1093/1888 1464/1090/1885 1472/1092/1887
f 1465/1093/1888 1472/1092/1887 1470/1089/1884
f 1463/1088/1883 1465/1093/1888 1470/1089/1884
f 1473/1092/1889 1471/1091/1886 1464/1090/1885
f 1466/1093/1890 1473/1092/1889 1464/1090/1885
f 1466/1093/1890 1467/1094/1891 1474/1095/1892
f 1473/1092/1889 1466/1093/1890 1474/1095/1892
f 1467/1094/1891 1454/1096/1893 1475/1097/1894
f 1474/1095/1892 1467/1094/1891 1475/1097/1894
f 1468/1085/1879 1461/1077/1871 1443/1080/1874
f 1445/1086/1880 1468/1085/1879 1443/1080/1874
f 1469/1087/1881 1458/1074/1868 1461/1077/1871
f 1468/1085/1879 1469/1087/1881 1461/1077/1871
f 1460/1076/1870 1456/1072/1866 1458/1074/1868
f 1469/1087/1881 1460/1076/1870 1458/1074/1868
f 1476/1098/1895 1477/1099/1896 1478/1100/1897
f 1476/1098/1895 1479/1101/1898 1477/1099/1896
f 1476/1098/1895 1480/1102/1899 1479/1101/1898
f 1476/1098/1895 1481/1103/1900 1480/1102/1899
f 1476/1098/1895 1478/1100/1897 1481/1103/1900
f 1478/1100/1897 1477/1099/1896 1482/1104/1901
f 1483/1105/1902 1478/1100/1897 1482/1104/1901
f 1482/1104/1901 1477/1099/1896 1479/1101/1898
f 1484/1106/1903 1482/1104/1901 1479/1101/1898
f 1484/1106/1903 1479/1101/1898 1480/1102/1899
f 1485/1107/1904 1484/1106/1903 1480/1102/1899
f 1485/1107/1904 1480/1102/1899 1481/1103/1900
f 1486/1108/1905 1485/1107/1904 1481/1103/1900
f 1481/1103/1900 1478/1100/1897 1483/1105/1902
f 1486/1108/1905 1481/1103/1900 1483/1105/1902
f 1483/1105/1902 1482/1104/1901 1487/1109/1906
f 1482/1104/1901 1484/1106/1903 1487/1109/1906
f 1484/1106/1903 1485/1107/1904 1487/1109/1906
f 1485/1107/1904 1486/1108/1905 1487/1109/1906
f 1486/1108/1905 1483/1105/1902 1487/1109/1906
f 1488/1110/1907 1475/1111/1908 1489/1112/1909
f 1488/1110/1907 1489/1112/1909 1490/1113/1910
f 1488/1110/1907 1490/1113/1910 1491/1114/1911
f 1488/1110/1907 1491/1114/1911 1492/1115/1912
f 1488/1110/1907 1492/1115/1912 1493/1116/1913
f 1488/1110/1907 1493/1116/1913 1444/1117/1914
f 1488/1110/1907 1444/1117/1914 1470/1118/1915
f 1488/1110/1907 1472/1119/1916 1471/1120/1917
f 1488/1110/1907 1470/1118/1915 1472/1119/1916
f 1488/1110/1907 1471/1120/1917 1473/1121/1918
f 1488/1110/1907 1473/1121/1918 1474/1122/1919
f 1488/1110/1907 1474/1122/1919 1475/1111/1908
f 1493/1089/1920 1450/1088/1921 1445/1061/1855
f 1444/1060/1854 1493/1089/1920 1445/1061/1855
f 1492/1092/1922 1491/1091/1923 1447/1090/1924
f 1446/1093/1925 1492/1092/1922 1447/1090/1924
f 1446/1093/1925 1450/1088/1921 1493/1089/1920
f 1492/1092/1922 1446/1093/1925 1493/1089/1920
f 1490/1092/1926 1452/1093/1927 1447/1090/1924
f 1491/1091/1923 1490/1092/1926 1447/1090/1924
f 1452/1093/1927 1490/1092/1926 1489/1095/1928
f 1453/1094/1929 1452/1093/1927 1489/1095/1928
f 1453/1094/1929 1489/1095/1928 1475/1097/1894
f 1454/1096/1893 1453/1094/1929 1475/1097/1894
f 1494/1123/1930 1495/1124/1931 1496/1125/1932
f 1494/1123/1930 1496/1125/1932 1497/1126/1933
f 1498/1127/1934 1499/1128/1935 1500/1129/1936
f 1501/1130/1937 1498/1127/1934 1500/1129/1936
f 1496/1125/1932 1502/1131/1938 1497/1126/1933
f 1503/1132/1939 1504/1133/1940 1505/1134/1941
f 1500/1129/1936 1495/1124/1931 1494/1123/1930
f 1501/1130/1937 1500/1129/1936 1494/1123/1930
f 1499/1128/1935 1498/1127/1934 1497/1126/1933
f 1502/1131/1938 1499/1128/1935 1497/1126/1933
f 1505/1134/1941 1506/1135/1942 1501/1136/1943
f 1494/1137/1944 1505/1134/1941 1501/1136/1943
f 1503/1132/1939 1505/1134/1941 1494/1137/1944
f 1497/1138/1945 1503/1132/1939 1494/1137/1944
f 1498/1139/1946 1507/1140/1947 1503/1132/1939
f 1497/1138/1945 1498/1139/1946 1503/1132/1939
f 1507/1140/1947 1498/1139/1946 1501/1136/1943
f 1506/1135/1942 1507/1140/1947 1501/1136/1943
f 1503/1132/1939 1507/1140/1947 1504/1133/1940
f 1504/1133/1940 1507/1140/1947 1506/1135/1942
f 1505/1134/1941 1504/1133/1940 1506/1135/1942
f 1508/1125/1948 1509/1124/1949 1510/1123/1950
f 1511/1126/1951 1508/1125/1948 1510/1123/1950
f 1512/1129/1952 1513/1128/1953 1514/1127/1954
f 1515/1130/1955 1512/1129/1952 1514/1127/1954
f 1511/1126/1951 1516/1131/1956 1508/1125/1948
f 1517/1134/1957 1518/1133/1958 1519/1132/1959
f 1512/1129/1952 1515/1130/1955 1510/1123/1950
f 1509/1124/1949 1512/1129/1952 1510/1123/1950
f 1513/1128/1953 1516/1131/1956 1511/1126/1951
f 1514/1127/1954 1513/1128/1953 1511/1126/1951
f 1515/1136/1960 1520/1135/1961 1517/1134/1957
f 1510/1137/1962 1515/1136/1960 1517/1134/1957
f 1519/1132/1959 1511/1138/1963 1510/1137/1962
f 1517/1134/1957 1519/1132/1959 1510/1137/1962
f 1514/1139/1964 1511/1138/1963 1519/1132/1959
f 1521/1140/1965 1514/1139/1964 1519/1132/1959
f 1515/1136/1960 1514/1139/1964 1521/1140/1965
f 1520/1135/1961 1515/1136/1960 1521/1140/1965
f 1518/1133/1958 1521/1140/1965 1519/1132/1959
f 1520/1135/1961 1521/1140/1965 1518/1133/1958
f 1520/1135/1961 1518/1133/1958 1517/1134/1957
usemtl her_obelix01_s01

f 204/48/202 205/49/203 206/50/204
f 207/51/205 204/48/202 206/50/204
f 208/52/206 209/53/207 205/49/203
f 204/48/202 208/52/206 205/49/203
f 210/54/208 211/55/209 209/53/207
f 208/52/206 210/54/208 209/53/207
f 212/56/210 213/57/211 211/55/209
f 210/54/208 212/56/210 211/55/209
f 214/58/212 215/59/213 213/60/214
f 212/61/215 214/58/212 213/60/214
f 214/58/212 216/62/216 217/63/217
f 215/59/213 214/58/212 217/63/217
f 218/64/218 207/51/205 216/62/216
f 219/65/219 218/64/218 216/62/216
f 220/66/220 221/67/221 210/54/208
f 208/52/206 220/66/220 210/54/208
f 212/56/210 210/54/208 221/67/221
f 222/68/222 212/56/210 221/67/221
f 214/58/212 212/61/215 222/69/223
f 221/67/221 223/70/224 224/71/225
f 222/68/222 221/67/221 224/71/225
f 219/65/219 216/62/216 214/58/212
f 222/69/223 219/65/219 214/58/212
f 219/65/219 222/69/223 224/72/226
f 225/73/227 219/65/219 224/72/226
f 226/74/228 204/48/202 207/51/205
f 218/64/218 226/74/228 207/51/205
f 227/75/229 228/76/230 226/74/228
f 218/64/218 227/75/229 226/74/228
f 219/65/219 225/73/227 227/75/229
f 218/64/218 219/65/219 227/75/229
f 220/66/220 208/52/206 204/48/202
f 226/74/228 220/66/220 204/48/202
f 228/76/230 229/77/231 220/66/220
f 226/74/228 228/76/230 220/66/220
f 221/67/221 220/66/220 229/77/231
f 223/70/224 221/67/221 229/77/231
f 216/62/216 207/51/205 230/78/232
f 217/63/217 216/62/216 230/78/232
f 206/50/204 230/78/232 207/51/205
f 231/79/233 232/80/234 233/81/235
f 234/82/236 231/79/233 233/81/235
f 235/83/237 236/84/238 237/85/239
f 238/86/240 239/87/241 240/88/242
f 238/86/240 241/89/243 242/90/244
f 239/87/241 238/86/240 242/90/244
f 243/91/245 244/92/246 245/93/247
f 246/94/248 243/91/245 245/93/247
f 245/93/247 244/92/246 247/95/249
f 247/95/249 244/92/246 243/91/245
f 248/96/250 247/95/249 243/91/245
f 245/93/247 249/97/251 250/98/252
f 246/94/248 245/93/247 250/98/252
f 251/99/253 252/100/254 253/101/255
f 254/102/256 251/99/253 253/101/255
f 254/102/256 253/101/255 255/103/257
f 256/104/258 254/102/256 255/103/257
f 257/105/259 258/106/260 259/107/259
f 260/108/261 257/105/259 259/107/259
f 261/109/262 262/110/263 263/111/264
f 264/112/265 261/109/262 263/111/264
f 265/113/266 261/114/267 264/115/268
f 266/116/269 265/113/266 264/115/268
f 267/117/270 268/118/271 265/113/266
f 266/116/269 267/117/270 265/113/266
f 269/119/272 268/118/271 267/117/270
f 270/120/273 269/119/272 267/117/270
f 234/121/274 269/119/272 270/120/273
f 271/122/275 234/121/274 270/120/273
f 272/123/276 273/124/277 274/125/278
f 275/126/279 272/123/276 274/125/278
f 276/127/280 277/128/281 274/125/278
f 273/124/277 276/127/280 274/125/278
f 278/129/282 279/130/283 276/127/280
f 273/124/277 278/129/282 276/127/280
f 280/131/284 263/111/264 281/132/285
f 275/126/279 280/131/284 281/132/285
f 275/126/279 274/125/278 282/133/286
f 280/131/284 275/126/279 282/133/286
f 282/133/286 274/125/278 277/128/281
f 283/134/287 282/133/286 277/128/281
f 283/134/287 277/128/281 284/135/288
f 285/136/289 283/134/287 284/135/288
f 266/116/269 264/115/268 285/136/289
f 266/116/269 285/136/289 284/135/288
f 267/117/270 266/116/269 284/135/288
f 286/137/290 287/138/291 279/130/283
f 278/129/282 286/137/290 279/130/283
f 288/139/292 286/137/290 278/129/282
f 289/140/293 288/139/292 278/129/282
f 289/140/293 278/129/282 273/124/277
f 272/123/276 289/140/293 273/124/277
f 287/138/291 286/137/290 290/141/294
f 291/142/295 287/138/291 290/141/294
f 292/143/296 293/144/297 231/145/298
f 294/146/299 292/143/296 231/145/298
f 284/135/288 277/128/281 276/127/280
f 295/147/300 284/135/288 276/127/280
f 295/147/300 270/120/273 267/117/270
f 284/135/288 295/147/300 267/117/270
f 295/147/300 296/148/301 271/122/275
f 270/120/273 295/147/300 271/122/275
f 279/130/283 296/148/301 295/147/300
f 276/127/280 279/130/283 295/147/300
f 294/146/299 271/122/275 296/148/301
f 297/149/302 294/146/299 296/148/301
f 287/138/291 297/149/302 296/148/301
f 279/130/283 287/138/291 296/148/301
f 287/138/291 291/142/295 297/149/302
f 298/150/303 288/139/292 289/140/293
f 299/151/304 298/150/303 289/140/293
f 272/123/276 300/152/305 299/151/304
f 289/140/293 272/123/276 299/151/304
f 275/126/279 281/132/285 300/152/305
f 272/123/276 275/126/279 300/152/305
f 298/150/303 299/151/304 301/153/306
f 302/154/307 298/150/303 301/153/306
f 300/152/305 303/155/308 301/153/306
f 299/151/304 300/152/305 301/153/306
f 303/155/308 300/152/305 281/132/285
f 304/156/309 303/155/308 281/132/285
f 281/132/285 263/111/264 262/110/263
f 304/156/309 281/132/285 262/110/263
f 231/145/298 234/121/274 271/122/275
f 294/146/299 231/145/298 271/122/275
f 305/157/310 306/158/311 307/159/312
f 308/160/313 305/157/310 307/159/312
f 309/161/314 310/162/315 311/163/316
f 308/160/313 309/161/314 311/163/316
f 305/157/310 308/160/313 311/163/316
f 309/161/314 312/164/317 313/165/318
f 310/162/315 309/161/314 313/165/318
f 249/97/251 314/166/319 315/167/320
f 316/168/321 249/97/251 315/167/320
f 310/169/322 313/170/323 239/87/241
f 242/90/244 310/169/322 239/87/241
f 245/93/247 247/95/249 314/166/319
f 249/97/251 245/93/247 314/166/319
f 312/164/317 317/171/324 318/172/325
f 313/165/318 312/164/317 318/172/325
f 318/172/325 317/171/324 319/173/326
f 320/174/327 321/175/328 315/167/320
f 314/166/319 320/174/327 315/167/320
f 316/168/321 322/176/329 250/98/252
f 249/97/251 316/168/321 250/98/252
f 238/86/240 240/88/242 322/176/329
f 316/168/321 238/86/240 322/176/329
f 247/95/249 248/96/250 320/174/327
f 314/166/319 247/95/249 320/174/327
f 316/168/321 315/167/320 241/89/243
f 238/86/240 316/168/321 241/89/243
f 321/175/328 323/177/330 241/89/243
f 315/167/320 321/175/328 241/89/243
f 241/89/243 323/177/330 242/90/244
f 261/114/267 324/178/331 325/179/332
f 262/113/333 261/114/267 325/179/332
f 265/110/334 326/180/335 324/112/336
f 261/109/262 265/110/334 324/112/336
f 265/110/334 268/156/337 327/181/338
f 326/180/335 265/110/334 327/181/338
f 269/182/339 328/183/340 327/181/338
f 268/156/337 269/182/339 327/181/338
f 234/82/236 233/81/235 328/183/340
f 269/182/339 234/82/236 328/183/340
f 329/184/341 330/185/342 331/186/343
f 332/187/344 329/184/341 331/186/343
f 333/188/345 332/187/344 331/186/343
f 334/189/346 333/188/345 331/186/343
f 333/188/345 335/190/347 336/191/348
f 332/187/344 333/188/345 336/191/348
f 337/192/349 330/185/342 338/193/350
f 325/179/332 337/192/349 338/193/350
f 339/194/351 331/186/343 330/185/342
f 337/192/349 339/194/351 330/185/342
f 339/194/351 340/195/352 334/189/346
f 331/186/343 339/194/351 334/189/346
f 340/195/352 341/196/353 342/197/354
f 334/189/346 340/195/352 342/197/354
f 341/196/353 324/112/336 326/180/335
f 342/197/354 341/196/353 326/180/335
f 327/181/338 342/197/354 326/180/335
f 335/190/347 343/198/355 344/199/356
f 336/191/348 335/190/347 344/199/356
f 345/200/357 346/201/358 336/191/348
f 344/199/356 345/200/357 336/191/348
f 346/201/358 329/184/341 332/187/344
f 336/191/348 346/201/358 332/187/344
f 343/198/355 347/202/359 348/203/360
f 344/199/356 343/198/355 348/203/360
f 231/79/233 293/204/361 349/205/362
f 232/80/234 231/79/233 349/205/362
f 350/206/363 351/207/364 352/208/365
f 353/209/366 350/206/363 352/208/365
f 354/210/367 351/207/364 350/206/363
f 355/211/368 354/210/367 350/206/363
f 356/212/369 355/211/368 350/206/363
f 357/213/370 356/212/369 350/206/363
f 237/85/239 358/214/371 359/215/372
f 360/83/373 237/85/239 359/215/372
f 236/84/238 361/216/374 358/214/371
f 237/85/239 236/84/238 358/214/371
f 333/188/345 334/189/346 342/197/354
f 362/217/375 333/188/345 342/197/354
f 327/181/338 328/183/340 362/217/375
f 342/197/354 327/181/338 362/217/375
f 362/217/375 328/183/340 233/81/235
f 363/218/376 362/217/375 233/81/235
f 362/217/375 363/218/376 335/190/347
f 333/188/345 362/217/375 335/190/347
f 232/80/234 364/219/377 363/218/376
f 233/81/235 232/80/234 363/218/376
f 363/218/376 364/219/377 343/198/355
f 335/190/347 363/218/376 343/198/355
f 364/219/377 347/202/359 343/198/355
f 365/220/378 366/221/379 346/201/358
f 345/200/357 365/220/378 346/201/358
f 329/184/341 346/201/358 366/221/379
f 367/222/380 329/184/341 366/221/379
f 330/185/342 329/184/341 367/222/380
f 338/193/350 330/185/342 367/222/380
f 368/223/381 357/213/370 350/206/363
f 353/209/366 368/223/381 350/206/363
f 359/215/372 358/214/371 357/213/370
f 368/223/381 359/215/372 357/213/370
f 357/213/370 358/214/371 361/216/374
f 356/212/369 357/213/370 361/216/374
f 365/220/378 302/224/382 301/225/383
f 366/221/379 365/220/378 301/225/383
f 301/225/383 303/226/384 367/222/380
f 366/221/379 301/225/383 367/222/380
f 338/193/350 367/222/380 303/226/384
f 304/118/385 338/193/350 303/226/384
f 338/193/350 304/118/385 262/113/333
f 325/179/332 338/193/350 262/113/333
f 369/227/386 370/228/387 371/229/388
f 372/230/389 369/227/386 371/229/388
f 373/231/390 374/232/391 375/233/392
f 376/234/393 373/231/390 375/233/392
f 377/235/394 375/233/392 374/232/391
f 378/236/395 377/235/394 374/232/391
f 379/237/396 373/231/390 376/234/393
f 380/238/397 379/237/396 376/234/393
f 380/238/397 381/239/398 382/240/399
f 379/237/396 380/238/397 382/240/399
f 381/239/398 380/238/397 383/241/400
f 384/242/401 381/239/398 383/241/400
f 385/243/402 386/244/403 387/245/404
f 388/246/405 385/243/402 387/245/404
f 389/247/406 390/248/407 391/249/408
f 392/250/409 389/247/406 391/249/408
f 386/244/403 385/243/402 392/250/409
f 391/249/408 386/244/403 392/250/409
f 374/232/391 373/231/390 393/251/410
f 394/252/411 374/232/391 393/251/410
f 394/252/411 395/253/412 378/236/395
f 374/232/391 394/252/411 378/236/395
f 386/244/403 396/254/413 397/255/414
f 387/245/404 386/244/403 397/255/414
f 398/256/415 399/257/416 379/237/396
f 382/240/399 398/256/415 379/237/396
f 399/257/416 393/251/410 373/231/390
f 379/237/396 399/257/416 373/231/390
f 396/254/413 386/244/403 391/249/408
f 400/258/417 396/254/413 391/249/408
f 390/248/407 400/258/417 391/249/408
f 376/234/393 375/233/392 401/259/418
f 402/260/419 376/234/393 401/259/418
f 403/261/420 404/262/421 405/263/422
f 383/241/400 406/264/423 407/228/424
f 407/228/424 408/265/425 383/241/400
f 380/238/397 376/234/393 402/260/419
f 383/241/400 380/238/397 402/260/419
f 394/252/411 393/251/410 409/266/426
f 394/252/411 409/266/426 395/253/412
f 400/258/417 409/266/426 396/254/413
f 410/229/427 407/228/424 406/264/423
f 402/260/419 410/229/427 406/264/423
f 401/259/418 405/263/422 404/262/421
f 402/260/419 401/259/418 404/262/421
f 405/263/422 401/259/418 411/267/428
f 401/259/418 375/233/392 377/235/394
f 411/267/428 401/259/418 377/235/394
f 392/250/409 412/268/429 413/269/430
f 389/247/406 392/250/409 413/269/430
f 412/268/429 392/250/409 372/230/389
f 414/270/431 412/268/429 372/230/389
f 402/260/419 406/264/423 383/241/400
f 404/262/421 403/261/420 410/229/427
f 402/260/419 404/262/421 410/229/427
f 371/229/388 415/261/432 414/270/431
f 372/230/389 371/229/388 414/270/431
f 388/246/405 416/271/433 369/227/386
f 372/230/389 388/246/405 369/227/386
f 370/228/387 369/227/386 416/271/433
f 408/265/425 370/228/387 416/271/433
f 412/268/429 414/270/431 415/261/432
f 413/269/430 412/268/429 415/261/432
f 417/272/434 418/273/435 419/274/436
f 420/275/437 417/272/434 419/274/436
f 419/274/436 418/273/435 421/276/438
f 422/277/439 419/274/436 421/276/438
f 423/278/440 424/279/441 425/105/442
f 426/108/443 423/278/440 425/105/442
f 427/107/444 428/106/445 424/279/441
f 423/278/440 427/107/444 424/279/441
f 429/276/446 430/273/447 431/274/448
f 432/277/449 429/276/446 431/274/448
f 431/274/448 430/273/447 433/272/450
f 434/99/451 431/274/448 433/272/450
f 435/280/452 436/276/453 437/273/454
f 438/281/455 435/280/452 437/273/454
f 438/281/455 437/273/454 439/272/456
f 440/99/457 438/281/455 439/272/456
f 441/282/458 442/283/459 443/284/460
f 444/285/461 441/282/458 443/284/460
f 445/286/462 444/285/461 443/284/460
f 446/287/463 445/286/462 443/284/460
f 447/288/464 448/289/465 449/290/466
f 450/291/467 447/288/464 449/290/466
f 447/288/464 451/292/468 452/105/469
f 448/289/465 447/288/464 452/105/469
f 453/282/470 454/283/471 455/284/472
f 456/293/473 453/282/470 455/284/472
f 457/286/474 456/293/473 455/284/472
f 458/287/475 457/286/474 455/284/472
f 459/292/476 460/294/477 461/295/478
f 462/105/479 459/292/476 461/295/478
f 460/294/477 463/291/480 464/290/481
f 461/295/478 460/294/477 464/290/481
f 465/282/482 466/283/483 467/284/484
f 468/293/485 465/282/482 467/284/484
f 469/286/486 468/293/485 467/284/484
f 470/287/487 469/286/486 467/284/484
f 471/284/488 472/287/489 473/286/490
f 474/293/491 471/284/488 473/286/490
f 475/99/492 471/284/488 474/293/491
f 476/282/493 475/99/492 474/293/491
f 477/296/494 365/220/378 345/200/357
f 478/297/495 477/296/494 345/200/357
f 479/298/496 480/299/497 481/300/498
f 482/301/499 479/298/496 481/300/498
f 483/302/500 484/298/501 482/301/499
f 481/300/498 483/302/500 482/301/499
f 485/303/502 486/304/503 483/302/500
f 481/300/498 485/303/502 483/302/500
f 480/299/497 487/305/504 485/303/502
f 481/300/498 480/299/497 485/303/502
f 488/306/505 290/141/294 286/137/290
f 288/139/292 488/306/505 286/137/290
f 288/139/292 298/150/303 489/307/506
f 488/306/505 288/139/292 489/307/506
f 298/150/303 302/154/307 490/308/507
f 489/307/506 298/150/303 490/308/507
f 365/220/378 477/296/494 490/309/508
f 302/224/382 365/220/378 490/309/508
f 344/199/356 348/203/360 478/297/495
f 345/200/357 344/199/356 478/297/495
f 351/207/364 485/303/502 487/305/504
f 352/208/365 351/207/364 487/305/504
f 354/210/367 486/304/503 485/303/502
f 351/207/364 354/210/367 485/303/502
f 324/310/509 341/311/510 491/312/511
f 492/313/512 324/310/509 491/312/511
f 341/311/510 340/314/513 493/315/514
f 491/312/511 341/311/510 493/315/514
f 494/316/515 493/315/514 340/314/513
f 339/317/516 494/316/515 340/314/513
f 494/316/515 339/317/516 337/318/517
f 495/319/518 494/316/515 337/318/517
f 495/320/519 337/321/520 325/322/521
f 496/323/522 495/320/519 325/322/521
f 496/323/522 325/322/521 324/310/509
f 492/313/512 496/323/522 324/310/509
f 497/324/523 494/316/515 495/319/518
f 498/325/524 497/324/523 495/319/518
f 496/323/522 499/326/525 498/327/526
f 495/320/519 496/323/522 498/327/526
f 500/328/527 499/326/525 501/329/528
f 496/323/522 492/313/512 501/329/528
f 499/326/525 496/323/522 501/329/528
f 502/330/529 497/324/523 503/331/530
f 502/330/529 493/315/514 494/316/515
f 497/324/523 502/330/529 494/316/515
f 493/315/514 502/330/529 504/332/531
f 491/312/511 493/315/514 504/332/531
f 505/333/532 500/328/527 501/329/528
f 504/332/531 505/333/532 501/329/528
f 492/313/512 491/312/511 504/332/531
f 501/329/528 492/313/512 504/332/531
f 223/70/224 497/324/523 498/325/524
f 224/71/225 223/70/224 498/325/524
f 499/326/525 225/73/227 224/72/226
f 498/327/526 499/326/525 224/72/226
f 503/331/530 229/77/231 228/76/230
f 505/333/532 503/331/530 228/76/230
f 500/328/527 505/333/532 228/76/230
f 227/75/229 500/328/527 228/76/230
f 229/77/231 503/331/530 497/324/523
f 223/70/224 229/77/231 497/324/523
f 499/326/525 500/328/527 227/75/229
f 225/73/227 499/326/525 227/75/229
f 505/333/532 504/332/531 502/330/529
f 503/331/530 505/333/532 502/330/529
f 506/101/533 507/100/534 508/99/535
f 509/102/536 506/101/533 508/99/535
f 510/103/537 506/101/533 509/102/536
f 511/104/538 510/103/537 509/102/536
f 512/105/539 513/108/540 514/107/539
f 515/106/541 512/105/539 514/107/539
f 516/301/542 517/334/543 518/298/544
f 519/335/545 520/336/546 521/337/547
f 522/338/548 519/335/545 521/337/547
f 521/337/547 520/336/546 523/339/549
f 524/340/550 521/337/547 523/339/549
f 525/341/551 526/342/552 521/337/547
f 524/340/550 525/341/551 521/337/547
f 527/343/553 528/344/554 516/301/542
f 529/298/555 527/343/553 516/301/542
f 528/344/554 530/345/556 517/334/543
f 516/301/542 528/344/554 517/334/543
f 521/337/547 526/342/552 531/346/557
f 522/338/548 521/337/547 531/346/557
f 527/343/553 531/346/557 526/342/552
f 528/344/554 527/343/553 526/342/552
f 530/345/556 528/344/554 526/342/552
f 525/341/551 530/345/556 526/342/552
f 532/347/558 533/348/559 479/83/560
f 482/85/561 532/347/558 479/83/560
f 482/85/561 484/83/562 534/349/563
f 532/347/558 482/85/561 534/349/563
f 535/350/564 532/347/558 534/349/563
f 536/351/565 535/350/564 534/349/563
f 533/348/559 532/347/558 535/350/564
f 537/352/566 533/348/559 535/350/564
f 520/336/546 519/335/545 537/352/566
f 535/350/564 520/336/546 537/352/566
f 523/339/549 520/336/546 535/350/564
f 536/351/565 523/339/549 535/350/564
f 538/353/567 539/354/568 540/355/569
f 541/356/570 538/353/567 540/355/569
f 542/357/571 540/355/569 539/354/568
f 543/358/572 542/357/571 539/354/568
f 544/359/573 542/357/571 543/358/572
f 545/360/574 544/359/573 543/358/572
f 546/361/575 544/359/573 545/360/574
f 547/362/576 546/361/575 545/360/574
f 547/363/577 548/364/578 549/365/579
f 546/366/580 547/363/577 549/365/579
f 550/367/581 551/368/582 549/365/579
f 548/364/578 550/367/581 549/365/579
f 552/369/583 553/370/584 551/368/582
f 541/356/570 552/369/583 551/368/582
f 544/359/573 554/371/585 555/372/586
f 542/357/571 544/359/573 555/372/586
f 546/361/575 556/373/587 554/371/585
f 544/359/573 546/361/575 554/371/585
f 556/374/588 546/366/580 549/365/579
f 554/371/585 556/373/587 557/75/589
f 558/375/590 554/371/585 557/75/589
f 553/370/584 556/374/588 549/365/579
f 551/368/582 553/370/584 549/365/579
f 553/370/584 559/376/591 557/377/592
f 556/374/588 553/370/584 557/377/592
f 560/378/593 552/369/583 541/356/570
f 540/355/569 560/378/593 541/356/570
f 560/378/593 561/379/594 562/380/595
f 552/369/583 560/378/593 562/380/595
f 553/370/584 552/369/583 562/380/595
f 559/376/591 553/370/584 562/380/595
f 555/372/586 560/378/593 540/355/569
f 542/357/571 555/372/586 540/355/569
f 555/372/586 563/381/596 561/379/594
f 560/378/593 555/372/586 561/379/594
f 563/381/596 555/372/586 554/371/585
f 558/375/590 563/381/596 554/371/585
f 564/382/597 541/356/570 551/368/582
f 550/367/581 564/382/597 551/368/582
f 541/356/570 564/382/597 538/353/567
f 565/383/598 285/384/599 264/385/600
f 566/386/601 565/383/598 264/385/600
f 567/387/602 283/388/603 285/384/599
f 565/383/598 567/387/602 285/384/599
f 283/388/603 567/387/602 568/389/604
f 282/322/605 283/388/603 568/389/604
f 568/389/604 569/390/606 280/321/607
f 282/322/605 568/389/604 280/321/607
f 569/391/608 570/392/609 263/393/610
f 280/394/611 569/391/608 263/393/610
f 570/392/609 566/386/601 264/385/600
f 263/393/610 570/392/609 264/385/600
f 571/395/612 572/396/613 569/390/606
f 568/389/604 571/395/612 569/390/606
f 570/392/609 569/391/608 572/397/614
f 573/398/615 570/392/609 572/397/614
f 574/399/616 573/398/615 575/400/617
f 570/392/609 573/398/615 574/399/616
f 566/386/601 570/392/609 574/399/616
f 576/401/618 571/395/612 577/402/619
f 577/402/619 571/395/612 568/389/604
f 567/387/602 577/402/619 568/389/604
f 578/403/620 577/402/619 567/387/602
f 565/383/598 578/403/620 567/387/602
f 579/404/621 578/403/620 574/399/616
f 575/400/617 579/404/621 574/399/616
f 578/403/620 565/383/598 566/386/601
f 574/399/616 578/403/620 566/386/601
f 558/375/590 557/75/589 572/396/613
f 571/395/612 558/375/590 572/396/613
f 573/398/615 572/397/614 557/377/592
f 559/376/591 573/398/615 557/377/592
f 576/401/618 579/404/621 561/379/594
f 563/381/596 576/401/618 561/379/594
f 561/379/594 579/404/621 575/400/617
f 562/380/595 561/379/594 575/400/617
f 563/381/596 558/375/590 571/395/612
f 576/401/618 563/381/596 571/395/612
f 562/380/595 575/400/617 573/398/615
f 559/376/591 562/380/595 573/398/615
f 579/404/621 576/401/618 577/402/619
f 578/403/620 579/404/621 577/402/619
f 580/405/622 581/406/623 243/407/624
f 243/407/624 581/406/623 248/408/625
f 246/409/626 250/410/627 582/411/628
f 583/412/629 584/413/630 582/411/628
f 585/414/631 586/415/632 587/416/633
f 588/417/634 585/414/631 587/416/633
f 587/416/633 320/408/635 589/418/636
f 588/417/634 587/416/633 589/418/636
f 589/418/636 320/408/635 248/419/637
f 589/418/636 248/419/637 581/406/623
f 588/417/634 307/420/638 306/421/639
f 585/414/631 588/417/634 306/421/639
f 321/422/640 320/408/635 587/416/633
f 323/423/641 321/422/640 590/424/642
f 242/425/643 323/423/641 590/424/642
f 587/416/633 586/415/632 590/424/642
f 321/422/640 587/416/633 590/424/642
f 311/426/644 310/427/645 242/425/643
f 590/424/642 311/426/644 242/425/643
f 305/428/646 311/426/644 590/424/642
f 586/415/632 305/428/646 590/424/642
f 585/414/631 306/421/639 305/428/646
f 586/415/632 585/414/631 305/428/646
f 309/429/647 308/430/648 589/418/636
f 581/406/623 309/429/647 589/418/636
f 308/430/648 307/420/638 588/417/634
f 589/418/636 308/430/648 588/417/634
f 591/431/649 582/411/628 592/432/650
f 591/431/649 592/432/650 593/433/651
f 591/431/649 583/412/629 582/411/628
f 322/434/652 592/432/650 582/411/628
f 250/410/627 322/434/652 582/411/628
f 240/435/653 239/436/654 593/433/651
f 592/432/650 322/434/652 240/435/653
f 593/433/651 592/432/650 240/435/653
f 239/436/654 313/437/655 318/438/656
f 593/433/651 239/436/654 318/438/656
f 319/439/657 591/431/649 593/433/651
f 318/438/656 319/439/657 593/433/651
f 246/409/626 582/411/628 584/413/630
f 580/405/622 246/409/626 584/413/630
f 317/440/658 583/412/629 591/431/649
f 319/439/657 317/440/658 591/431/649
f 583/412/629 317/440/658 312/441/659
f 584/413/630 583/412/629 312/441/659
f 309/429/647 581/406/623 580/405/622
f 312/441/659 309/429/647 580/405/622
f 580/405/622 243/407/624 246/409/626
f 584/413/630 312/441/659 580/405/622
f 205/49/203 209/53/207 594/442/660
f 205/49/203 594/442/660 206/50/204
f 206/50/204 594/442/660 230/78/232
f 594/442/660 217/63/217 230/78/232
f 594/442/660 215/59/213 217/63/217
f 215/59/213 594/442/660 213/60/214
f 594/442/660 211/55/209 213/57/211
f 594/442/660 209/53/207 211/55/209
f 595/443/661 543/358/572 539/354/568
f 595/443/661 545/360/574 543/358/572
f 595/443/661 547/362/576 545/360/574
f 547/363/577 595/443/661 548/364/578
f 595/443/661 550/367/581 548/364/578
f 595/443/661 564/382/597 550/367/581
f 564/382/597 595/443/661 538/353/567
f 538/353/567 595/443/661 539/354/568
f 596/88/662 597/87/663 598/86/664
f 599/90/665 600/89/666 598/86/664
f 597/87/663 599/90/665 598/86/664
f 601/91/667 602/94/668 603/93/669
f 604/92/670 601/91/667 603/93/669
f 605/95/671 604/92/670 603/93/669
f 605/95/671 606/96/672 601/91/667
f 604/92/670 605/95/671 601/91/667
f 607/98/673 608/97/674 603/93/669
f 602/94/668 607/98/673 603/93/669
f 609/157/675 610/160/676 611/159/677
f 612/158/678 609/157/675 611/159/677
f 613/163/679 614/162/680 615/161/681
f 610/160/676 609/157/675 613/163/679
f 615/161/681 610/160/676 613/163/679
f 615/161/681 614/162/680 616/165/682
f 617/164/683 615/161/681 616/165/682
f 608/97/674 618/168/684 619/167/685
f 620/166/686 608/97/674 619/167/685
f 614/169/687 599/90/665 597/87/663
f 616/170/688 614/169/687 597/87/663
f 620/166/686 605/95/671 603/93/669
f 608/97/674 620/166/686 603/93/669
f 617/164/683 616/165/682 621/172/689
f 622/171/690 617/164/683 621/172/689
f 623/173/691 622/171/690 621/172/689
f 624/174/692 620/166/686 619/167/685
f 625/175/693 624/174/692 619/167/685
f 607/98/673 626/176/694 618/168/684
f 608/97/674 607/98/673 618/168/684
f 626/176/694 596/88/662 598/86/664
f 618/168/684 626/176/694 598/86/664
f 624/174/692 606/96/672 605/95/671
f 620/166/686 624/174/692 605/95/671
f 618/168/684 598/86/664 600/89/666
f 619/167/685 618/168/684 600/89/666
f 625/175/693 619/167/685 600/89/666
f 627/177/695 625/175/693 600/89/666
f 599/90/665 627/177/695 600/89/666
f 601/407/696 628/406/697 629/405/698
f 606/408/699 628/406/697 601/407/696
f 630/411/700 607/410/701 602/409/702
f 630/411/700 631/413/703 632/412/704
f 633/414/705 634/417/706 635/416/707
f 636/415/708 633/414/705 635/416/707
f 635/416/707 634/417/706 637/418/709
f 624/408/710 635/416/707 637/418/709
f 606/419/711 624/408/710 637/418/709
f 628/406/697 606/419/711 637/418/709
f 634/417/706 633/414/705 612/421/712
f 611/420/713 634/417/706 612/421/712
f 635/416/707 624/408/710 625/422/714
f 638/424/715 625/422/714 627/423/716
f 599/425/717 638/424/715 627/423/716
f 635/416/707 625/422/714 638/424/715
f 636/415/708 635/416/707 638/424/715
f 613/426/718 638/424/715 599/425/717
f 614/427/719 613/426/718 599/425/717
f 638/424/715 613/426/718 609/428/720
f 636/415/708 638/424/715 609/428/720
f 633/414/705 636/415/708 609/428/720
f 612/421/712 633/414/705 609/428/720
f 637/418/709 610/430/721 615/429/722
f 628/406/697 637/418/709 615/429/722
f 634/417/706 611/420/713 610/430/721
f 637/418/709 634/417/706 610/430/721
f 639/432/723 630/411/700 640/431/724
f 641/433/725 639/432/723 640/431/724
f 630/411/700 632/412/704 640/431/724
f 626/434/726 607/410/701 630/411/700
f 639/432/723 626/434/726 630/411/700
f 641/433/725 597/436/727 596/435/728
f 596/435/728 626/434/726 639/432/723
f 641/433/725 596/435/728 639/432/723
f 621/438/729 616/437/730 597/436/727
f 641/433/725 621/438/729 597/436/727
f 623/439/731 621/438/729 641/433/725
f 640/431/724 623/439/731 641/433/725
f 602/409/702 629/405/698 631/413/703
f 630/411/700 602/409/702 631/413/703
f 622/440/732 623/439/731 640/431/724
f 632/412/704 622/440/732 640/431/724
f 617/441/733 622/440/732 632/412/704
f 631/413/703 617/441/733 632/412/704
f 615/429/722 617/441/733 629/405/698
f 628/406/697 615/429/722 629/405/698
f 602/409/702 601/407/696 629/405/698
f 629/405/698 617/441/733 631/413/703
f 409/266/426 393/251/410 399/257/416
f 399/257/416 398/256/415 409/266/426
f 409/266/426 397/255/414 396/254/413
f 405/263/422 411/267/428 408/265/734
f 408/265/734 413/269/430 415/261/432
f 403/261/420 405/263/422 408/265/734
f 408/265/425 384/242/401 383/241/400
f 395/253/412 409/266/426 400/258/417
f 395/253/412 400/258/417 390/248/407
f 378/236/395 395/253/412 390/248/407
f 390/248/407 389/247/406 377/235/394
f 378/236/395 390/248/407 377/235/394
f 377/235/394 389/247/406 413/269/430
f 411/267/428 377/235/394 413/269/430
f 411/267/428 413/269/430 408/265/734
f 408/265/425 416/271/433 384/242/401
f 388/246/405 381/239/398 384/242/401
f 416/271/433 388/246/405 384/242/401
f 388/246/405 387/245/404 382/240/399
f 381/239/398 388/246/405 382/240/399
f 397/255/414 398/256/415 382/240/399
f 387/245/404 397/255/414 382/240/399
f 398/256/415 397/255/414 409/266/426
f 642/444/735 643/445/736 644/446/737
f 645/447/738 642/444/735 644/446/737
f 646/448/739 645/447/738 644/446/737
f 644/446/737 647/449/740 648/450/741
f 648/450/741 646/448/739 644/446/737
f 649/451/742 356/452/743 361/453/744
f 650/454/745 649/451/742 361/453/744
f 651/455/746 652/456/747 653/457/748
f 654/458/749 655/459/750 656/460/751
f 654/458/749 656/460/751 648/461/752
f 647/449/740 644/446/737 643/445/736
f 657/462/753 647/449/740 643/445/736
f 648/461/752 656/460/751 646/463/754
f 654/458/749 653/457/748 652/456/747
f 654/458/749 652/456/747 655/459/750
f 658/464/755 354/465/756 355/466/757
f 355/466/757 356/452/743 659/467/758
f 355/466/757 659/467/758 658/464/755
f 649/451/742 659/467/758 356/452/743
f 354/465/756 658/464/755 657/462/753
f 486/468/759 354/465/756 657/462/753
f 657/462/753 643/445/736 483/469/760
f 486/468/759 657/462/753 483/469/760
f 660/470/761 661/471/762 651/455/746
f 650/454/745 660/470/761 651/455/746
f 653/457/748 659/467/758 649/451/742
f 650/454/745 653/457/748 649/451/742
f 643/445/736 642/444/735 484/472/763
f 483/469/760 643/445/736 484/472/763
f 660/470/761 650/454/745 236/473/764
f 662/474/765 660/470/761 236/473/764
f 361/453/744 236/473/764 650/454/745
f 662/474/765 236/473/764 235/475/766
f 663/476/767 662/474/765 235/475/766
f 664/477/768 665/478/769 666/479/770
f 667/480/771 664/477/768 666/479/770
f 664/477/768 668/481/772 669/482/773
f 670/483/774 664/477/768 669/482/773
f 668/481/772 664/477/768 667/480/771
f 671/484/775 668/481/772 667/480/771
f 672/485/776 673/486/777 668/481/772
f 671/484/775 672/485/776 668/481/772
f 674/487/778 675/488/779 676/489/780
f 673/486/777 674/487/778 676/489/780
f 669/482/773 677/490/781 678/491/782
f 679/492/783 669/482/773 678/491/782
f 676/489/780 675/488/779 680/493/784
f 681/494/785 676/489/780 680/493/784
f 682/495/786 683/496/787 680/493/784
f 675/488/779 682/495/786 680/493/784
f 684/497/788 685/498/789 686/499/790
f 687/500/791 684/497/788 686/499/790
f 675/488/779 674/487/778 686/499/790
f 682/495/786 675/488/779 686/499/790
f 688/501/792 689/502/793 683/496/787
f 682/495/786 688/501/792 683/496/787
f 683/496/787 690/503/794 691/504/795
f 680/493/784 683/496/787 691/504/795
f 683/496/787 689/502/793 692/505/796
f 690/503/794 683/496/787 692/505/796
f 691/504/795 681/494/785 680/493/784
f 678/491/782 692/491/797 689/506/798
f 679/492/783 678/491/782 689/506/798
f 665/507/799 685/498/789 684/497/788
f 666/508/800 665/507/799 684/497/788
f 682/495/786 686/499/790 685/498/789
f 688/501/792 682/495/786 685/498/789
f 693/509/801 687/500/791 686/499/790
f 674/487/778 693/509/801 686/499/790
f 694/510/802 677/490/781 669/482/773
f 676/489/780 694/510/802 669/482/773
f 694/510/802 676/489/780 681/494/785
f 669/482/773 668/481/772 673/486/777
f 676/489/780 669/482/773 673/486/777
f 673/486/777 672/485/776 693/509/801
f 674/487/778 673/486/777 693/509/801
f 688/501/792 685/498/789 665/507/799
f 670/483/774 688/511/803 665/478/769
f 664/477/768 670/483/774 665/478/769
f 669/482/773 679/492/783 670/483/774
f 679/492/783 689/506/798 688/511/803
f 670/483/774 679/492/783 688/511/803
f 658/512/804 659/513/805 667/480/771
f 666/479/770 658/512/804 667/480/771
f 653/514/806 695/515/807 659/513/805
f 696/516/808 647/517/809 657/518/810
f 696/516/808 657/518/810 697/519/811
f 671/484/775 667/480/771 659/513/805
f 671/484/775 659/513/805 695/515/807
f 653/514/806 654/520/812 698/521/813
f 699/522/814 695/515/807 653/514/806
f 698/521/813 699/522/814 653/514/806
f 648/523/815 700/524/816 701/525/817
f 654/520/812 648/523/815 701/525/817
f 698/521/813 654/520/812 701/525/817
f 700/524/816 648/523/815 647/517/809
f 696/516/808 700/524/816 647/517/809
f 671/484/775 695/515/807 699/522/814
f 672/485/776 671/484/775 699/522/814
f 687/500/791 693/509/801 702/526/818
f 696/516/808 687/500/791 702/526/818
f 700/524/816 696/516/808 702/526/818
f 687/500/791 696/516/808 697/519/811
f 697/519/811 684/497/788 687/500/791
f 657/518/810 658/527/819 697/519/811
f 666/508/800 684/497/788 697/519/811
f 658/527/819 666/508/800 697/519/811
f 701/525/817 700/524/816 702/526/818
f 703/528/820 701/525/817 702/526/818
f 703/528/820 693/509/801 672/485/776
f 699/522/814 703/528/820 672/485/776
f 693/509/801 703/528/820 702/526/818
f 701/525/817 703/528/820 699/522/814
f 698/521/813 701/525/817 699/522/814
f 642/444/735 645/447/738 704/446/821
f 705/445/822 642/444/735 704/446/821
f 704/446/821 645/447/738 646/448/739
f 706/529/823 707/449/824 704/446/821
f 704/446/821 646/448/739 706/529/823
f 530/453/825 525/452/826 708/451/827
f 530/453/825 708/451/827 709/454/828
f 710/457/829 711/456/830 712/455/831
f 713/530/832 714/531/833 715/458/834
f 706/532/835 713/530/832 715/458/834
f 707/449/824 716/462/836 705/445/822
f 704/446/821 707/449/824 705/445/822
f 646/463/754 713/530/832 706/532/835
f 711/456/830 710/457/829 715/458/834
f 714/531/833 711/456/830 715/458/834
f 524/466/837 523/465/838 717/464/839
f 718/467/840 525/452/826 524/466/837
f 717/464/839 718/467/840 524/466/837
f 525/452/826 718/467/840 708/451/827
f 523/465/838 536/468/841 716/462/836
f 717/464/839 523/465/838 716/462/836
f 716/462/836 536/468/841 534/469/842
f 705/445/822 716/462/836 534/469/842
f 660/470/761 709/454/828 712/455/831
f 661/471/762 660/470/761 712/455/831
f 710/457/829 709/454/828 708/451/827
f 718/467/840 710/457/829 708/451/827
f 660/470/761 662/474/765 517/473/843
f 709/454/828 660/470/761 517/473/843
f 709/454/828 517/473/843 530/453/825
f 518/475/844 517/473/843 662/474/765
f 663/476/767 518/475/844 662/474/765
f 705/445/822 534/469/842 484/472/763
f 642/444/735 705/445/822 484/472/763
f 650/454/745 651/455/746 653/457/748
f 709/454/828 710/457/829 712/455/831
f 719/533/845 720/534/846 721/535/847
f 722/536/848 719/533/845 721/535/847
f 723/537/849 724/538/850 719/533/845
f 723/537/849 719/533/845 725/539/851
f 720/534/846 719/533/845 724/538/850
f 726/540/852 720/534/846 724/538/850
f 724/538/850 727/541/853 728/542/854
f 726/540/852 724/538/850 728/542/854
f 729/543/855 727/541/853 730/544/856
f 731/545/857 729/543/855 730/544/856
f 732/546/858 731/545/857 733/547/859
f 734/548/860 732/546/858 733/547/859
f 735/549/861 736/550/862 737/551/863
f 738/552/864 735/549/861 737/551/863
f 731/545/857 732/546/858 735/549/861
f 729/543/855 731/545/857 735/549/861
f 739/553/865 732/546/858 734/548/860
f 740/554/866 739/553/865 734/548/860
f 737/551/863 736/550/862 722/555/867
f 721/556/868 737/551/863 722/555/867
f 732/546/858 739/553/865 736/550/862
f 735/549/861 732/546/858 736/550/862
f 741/557/869 729/543/855 735/549/861
f 738/552/864 741/557/869 735/549/861
f 727/541/853 724/538/850 723/537/849
f 730/544/856 727/541/853 723/537/849
f 741/557/869 728/542/854 727/541/853
f 729/543/855 741/557/869 727/541/853
f 722/555/867 736/550/862 739/553/865
f 725/539/851 719/533/845 722/536/848
f 739/558/870 725/539/851 722/536/848
f 739/558/870 740/559/871 742/560/872
f 725/539/851 739/558/870 742/560/872
f 717/561/873 721/535/847 720/534/846
f 718/562/874 717/561/873 720/534/846
f 718/562/874 743/563/875 710/564/876
f 716/565/877 707/566/878 744/567/879
f 745/568/880 716/565/877 744/567/879
f 718/562/874 720/534/846 726/540/852
f 743/563/875 718/562/874 726/540/852
f 746/569/881 710/564/876 747/570/882
f 710/564/876 743/563/875 747/570/882
f 746/569/881 715/571/883 710/564/876
f 748/572/884 749/573/885 706/574/886
f 715/571/883 746/569/881 748/572/884
f 706/574/886 715/571/883 748/572/884
f 749/573/885 744/567/879 707/566/878
f 706/574/886 749/573/885 707/566/878
f 726/540/852 728/542/854 747/570/882
f 743/563/875 726/540/852 747/570/882
f 738/552/864 744/567/879 750/575/887
f 741/557/869 738/552/864 750/575/887
f 750/575/887 744/567/879 749/573/885
f 745/568/880 744/567/879 738/552/864
f 738/552/864 737/551/863 745/568/880
f 745/568/880 717/576/888 716/565/877
f 721/556/868 717/576/888 745/568/880
f 737/551/863 721/556/868 745/568/880
f 748/572/884 751/577/889 750/575/887
f 749/573/885 748/572/884 750/575/887
f 751/577/889 747/570/882 728/542/854
f 741/557/869 751/577/889 728/542/854
f 750/575/887 751/577/889 741/557/869
f 748/572/884 746/569/881 747/570/882
f 751/577/889 748/572/884 747/570/882
f 752/578/890 723/537/849 742/560/872
f 753/579/891 752/578/890 742/560/872
f 733/547/859 731/545/857 730/544/856
f 733/547/859 730/544/856 754/580/892
f 733/547/859 755/581/893 756/582/894
f 734/548/860 733/547/859 756/582/894
f 756/582/894 757/583/895 740/554/866
f 756/582/894 740/554/866 734/548/860
f 733/547/859 754/580/892 755/581/893
f 754/580/892 758/584/896 755/581/893
f 740/559/871 757/585/897 753/579/891
f 742/560/872 740/559/871 753/579/891
f 753/579/891 759/586/898 760/587/899
f 752/578/890 753/579/891 760/587/899
f 761/588/900 762/589/901 763/590/902
f 764/591/903 761/588/900 763/590/902
f 758/584/896 754/580/892 765/592/904
f 763/590/902 758/584/896 765/592/904
f 763/590/902 765/592/904 766/593/905
f 764/591/903 763/590/902 766/593/905
f 762/589/901 761/588/900 767/594/906
f 768/595/907 762/589/901 767/594/906
f 769/596/908 759/586/898 768/597/909
f 767/598/910 769/596/908 768/597/909
f 759/586/898 753/579/891 757/585/897
f 768/597/909 759/586/898 757/585/897
f 769/596/908 770/599/911 760/587/899
f 759/586/898 769/596/908 760/587/899
f 754/580/892 771/600/912 772/601/913
f 765/592/904 754/580/892 772/601/913
f 765/592/904 772/601/913 773/602/914
f 766/593/905 765/592/904 773/602/914
f 770/599/911 773/602/914 772/601/913
f 760/587/899 770/599/911 772/601/913
f 752/578/890 760/587/899 772/601/913
f 771/600/912 752/578/890 772/601/913
f 771/600/912 730/544/856 723/537/849
f 752/578/890 771/600/912 723/537/849
f 754/580/892 730/544/856 771/600/912
f 774/603/915 761/588/900 764/591/903
f 775/604/916 774/603/915 764/591/903
f 766/593/905 776/605/917 775/604/916
f 764/591/903 766/593/905 775/604/916
f 770/599/911 769/596/908 777/606/918
f 778/607/919 770/599/911 777/606/918
f 767/598/910 779/608/920 777/606/918
f 769/596/908 767/598/910 777/606/918
f 761/588/900 774/603/915 779/609/921
f 767/594/906 761/588/900 779/609/921
f 773/602/914 770/599/911 778/607/919
f 778/607/919 776/605/917 766/593/905
f 773/602/914 778/607/919 766/593/905
f 758/584/896 763/590/902 762/589/901
f 780/610/922 758/584/896 762/589/901
f 755/581/893 758/584/896 780/610/922
f 756/582/894 755/581/893 780/610/922
f 780/610/922 762/589/901 768/595/907
f 757/583/895 780/610/922 768/595/907
f 757/583/895 756/582/894 780/610/922
f 781/611/923 782/612/924 777/613/925
f 779/614/926 781/611/923 777/613/925
f 778/615/927 783/616/928 776/617/929
f 784/618/930 785/619/931 775/620/932
f 776/617/929 784/618/930 775/620/932
f 785/619/931 786/621/933 774/622/934
f 785/619/931 774/622/934 775/620/932
f 778/615/927 787/623/935 783/616/928
f 777/613/925 788/624/936 778/615/927
f 789/625/937 784/618/930 790/626/938
f 791/627/939 789/625/937 790/626/938
f 790/626/938 784/618/930 783/616/928
f 792/628/940 791/627/939 790/626/938
f 793/629/941 792/628/940 790/626/938
f 778/615/927 788/624/936 787/623/935
f 788/624/936 777/613/925 782/612/924
f 793/629/941 788/624/936 782/612/924
f 794/630/942 792/628/940 793/629/941
f 782/612/924 794/630/942 793/629/941
f 795/631/943 794/630/942 782/612/924
f 786/621/933 796/632/944 797/633/945
f 781/634/946 786/621/933 797/633/945
f 798/635/947 799/636/948 800/637/949
f 801/638/950 798/635/947 800/637/949
f 798/635/947 802/639/951 803/640/952
f 799/636/948 798/635/947 803/640/952
f 794/641/953 803/640/952 802/639/951
f 789/642/954 794/641/953 802/639/951
f 802/639/951 804/643/955 805/644/956
f 789/642/954 802/639/951 805/644/956
f 804/643/955 802/639/951 798/635/947
f 806/645/957 804/643/955 798/635/947
f 806/645/957 798/635/947 801/638/950
f 807/646/958 806/645/957 801/638/950
f 808/647/959 807/648/960 801/638/950
f 800/637/949 808/647/959 801/638/950
f 809/649/961 808/650/962 800/637/949
f 799/636/948 809/649/961 800/637/949
f 810/651/963 809/649/961 799/636/948
f 803/640/952 810/651/963 799/636/948
f 794/641/953 795/652/964 810/651/963
f 803/640/952 794/641/953 810/651/963
f 795/652/964 805/653/965 804/654/966
f 810/651/963 795/652/964 804/654/966
f 806/655/967 809/649/961 810/651/963
f 804/654/966 806/655/967 810/651/963
f 806/655/967 807/656/968 808/650/962
f 809/649/961 806/655/967 808/650/962
f 796/632/944 786/621/933 785/619/931
f 811/657/969 796/632/944 785/619/931
f 805/658/970 811/657/969 785/619/931
f 784/618/930 805/658/970 785/619/931
f 805/658/970 784/618/930 789/625/937
f 795/631/943 782/612/924 781/611/923
f 812/659/971 795/631/943 781/611/923
f 812/659/971 781/611/923 797/660/972
f 783/616/928 787/623/935 790/626/938
f 813/635/973 814/661/974 815/662/975
f 816/638/976 813/635/973 815/662/975
f 817/639/977 818/663/978 814/661/974
f 813/635/973 817/639/977 814/661/974
f 792/664/979 818/663/978 817/639/977
f 791/642/980 792/664/979 817/639/977
f 819/643/981 789/644/982 791/642/980
f 817/639/977 819/643/981 791/642/980
f 817/639/977 813/635/973 820/645/983
f 819/643/981 817/639/977 820/645/983
f 813/635/973 816/638/976 821/646/984
f 820/645/983 813/635/973 821/646/984
f 822/647/985 821/648/986 816/638/976
f 815/662/975 822/647/985 816/638/976
f 814/661/974 823/649/987 822/650/988
f 815/662/975 814/661/974 822/650/988
f 824/651/989 823/649/987 814/661/974
f 818/663/978 824/651/989 814/661/974
f 792/664/979 794/652/990 824/651/989
f 818/663/978 792/664/979 824/651/989
f 794/652/990 789/653/991 819/654/992
f 824/651/989 794/652/990 819/654/992
f 823/649/987 824/651/989 819/654/992
f 820/655/993 823/649/987 819/654/992
f 820/655/993 821/656/994 822/650/988
f 823/649/987 820/655/993 822/650/988
f 774/622/934 786/621/933 781/634/946
f 779/665/995 774/622/934 781/634/946
f 783/616/928 784/618/930 776/617/929
f 825/635/996 826/636/997 827/637/998
f 828/638/999 825/635/996 827/637/998
f 825/635/996 829/639/1000 830/640/1001
f 826/636/997 825/635/996 830/640/1001
f 795/641/1002 830/640/1001 829/639/1000
f 805/642/1003 795/641/1002 829/639/1000
f 831/643/1004 811/644/1005 805/642/1003
f 829/639/1000 831/643/1004 805/642/1003
f 829/639/1000 825/635/996 832/645/1006
f 831/643/1004 829/639/1000 832/645/1006
f 832/645/1006 825/635/996 828/638/999
f 833/646/1007 832/645/1006 828/638/999
f 827/637/998 834/647/1008 833/648/1009
f 828/638/999 827/637/998 833/648/1009
f 835/649/1010 834/650/1011 827/637/998
f 826/636/997 835/649/1010 827/637/998
f 836/651/1012 835/649/1010 826/636/997
f 830/640/1001 836/651/1012 826/636/997
f 795/641/1002 812/652/1013 836/651/1012
f 830/640/1001 795/641/1002 836/651/1012
f 812/652/1013 811/653/1014 831/654/1015
f 836/651/1012 812/652/1013 831/654/1015
f 832/655/1016 835/649/1010 836/651/1012
f 831/654/1015 832/655/1016 836/651/1012
f 832/655/1016 833/656/1017 834/650/1011
f 835/649/1010 832/655/1016 834/650/1011
f 837/635/1018 838/638/1019 839/662/1020
f 840/661/1021 837/635/1018 839/662/1020
f 841/639/1022 837/635/1018 840/661/1021
f 842/663/1023 841/639/1022 840/661/1021
f 797/664/1024 796/642/1025 841/639/1022
f 842/663/1023 797/664/1024 841/639/1022
f 843/643/1026 841/639/1022 796/642/1025
f 811/644/1005 843/643/1026 796/642/1025
f 841/639/1022 843/643/1026 844/645/1027
f 837/635/1018 841/639/1022 844/645/1027
f 838/638/1019 837/635/1018 844/645/1027
f 845/646/1028 838/638/1019 844/645/1027
f 846/647/1029 839/662/1020 838/638/1019
f 845/648/1030 846/647/1029 838/638/1019
f 847/649/1031 840/661/1021 839/662/1020
f 846/650/1032 847/649/1031 839/662/1020
f 848/651/1033 842/663/1023 840/661/1021
f 847/649/1031 848/651/1033 840/661/1021
f 812/652/1013 797/664/1024 842/663/1023
f 848/651/1033 812/652/1013 842/663/1023
f 811/653/1014 812/652/1013 848/651/1033
f 843/654/1034 811/653/1014 848/651/1033
f 847/649/1031 844/655/1035 843/654/1034
f 848/651/1033 847/649/1031 843/654/1034
f 844/655/1035 847/649/1031 846/650/1032
f 845/656/1036 844/655/1035 846/650/1032
f 849/611/1037 850/614/1038 851/613/1039
f 852/612/1040 849/611/1037 851/613/1039
f 853/617/1041 854/616/1042 855/615/1043
f 856/620/1044 857/619/1045 858/618/1046
f 853/617/1041 856/620/1044 858/618/1046
f 859/622/1047 860/621/1048 857/619/1045
f 856/620/1044 859/622/1047 857/619/1045
f 854/616/1042 861/623/1049 855/615/1043
f 855/615/1043 862/624/1050 851/613/1039
f 863/626/1051 858/618/1046 864/625/1052
f 865/627/1053 863/626/1051 864/625/1052
f 854/616/1042 858/618/1046 863/626/1051
f 866/628/1054 867/629/1055 863/626/1051
f 865/627/1053 866/628/1054 863/626/1051
f 861/623/1049 862/624/1050 855/615/1043
f 862/624/1050 867/629/1055 852/612/1040
f 851/613/1039 862/624/1050 852/612/1040
f 868/630/1056 852/612/1040 867/629/1055
f 866/628/1054 868/630/1056 867/629/1055
f 852/612/1040 868/630/1056 869/631/1057
f 860/621/1048 849/634/1058 870/633/1059
f 871/632/1060 860/621/1048 870/633/1059
f 872/635/1061 873/638/1062 874/637/1063
f 875/636/1064 872/635/1061 874/637/1063
f 876/640/1065 877/639/1066 872/635/1061
f 875/636/1064 876/640/1065 872/635/1061
f 868/641/1067 864/642/1068 877/639/1066
f 876/640/1065 868/641/1067 877/639/1066
f 878/644/1069 879/643/1070 877/639/1066
f 864/642/1068 878/644/1069 877/639/1066
f 872/635/1061 877/639/1066 879/643/1070
f 880/645/1071 872/635/1061 879/643/1070
f 873/638/1062 872/635/1061 880/645/1071
f 881/646/1072 873/638/1062 880/645/1071
f 882/647/1073 874/637/1063 873/638/1062
f 881/648/1074 882/647/1073 873/638/1062
f 883/649/1075 875/636/1064 874/637/1063
f 882/650/1076 883/649/1075 874/637/1063
f 884/651/1077 876/640/1065 875/636/1064
f 883/649/1075 884/651/1077 875/636/1064
f 868/641/1067 876/640/1065 884/651/1077
f 869/652/1078 868/641/1067 884/651/1077
f 869/652/1078 884/651/1077 879/654/1079
f 878/653/1080 869/652/1078 879/654/1079
f 884/651/1077 883/649/1075 880/655/1081
f 879/654/1079 884/651/1077 880/655/1081
f 880/655/1081 883/649/1075 882/650/1076
f 881/656/1082 880/655/1081 882/650/1076
f 857/619/1045 860/621/1048 871/632/1060
f 857/619/1045 871/632/1060 885/657/1083
f 878/658/1084 858/618/1046 857/619/1045
f 885/657/1083 878/658/1084 857/619/1045
f 864/625/1052 858/618/1046 878/658/1084
f 849/611/1037 852/612/1040 869/631/1057
f 886/659/1085 849/611/1037 869/631/1057
f 870/660/1086 849/611/1037 886/659/1085
f 863/626/1051 861/623/1049 854/616/1042
f 887/635/1087 888/638/1088 889/662/1089
f 890/661/1090 887/635/1087 889/662/1089
f 891/639/1091 887/635/1087 890/661/1090
f 892/663/1092 891/639/1091 890/661/1090
f 866/664/1093 865/642/1094 891/639/1091
f 892/663/1092 866/664/1093 891/639/1091
f 893/643/1095 891/639/1091 865/642/1094
f 864/644/1096 893/643/1095 865/642/1094
f 891/639/1091 893/643/1095 894/645/1097
f 887/635/1087 891/639/1091 894/645/1097
f 887/635/1087 894/645/1097 895/646/1098
f 888/638/1088 887/635/1087 895/646/1098
f 896/647/1099 889/662/1089 888/638/1088
f 895/648/1100 896/647/1099 888/638/1088
f 896/650/1101 897/649/1102 890/661/1090
f 889/662/1089 896/650/1101 890/661/1090
f 898/651/1103 892/663/1092 890/661/1090
f 897/649/1102 898/651/1103 890/661/1090
f 866/664/1093 892/663/1092 898/651/1103
f 868/652/1104 866/664/1093 898/651/1103
f 868/652/1104 898/651/1103 893/654/1105
f 864/653/1106 868/652/1104 893/654/1105
f 897/649/1102 894/655/1107 893/654/1105
f 898/651/1103 897/649/1102 893/654/1105
f 894/655/1107 897/649/1102 896/650/1101
f 895/656/1108 894/655/1107 896/650/1101
f 859/622/1047 850/665/1109 849/634/1058
f 860/621/1048 859/622/1047 849/634/1058
f 853/617/1041 858/618/1046 854/616/1042
f 899/635/1110 900/638/1111 901/637/1112
f 902/636/1113 899/635/1110 901/637/1112
f 903/640/1114 904/639/1115 899/635/1110
f 902/636/1113 903/640/1114 899/635/1110
f 869/641/1116 878/642/1117 904/639/1115
f 903/640/1114 869/641/1116 904/639/1115
f 905/643/1118 904/639/1115 878/642/1117
f 885/644/1119 905/643/1118 878/642/1117
f 904/639/1115 905/643/1118 906/645/1120
f 899/635/1110 904/639/1115 906/645/1120
f 900/638/1111 899/635/1110 906/645/1120
f 907/646/1121 900/638/1111 906/645/1120
f 907/648/1122 908/647/1123 901/637/1112
f 900/638/1111 907/648/1122 901/637/1112
f 909/649/1124 902/636/1113 901/637/1112
f 908/650/1125 909/649/1124 901/637/1112
f 910/651/1126 903/640/1114 902/636/1113
f 909/649/1124 910/651/1126 902/636/1113
f 869/641/1116 903/640/1114 910/651/1126
f 886/652/1127 869/641/1116 910/651/1126
f 886/652/1127 910/651/1126 905/654/1128
f 885/653/1129 886/652/1127 905/654/1128
f 910/651/1126 909/649/1124 906/655/1130
f 905/654/1128 910/651/1126 906/655/1130
f 906/655/1130 909/649/1124 908/650/1125
f 907/656/1131 906/655/1130 908/650/1125
f 911/635/1132 912/661/1133 913/662/1134
f 914/638/1135 911/635/1132 913/662/1134
f 915/639/1136 916/663/1137 912/661/1133
f 911/635/1132 915/639/1136 912/661/1133
f 870/664/1138 916/663/1137 915/639/1136
f 871/642/1139 870/664/1138 915/639/1136
f 917/643/1140 885/644/1119 871/642/1139
f 915/639/1136 917/643/1140 871/642/1139
f 915/639/1136 911/635/1132 918/645/1141
f 917/643/1140 915/639/1136 918/645/1141
f 918/645/1141 911/635/1132 914/638/1135
f 919/646/1142 918/645/1141 914/638/1135
f 920/647/1143 919/648/1144 914/638/1135
f 913/662/1134 920/647/1143 914/638/1135
f 921/649/1145 920/650/1146 913/662/1134
f 912/661/1133 921/649/1145 913/662/1134
f 922/651/1147 921/649/1145 912/661/1133
f 916/663/1137 922/651/1147 912/661/1133
f 916/663/1137 870/664/1138 886/652/1127
f 922/651/1147 916/663/1137 886/652/1127
f 922/651/1147 886/652/1127 885/653/1129
f 917/654/1148 922/651/1147 885/653/1129
f 921/649/1145 922/651/1147 917/654/1148
f 918/655/1149 921/649/1145 917/654/1148
f 918/655/1149 919/656/1150 920/650/1146
f 921/649/1145 918/655/1149 920/650/1146
f 787/666/1151 923/667/1152 924/668/1153
f 790/669/1154 787/666/1151 924/668/1153
f 925/670/1155 924/668/1153 923/667/1152
f 926/671/1156 925/670/1155 923/667/1152
f 793/672/1157 790/669/1154 924/668/1153
f 927/673/1158 793/672/1157 924/668/1153
f 927/673/1158 924/668/1153 925/670/1155
f 928/674/1159 927/673/1158 925/670/1155
f 928/674/1159 925/670/1155 926/675/1160
f 929/676/1161 928/674/1159 926/675/1160
f 929/677/1162 926/671/1156 923/667/1152
f 930/678/1163 929/677/1162 923/667/1152
f 930/678/1163 923/667/1152 787/666/1151
f 788/679/1164 930/678/1163 787/666/1151
f 930/673/1165 927/673/1158 928/674/1159
f 929/674/1166 930/673/1165 928/674/1159
f 788/672/1167 793/672/1157 927/673/1158
f 930/673/1165 788/672/1167 927/673/1158
f 931/668/1168 932/667/1169 861/666/1170
f 863/669/1171 931/668/1168 861/666/1170
f 932/667/1169 931/668/1168 933/670/1172
f 934/671/1173 932/667/1169 933/670/1172
f 867/672/1174 935/673/1175 931/668/1168
f 863/669/1171 867/672/1174 931/668/1168
f 935/673/1175 936/674/1176 933/670/1172
f 931/668/1168 935/673/1175 933/670/1172
f 936/674/1176 937/676/1177 934/675/1178
f 933/670/1172 936/674/1176 934/675/1178
f 937/677/1179 938/678/1180 932/667/1169
f 934/671/1173 937/677/1179 932/667/1169
f 938/678/1180 862/679/1181 861/666/1170
f 932/667/1169 938/678/1180 861/666/1170
f 936/674/1176 935/673/1175 938/673/1182
f 937/674/1183 936/674/1176 938/673/1182
f 862/672/1184 938/673/1182 935/673/1175
f 867/672/1174 862/672/1184 935/673/1175
f 939/680/1185 940/681/1186 941/682/1187
f 942/683/1188 939/680/1185 941/682/1187
f 943/684/1189 944/685/1190 945/686/1191
f 942/687/1192 943/684/1189 945/686/1191
f 944/685/1190 946/688/1193 939/680/1185
f 945/686/1191 944/685/1190 939/680/1185
f 947/689/1194 948/690/1195 949/691/1196
f 950/692/1197 947/689/1194 949/691/1196
f 951/693/1198 952/694/1199 953/695/1200
f 954/696/1201 951/693/1198 953/695/1200
f 953/695/1200 952/694/1199 946/688/1193
f 944/685/1190 953/695/1200 946/688/1193
f 940/681/1186 952/694/1199 951/693/1198
f 940/681/1186 939/680/1185 946/688/1193
f 952/694/1199 940/681/1186 946/688/1193
f 948/690/1195 941/682/1187 940/681/1186
f 949/691/1196 948/690/1195 940/681/1186
f 949/691/1196 940/681/1186 951/693/1198
f 942/683/1188 945/686/1191 939/680/1185
f 954/696/1201 950/692/1197 949/691/1196
f 951/693/1198 954/696/1201 949/691/1196
f 954/696/1201 955/697/1202 950/698/1203
f 954/696/1201 953/695/1200 955/697/1202
f 943/684/1189 955/697/1202 953/695/1200
f 944/685/1190 943/684/1189 953/695/1200
f 956/699/1204 957/700/1205 958/701/1206
f 959/702/1207 956/699/1204 958/701/1206
f 960/703/1208 961/704/1209 962/705/1210
f 963/706/1211 960/703/1208 962/705/1210
f 964/707/1212 963/706/1211 962/705/1210
f 965/708/1213 960/703/1208 963/706/1211
f 966/709/1214 965/708/1213 963/706/1211
f 967/710/1215 968/711/1216 969/712/1217
f 966/709/1214 970/713/1218 971/714/1219
f 968/711/1216 966/709/1214 971/714/1219
f 970/713/1218 966/709/1214 963/706/1211
f 964/707/1212 970/713/1218 963/706/1211
f 972/715/1220 973/716/1221 974/717/1222
f 969/712/1217 972/715/1220 974/717/1222
f 971/714/1219 972/715/1220 969/712/1217
f 968/711/1216 971/714/1219 969/712/1217
f 967/710/1215 965/708/1213 966/709/1214
f 968/711/1216 967/710/1215 966/709/1214
f 646/718/1223 975/719/1224 976/720/1225
f 713/721/1226 646/718/1223 976/720/1225
f 943/722/1227 713/721/1226 976/720/1225
f 955/723/1228 977/724/1229 950/725/1230
f 950/725/1230 977/724/1229 960/703/1208
f 965/708/1213 950/725/1230 960/703/1208
f 977/724/1229 978/726/1231 961/704/1209
f 960/703/1208 977/724/1229 961/704/1209
f 979/727/1232 967/710/1215 980/728/1233
f 967/710/1215 969/712/1217 980/728/1233
f 956/699/1204 959/702/1207 948/729/1234
f 947/730/1235 956/699/1204 948/729/1234
f 965/708/1213 967/710/1215 981/731/1236
f 950/725/1230 965/708/1213 981/731/1236
f 957/700/1205 956/699/1204 981/731/1236
f 982/732/1237 957/700/1205 981/731/1236
f 947/730/1235 981/731/1236 956/699/1204
f 967/710/1215 979/727/1232 982/732/1237
f 981/731/1236 967/710/1215 982/732/1237
f 980/728/1233 969/712/1217 974/717/1222
f 947/730/1235 950/725/1230 981/731/1236
f 976/720/1225 977/724/1229 955/723/1228
f 943/722/1227 976/720/1225 955/723/1228
f 975/719/1224 978/726/1231 977/724/1229
f 976/720/1225 975/719/1224 977/724/1229
f 983/733/1238 984/734/1239 985/735/1240
f 986/736/1241 987/737/1242 985/735/1243
f 988/738/1244 989/739/1245 990/740/1246
f 942/741/1247 713/721/1226 943/722/1227
f 991/742/1248 992/743/1249 993/744/1250
f 994/745/1251 942/741/1247 941/746/1252
f 948/729/1253 994/745/1251 941/746/1252
f 995/747/1254 985/735/1243 996/748/1255
f 997/749/1256 998/750/1257 999/751/1258
f 1000/752/1259 997/749/1256 999/751/1258
f 1000/752/1259 1001/753/1260 1002/754/1261
f 997/749/1256 1000/752/1259 1002/754/1261
f 1002/754/1261 1003/755/1262 1004/756/1263
f 1004/756/1263 1005/757/1264 1006/758/1265
f 1007/759/1266 1004/756/1263 1006/758/1265
f 1008/760/1267 1009/761/1268 997/749/1256
f 1002/754/1261 1008/760/1267 997/749/1256
f 1010/762/1269 1011/763/1270 1012/764/1271
f 1007/759/1266 1010/762/1269 1012/764/1271
f 1013/765/1272 13/766/1273 1014/767/1274
f 1011/763/1270 1013/765/1272 1014/767/1274
f 1014/767/1274 13/766/1273 170/768/1275
f 1009/761/1268 1015/769/1276 998/750/1257
f 997/749/1256 1009/761/1268 998/750/1257
f 1014/767/1274 170/768/1275 1015/769/1276
f 1016/770/1277 1014/767/1274 1015/769/1276
f 1012/764/1271 1016/770/1277 1009/761/1268
f 1008/760/1267 1012/764/1271 1009/761/1268
f 1011/763/1270 1014/767/1274 1016/770/1277
f 1012/764/1271 1011/763/1270 1016/770/1277
f 1007/759/1266 1012/764/1271 1008/760/1267
f 1004/756/1263 1007/759/1266 1008/760/1267
f 1010/762/1269 1013/765/1272 1011/763/1270
f 1017/771/1278 995/747/1254 999/751/1258
f 998/750/1257 1017/771/1278 999/751/1258
f 1017/771/1278 998/750/1257 1015/769/1276
f 1018/772/1279 1019/773/1280 1020/774/1281
f 1019/773/1280 1021/775/1282 1022/776/1283
f 1020/774/1281 1019/773/1280 1022/776/1283
f 948/729/1253 958/701/1206 994/745/1251
f 1023/777/1284 711/778/1285 714/779/1286
f 993/744/1250 994/745/1251 958/701/1206
f 1024/780/1287 993/744/1250 958/701/1206
f 1025/781/1288 1024/780/1287 958/701/1206
f 1026/782/1289 994/745/1251 993/744/1250
f 714/779/1286 713/721/1226 942/741/1247
f 994/745/1251 714/779/1286 942/741/1247
f 1027/783/1290 1028/784/1291 988/738/1244
f 990/740/1246 1027/783/1290 988/738/1244
f 1024/780/1287 1029/785/1292 993/744/1250
f 1024/780/1287 1030/786/1293 1015/769/1276
f 1029/785/1292 1024/780/1287 1015/769/1276
f 1017/771/1278 1031/787/1294 1032/788/1295
f 983/733/1296 995/747/1254 1017/771/1278
f 1017/771/1278 1032/788/1295 983/733/1296
f 990/740/1246 1033/789/1297 1020/774/1281
f 1027/783/1290 990/740/1246 1020/774/1281
f 1022/776/1283 1034/790/1298 1027/783/1290
f 1020/774/1281 1022/776/1283 1027/783/1290
f 1028/784/1291 1027/783/1290 1034/790/1298
f 1022/776/1283 1021/775/1282 1035/791/1299
f 1022/776/1283 1035/791/1299 1034/790/1298
f 1036/792/1300 1026/782/1289 992/743/1249
f 1034/790/1298 1036/792/1300 992/743/1249
f 994/745/1251 1026/782/1289 1023/777/1284
f 714/779/1286 994/745/1251 1023/777/1284
f 1028/784/1291 1034/790/1298 992/743/1249
f 993/744/1250 992/743/1249 1026/782/1289
f 661/793/1301 712/794/1302 1037/795/1303
f 1038/796/1304 661/793/1301 1037/795/1303
f 712/794/1302 711/778/1285 1023/777/1284
f 1037/795/1303 712/794/1302 1023/777/1284
f 1036/792/1300 1037/795/1303 1023/777/1284
f 1026/782/1289 1036/792/1300 1023/777/1284
f 1036/792/1300 1039/797/1305 1038/796/1304
f 1037/795/1303 1036/792/1300 1038/796/1304
f 1036/792/1300 1034/790/1298 1035/791/1299
f 1039/797/1305 1036/792/1300 1035/791/1299
f 989/739/1245 1040/798/1306 1033/789/1297
f 990/740/1246 989/739/1245 1033/789/1297
f 1018/772/1279 1020/774/1281 1033/789/1297
f 1018/772/1279 1033/789/1297 1040/798/1306
f 988/738/1244 1028/784/1291 992/743/1249
f 992/743/1249 991/742/1248 988/738/1244
f 1041/799/1307 1042/800/1308 1043/801/1309
f 1025/781/1288 958/701/1206 957/700/1205
f 1044/802/1310 1025/781/1288 957/700/1205
f 1045/803/1311 987/737/1242 986/736/1241
f 1046/804/1312 1045/803/1311 986/736/1241
f 974/717/1222 973/716/1221 1047/805/1313
f 987/737/1242 974/717/1222 1047/805/1313
f 980/728/1233 974/717/1222 987/737/1242
f 1045/803/1311 980/728/1233 987/737/1242
f 1002/754/1261 1004/756/1263 1008/760/1267
f 1003/755/1262 1005/757/1264 1004/756/1263
f 1001/753/1260 1003/755/1262 1002/754/1261
f 1046/804/1312 1043/801/1309 1044/802/1310
f 979/727/1232 980/728/1233 1045/803/1311
f 1048/806/1314 979/727/1232 1045/803/1311
f 1031/787/1294 1017/771/1278 1030/786/1293
f 1042/800/1308 1031/787/1294 1030/786/1293
f 1017/771/1278 1015/769/1276 1030/786/1293
f 1030/786/1293 1024/780/1287 1025/781/1288
f 1042/800/1308 1030/786/1293 1025/781/1288
f 982/732/1237 1048/806/1314 1044/802/1310
f 957/700/1205 982/732/1237 1044/802/1310
f 982/732/1237 979/727/1232 1048/806/1314
f 1016/770/1277 1015/769/1276 1009/761/1268
f 1049/807/1315 1010/762/1269 1007/759/1266
f 1006/758/1265 1049/807/1315 1007/759/1266
f 1050/808/1316 1013/765/1272 1010/762/1269
f 1049/807/1315 1050/808/1316 1010/762/1269
f 1051/809/1317 13/766/1273 1013/765/1272
f 1050/808/1316 1051/809/1317 1013/765/1272
f 170/768/1275 1029/785/1292 1015/769/1276
f 1029/785/1292 170/768/1275 993/744/1250
f 993/744/1250 170/768/1275 991/742/1248
f 170/768/1275 13/766/1273 991/742/1248
f 984/810/1318 1032/811/1319 1031/812/1320
f 1052/813/1321 984/810/1318 1031/812/1320
f 1031/812/1320 1042/814/1322 1041/815/1323
f 1052/813/1321 1031/812/1320 1041/815/1323
f 959/816/1324 958/817/1325 1053/818/1326
f 1054/819/1327 959/816/1324 1053/818/1326
f 942/820/1328 941/821/1329 1054/819/1327
f 1055/822/1330 1056/823/1331 942/820/1328
f 1054/819/1327 1055/822/1330 942/820/1328
f 1054/819/1327 1053/818/1326 1057/824/1332
f 1055/822/1330 1054/819/1327 1057/824/1332
f 1057/824/1332 1053/818/1326 1058/825/1333
f 1056/823/1331 1057/824/1332 1058/825/1333
f 942/820/1328 1056/823/1331 1058/825/1333
f 941/821/1334 942/820/1328 1058/825/1333
f 948/826/1335 941/821/1334 1058/825/1333
f 958/817/1325 948/826/1335 1058/825/1333
f 1053/818/1326 958/817/1325 1058/825/1333
f 959/816/1324 1054/819/1327 941/821/1329
f 948/826/1336 959/816/1324 941/821/1329
f 1059/827/1337 1060/828/1338 1061/829/1339
f 1059/827/1337 1061/829/1339 1062/830/1340
f 1063/831/1341 1059/827/1337 1062/830/1340
f 1063/831/1341 1062/830/1340 1064/832/1342
f 1055/822/1330 1059/827/1337 1063/831/1341
f 1055/822/1330 1063/831/1341 1056/823/1331
f 1057/824/1332 1060/828/1338 1059/827/1337
f 1055/822/1330 1057/824/1332 1059/827/1337
f 1065/833/1343 1060/828/1338 1057/824/1332
f 1061/829/1339 1060/828/1338 1065/833/1343
f 1061/829/1339 1065/833/1343 1064/832/1342
f 1063/831/1341 1065/833/1343 1056/823/1331
f 1064/832/1342 1065/833/1343 1063/831/1341
f 1061/829/1339 1066/834/1344 1067/835/1345
f 1061/829/1339 1067/835/1345 1062/830/1340
f 1062/830/1340 1067/835/1345 1068/836/1346
f 1062/830/1340 1068/836/1346 1064/832/1342
f 1069/837/1347 1070/838/1348 1068/836/1346
f 1067/835/1345 1069/837/1347 1068/836/1346
f 1071/839/1349 1069/837/1347 1067/835/1345
f 1066/834/1344 1071/839/1349 1067/835/1345
f 1071/839/1349 1066/834/1344 1072/840/1350
f 1070/838/1348 1071/839/1349 1072/840/1350
f 1072/840/1350 1066/834/1344 1061/829/1339
f 1072/840/1350 1061/829/1339 1064/832/1342
f 1068/836/1346 1070/838/1348 1072/840/1350
f 1064/832/1342 1068/836/1346 1072/840/1350
f 1073/841/1351 1074/842/1352 1075/843/1353
f 1075/843/1353 1074/842/1352 1076/844/1354
f 1069/837/1347 1075/843/1353 1076/844/1354
f 1069/837/1347 1076/844/1354 1070/838/1348
f 1071/839/1349 1073/841/1351 1075/843/1353
f 1069/837/1347 1071/839/1349 1075/843/1353
f 1077/845/1355 1073/841/1351 1071/839/1349
f 1070/838/1348 1077/845/1355 1071/839/1349
f 1074/842/1352 1073/841/1351 1077/845/1355
f 1076/844/1354 1077/845/1355 1070/838/1348
f 1074/842/1352 1077/845/1355 1076/844/1354
f 988/846/1356 1078/847/1357 989/848/1358
f 1051/849/1359 1079/850/1360 1080/851/1361
f 1079/850/1360 1078/847/1357 988/846/1356
f 1080/851/1361 1079/850/1360 988/846/1356
f 1051/849/1359 1080/851/1361 991/852/1362
f 13/853/1363 1051/849/1359 991/852/1362
f 1080/851/1361 988/846/1356 991/852/1362
f 1081/854/1364 1079/850/1360 1051/849/1359
f 9/855/1365 1081/854/1364 1051/849/1359
f 1081/854/1364 1078/847/1357 1079/850/1360
f 1082/680/1366 1083/683/1367 1084/682/1368
f 1085/681/1369 1082/680/1366 1084/682/1368
f 1086/686/1370 1087/685/1371 1088/684/1372
f 1086/686/1370 1088/684/1372 1083/687/1373
f 1087/685/1371 1086/686/1370 1082/680/1366
f 1089/688/1374 1087/685/1371 1082/680/1366
f 1090/689/1375 1091/692/1376 1092/691/1377
f 1093/690/1378 1090/689/1375 1092/691/1377
f 1094/693/1379 1095/696/1380 1096/695/1381
f 1097/694/1382 1094/693/1379 1096/695/1381
f 1089/688/1374 1097/694/1382 1096/695/1381
f 1087/685/1371 1089/688/1374 1096/695/1381
f 1094/693/1379 1097/694/1382 1085/681/1369
f 1089/688/1374 1082/680/1366 1085/681/1369
f 1089/688/1374 1085/681/1369 1097/694/1382
f 1085/681/1369 1084/682/1368 1093/690/1378
f 1092/691/1377 1085/681/1369 1093/690/1378
f 1094/693/1379 1085/681/1369 1092/691/1377
f 1082/680/1366 1086/686/1370 1083/683/1367
f 1095/696/1380 1094/693/1379 1092/691/1377
f 1091/692/1376 1095/696/1380 1092/691/1377
f 1091/698/1383 1098/697/1384 1095/696/1380
f 1098/697/1384 1096/695/1381 1095/696/1380
f 1088/684/1372 1087/685/1371 1096/695/1381
f 1098/697/1384 1088/684/1372 1096/695/1381
f 1099/810/1385 1100/813/1386 1101/812/1387
f 1102/811/1388 1099/810/1385 1101/812/1387
f 1101/812/1387 1100/813/1386 1103/815/1389
f 1104/814/1390 1101/812/1387 1103/815/1389
f 1105/701/1391 1106/700/1392 1107/699/1393
f 1108/702/1394 1105/701/1391 1107/699/1393
f 962/705/1210 961/704/1209 1109/703/1395
f 1110/706/1396 962/705/1210 1109/703/1395
f 962/705/1210 1110/706/1396 964/707/1212
f 1110/706/1396 1109/703/1395 1111/708/1397
f 1112/709/1398 1110/706/1396 1111/708/1397
f 1113/712/1399 1114/711/1400 1115/710/1401
f 971/714/1219 970/713/1218 1112/709/1398
f 1114/711/1400 971/714/1219 1112/709/1398
f 1110/706/1396 1112/709/1398 970/713/1218
f 964/707/1212 1110/706/1396 970/713/1218
f 972/715/1220 1113/712/1399 1116/717/1402
f 973/716/1221 972/715/1220 1116/717/1402
f 971/714/1219 1114/711/1400 1113/712/1399
f 972/715/1220 971/714/1219 1113/712/1399
f 1115/710/1401 1114/711/1400 1112/709/1398
f 1111/708/1397 1115/710/1401 1112/709/1398
f 646/718/1223 656/721/1403 1117/720/1404
f 975/719/1224 646/718/1223 1117/720/1404
f 1117/720/1404 656/721/1403 1088/722/1405
f 1091/725/1406 1118/724/1407 1098/723/1408
f 1091/725/1406 1111/708/1397 1109/703/1395
f 1118/724/1407 1091/725/1406 1109/703/1395
f 961/704/1209 978/726/1231 1118/724/1407
f 1109/703/1395 961/704/1209 1118/724/1407
f 1119/728/1409 1115/710/1401 1120/727/1410
f 1119/728/1409 1113/712/1399 1115/710/1401
f 1111/708/1397 1091/725/1406 1121/731/1411
f 1115/710/1401 1111/708/1397 1121/731/1411
f 1121/731/1411 1107/699/1393 1106/700/1392
f 1122/732/1412 1121/731/1411 1106/700/1392
f 1107/699/1393 1090/730/1413 1093/729/1414
f 1108/702/1394 1107/699/1393 1093/729/1414
f 1121/731/1411 1090/730/1413 1107/699/1393
f 1115/710/1401 1121/731/1411 1122/732/1412
f 1120/727/1410 1115/710/1401 1122/732/1412
f 1116/717/1402 1113/712/1399 1119/728/1409
f 1121/731/1411 1091/725/1406 1090/730/1413
f 1098/723/1408 1118/724/1407 1117/720/1404
f 1088/722/1405 1098/723/1408 1117/720/1404
f 1118/724/1407 978/726/1231 975/719/1224
f 1117/720/1404 1118/724/1407 975/719/1224
f 1047/805/1313 1123/737/1415 1124/856/1416
f 996/748/1255 1047/805/1313 1124/856/1416
f 1124/856/1416 1123/737/1415 1125/857/1417
f 1126/740/1418 989/739/1245 1078/738/1419
f 1088/722/1405 656/721/1403 1083/741/1420
f 1127/744/1421 1128/743/1422 1081/742/1423
f 1084/746/1424 1083/741/1420 1129/745/1425
f 1093/729/1426 1084/746/1424 1129/745/1425
f 1102/788/1427 1130/858/1428 1099/734/1429
f 1131/749/1430 1000/752/1259 999/751/1258
f 1132/750/1431 1131/749/1430 999/751/1258
f 1133/754/1432 1001/753/1260 1000/752/1259
f 1131/749/1430 1133/754/1432 1000/752/1259
f 1134/756/1433 1003/755/1262 1133/754/1432
f 1006/758/1265 1005/757/1264 1134/756/1433
f 1135/759/1434 1006/758/1265 1134/756/1433
f 1131/749/1430 1136/761/1435 1137/760/1436
f 1133/754/1432 1131/749/1430 1137/760/1436
f 1138/764/1437 1139/763/1438 1140/762/1439
f 1135/759/1434 1138/764/1437 1140/762/1439
f 1141/765/1440 1139/763/1438 1142/767/1441
f 9/766/1442 1141/765/1440 1142/767/1441
f 185/768/1443 9/766/1442 1142/767/1441
f 1136/761/1435 1131/749/1430 1132/750/1431
f 1143/769/1444 1136/761/1435 1132/750/1431
f 1143/769/1444 185/768/1443 1142/767/1441
f 1144/770/1445 1143/769/1444 1142/767/1441
f 1136/761/1435 1144/770/1445 1138/764/1437
f 1137/760/1436 1136/761/1435 1138/764/1437
f 1144/770/1445 1142/767/1441 1139/763/1438
f 1138/764/1437 1144/770/1445 1139/763/1438
f 1135/759/1434 1134/756/1433 1137/760/1436
f 1138/764/1437 1135/759/1434 1137/760/1436
f 1139/763/1438 1141/765/1440 1140/762/1439
f 1145/771/1446 1132/750/1431 999/751/1258
f 995/747/1254 1145/771/1446 999/751/1258
f 1143/769/1444 1132/750/1431 1145/771/1446
f 1146/774/1447 1019/773/1280 1018/772/1279
f 1019/773/1280 1146/774/1447 1147/776/1448
f 1021/775/1282 1019/773/1280 1147/776/1448
f 1129/745/1425 1105/701/1391 1093/729/1426
f 655/779/1449 652/778/1450 1148/777/1451
f 1105/701/1391 1129/745/1425 1127/744/1421
f 1105/701/1391 1127/744/1421 1149/780/1452
f 1105/701/1391 1149/780/1452 1150/781/1453
f 1127/744/1421 1129/745/1425 1151/782/1454
f 655/779/1449 1129/745/1425 1083/741/1420
f 656/721/1403 655/779/1449 1083/741/1420
f 1152/783/1455 1126/740/1418 1078/738/1419
f 1153/784/1456 1152/783/1455 1078/738/1419
f 1127/744/1421 1154/785/1457 1149/780/1452
f 1143/769/1444 1155/786/1458 1149/780/1452
f 1143/769/1444 1149/780/1452 1154/785/1457
f 1102/788/1427 1101/787/1459 1145/771/1446
f 1145/771/1446 995/747/1254 1130/858/1428
f 1130/858/1428 1102/788/1427 1145/771/1446
f 1146/774/1447 1156/789/1460 1126/740/1418
f 1152/783/1455 1146/774/1447 1126/740/1418
f 1147/776/1448 1146/774/1447 1152/783/1455
f 1157/790/1461 1147/776/1448 1152/783/1455
f 1157/790/1461 1152/783/1455 1153/784/1456
f 1035/791/1299 1021/775/1282 1147/776/1448
f 1157/790/1461 1035/791/1299 1147/776/1448
f 1158/792/1462 1157/790/1461 1128/743/1422
f 1151/782/1454 1158/792/1462 1128/743/1422
f 1129/745/1425 655/779/1449 1148/777/1451
f 1151/782/1454 1129/745/1425 1148/777/1451
f 1128/743/1422 1157/790/1461 1153/784/1456
f 1151/782/1454 1128/743/1422 1127/744/1421
f 1159/795/1463 651/794/1464 661/793/1301
f 1038/796/1304 1159/795/1463 661/793/1301
f 651/794/1464 1159/795/1463 1148/777/1451
f 652/778/1450 651/794/1464 1148/777/1451
f 1148/777/1451 1159/795/1463 1158/792/1462
f 1151/782/1454 1148/777/1451 1158/792/1462
f 1158/792/1462 1159/795/1463 1038/796/1304
f 1039/797/1305 1158/792/1462 1038/796/1304
f 1158/792/1462 1039/797/1305 1035/791/1299
f 1157/790/1461 1158/792/1462 1035/791/1299
f 1156/789/1460 1040/798/1306 989/739/1245
f 1126/740/1418 1156/789/1460 989/739/1245
f 1156/789/1460 1146/774/1447 1018/772/1279
f 1040/798/1306 1156/789/1460 1018/772/1279
f 1128/743/1422 1153/784/1456 1078/738/1419
f 1078/738/1419 1081/742/1423 1128/743/1422
f 1160/801/1465 1161/859/1466 1162/802/1467
f 1150/781/1453 1162/802/1467 1106/700/1392
f 1105/701/1391 1150/781/1453 1106/700/1392
f 1125/857/1417 1123/737/1415 1163/803/1468
f 1161/859/1466 1125/857/1417 1163/803/1468
f 1047/805/1313 973/716/1221 1116/717/1402
f 1123/737/1415 1047/805/1313 1116/717/1402
f 1119/728/1409 1163/803/1468 1123/737/1415
f 1116/717/1402 1119/728/1409 1123/737/1415
f 1137/760/1436 1134/756/1433 1133/754/1432
f 1134/756/1433 1005/757/1264 1003/755/1262
f 1133/754/1432 1003/755/1262 1001/753/1260
f 1103/799/1469 1161/859/1466 1160/801/1465
f 1163/803/1468 1119/728/1409 1120/727/1410
f 1164/806/1470 1163/803/1468 1120/727/1410
f 1155/786/1458 1145/771/1446 1101/787/1459
f 1104/800/1471 1155/786/1458 1101/787/1459
f 1155/786/1458 1143/769/1444 1145/771/1446
f 1155/786/1458 1104/800/1471 1150/781/1453
f 1149/780/1452 1155/786/1458 1150/781/1453
f 1122/732/1412 1106/700/1392 1162/802/1467
f 1164/806/1470 1122/732/1412 1162/802/1467
f 1164/806/1470 1120/727/1410 1122/732/1412
f 1136/761/1435 1143/769/1444 1144/770/1445
f 1049/807/1315 1006/758/1265 1135/759/1434
f 1140/762/1439 1049/807/1315 1135/759/1434
f 1140/762/1439 1141/765/1440 1050/808/1316
f 1049/807/1315 1140/762/1439 1050/808/1316
f 1141/765/1440 9/766/1442 1051/809/1317
f 1050/808/1316 1141/765/1440 1051/809/1317
f 1143/769/1444 1154/785/1457 185/768/1443
f 1127/744/1421 185/768/1443 1154/785/1457
f 1081/742/1423 185/768/1443 1127/744/1421
f 1081/742/1423 9/766/1442 185/768/1443
f 1108/816/1472 1165/819/1473 1166/818/1474
f 1105/817/1475 1108/816/1472 1166/818/1474
f 1165/819/1473 1084/821/1476 1083/820/1477
f 1167/822/1478 1165/819/1473 1083/820/1477
f 1168/823/1479 1167/822/1478 1083/820/1477
f 1165/819/1473 1167/822/1478 1169/824/1480
f 1166/818/1474 1165/819/1473 1169/824/1480
f 1169/824/1480 1168/823/1479 1170/825/1481
f 1166/818/1474 1169/824/1480 1170/825/1481
f 1170/825/1481 1168/823/1479 1083/820/1477
f 1170/825/1481 1083/820/1477 1084/821/1482
f 1093/826/1483 1170/825/1481 1084/821/1482
f 1105/817/1475 1166/818/1474 1170/825/1481
f 1093/826/1483 1105/817/1475 1170/825/1481
f 1108/816/1472 1093/826/1484 1084/821/1476
f 1165/819/1473 1108/816/1472 1084/821/1476
f 1171/829/1485 1172/828/1486 1173/827/1487
f 1174/830/1488 1171/829/1485 1173/827/1487
f 1174/830/1488 1173/827/1487 1175/831/1489
f 1176/832/1490 1174/830/1488 1175/831/1489
f 1175/831/1489 1173/827/1487 1167/822/1478
f 1168/823/1479 1175/831/1489 1167/822/1478
f 1173/827/1487 1172/828/1486 1169/824/1480
f 1173/827/1487 1169/824/1480 1167/822/1478
f 1169/824/1480 1172/828/1486 1177/833/1491
f 1177/833/1491 1172/828/1486 1171/829/1485
f 1176/832/1490 1177/833/1491 1171/829/1485
f 1168/823/1479 1177/833/1491 1175/831/1489
f 1175/831/1489 1177/833/1491 1176/832/1490
f 1178/835/1492 1179/834/1493 1171/829/1485
f 1174/830/1488 1178/835/1492 1171/829/1485
f 1180/836/1494 1178/835/1492 1174/830/1488
f 1176/832/1490 1180/836/1494 1174/830/1488
f 1180/836/1494 1181/838/1495 1182/837/1496
f 1180/836/1494 1182/837/1496 1178/835/1492
f 1178/835/1492 1182/837/1496 1183/839/1497
f 1179/834/1493 1178/835/1492 1183/839/1497
f 1184/840/1498 1179/834/1493 1183/839/1497
f 1184/840/1498 1183/839/1497 1181/838/1495
f 1171/829/1485 1179/834/1493 1184/840/1498
f 1176/832/1490 1171/829/1485 1184/840/1498
f 1184/840/1498 1181/838/1495 1180/836/1494
f 1184/840/1498 1180/836/1494 1176/832/1490
f 1185/843/1499 1186/860/1500 1187/841/1501
f 1188/844/1502 1186/860/1500 1185/843/1499
f 1188/844/1502 1185/843/1499 1182/837/1496
f 1181/838/1495 1188/844/1502 1182/837/1496
f 1185/843/1499 1187/841/1501 1183/839/1497
f 1185/843/1499 1183/839/1497 1182/837/1496
f 1183/839/1497 1187/841/1501 1189/845/1503
f 1183/839/1497 1189/845/1503 1181/838/1495
f 1189/845/1503 1187/841/1501 1186/860/1500
f 1181/838/1495 1189/845/1503 1188/844/1502
f 1188/844/1502 1189/845/1503 1186/860/1500
f 1190/861/1504 1191/862/1505 1192/863/1506
f 1190/861/1504 1193/864/1507 1191/862/1505
f 1194/865/1508 1191/862/1505 1193/864/1507
f 1194/865/1508 1192/863/1506 1191/862/1505
f 1190/861/1504 1195/866/1509 1193/864/1507
f 1190/861/1504 1192/863/1506 1195/866/1509
f 1194/865/1508 1195/866/1509 1192/863/1506
f 1194/865/1508 1193/864/1507 1195/866/1509
f 1196/867/1510 1197/868/1511 1198/869/1512
f 1199/870/1513 1196/867/1510 1198/869/1512
f 1200/871/1514 1201/872/1515 1202/873/1516
f 1199/870/1513 1200/871/1514 1202/873/1516
f 1203/874/1517 1198/869/1512 1197/868/1511
f 1204/875/1518 1203/874/1517 1197/868/1511
f 1205/876/1519 1206/877/1520 1202/873/1516
f 1201/872/1515 1205/876/1519 1202/873/1516
f 1206/877/1520 1199/870/1513 1202/873/1516
f 1203/874/1517 1199/870/1513 1198/869/1512
f 1204/875/1518 1197/868/1511 1196/867/1510
f 1200/871/1514 1204/875/1518 1196/867/1510
f 1200/871/1514 1196/867/1510 1205/876/1519
f 1201/872/1515 1200/871/1514 1205/876/1519
f 1196/867/1510 1199/870/1513 1206/877/1520
f 1205/876/1519 1196/867/1510 1206/877/1520
f 1203/874/1517 1204/875/1518 1200/871/1514
f 1199/870/1513 1203/874/1517 1200/871/1514
f 1207/867/1521 1208/870/1522 1209/869/1523
f 1210/868/1524 1207/867/1521 1209/869/1523
f 1211/871/1525 1208/870/1522 1212/873/1526
f 1213/872/1527 1211/871/1525 1212/873/1526
f 1210/868/1524 1209/869/1523 1214/874/1528
f 1215/875/1529 1210/868/1524 1214/874/1528
f 1212/873/1526 1216/877/1530 1217/876/1531
f 1213/872/1527 1212/873/1526 1217/876/1531
f 1212/873/1526 1208/870/1522 1216/877/1530
f 1209/869/1523 1208/870/1522 1214/874/1528
f 1207/867/1521 1210/868/1524 1215/875/1529
f 1211/871/1525 1207/867/1521 1215/875/1529
f 1217/876/1531 1207/867/1521 1211/871/1525
f 1213/872/1527 1217/876/1531 1211/871/1525
f 1207/867/1521 1217/876/1531 1216/877/1530
f 1208/870/1522 1207/867/1521 1216/877/1530
f 1214/874/1528 1208/870/1522 1211/871/1525
f 1215/875/1529 1214/874/1528 1211/871/1525
f 1218/863/1532 1219/862/1533 1220/861/1534
f 1219/862/1533 1221/864/1535 1220/861/1534
f 1221/864/1535 1219/862/1533 1222/865/1536
f 1219/862/1533 1218/863/1532 1222/865/1536
f 1221/864/1535 1223/866/1537 1220/861/1534
f 1223/866/1537 1218/863/1532 1220/861/1534
f 1218/863/1532 1223/866/1537 1222/865/1536
f 1223/866/1537 1221/864/1535 1222/865/1536
f 1224/867/1538 1225/870/1539 1226/869/1540
f 1227/868/1541 1224/867/1538 1226/869/1540
f 1228/871/1542 1225/870/1539 1229/873/1543
f 1230/872/1544 1228/871/1542 1229/873/1543
f 1227/868/1541 1226/869/1540 1231/874/1545
f 1232/875/1546 1227/868/1541 1231/874/1545
f 1229/873/1543 1233/877/1547 1234/876/1548
f 1230/872/1544 1229/873/1543 1234/876/1548
f 1229/873/1543 1225/870/1539 1233/877/1547
f 1226/869/1540 1225/870/1539 1231/874/1545
f 1224/867/1538 1227/868/1541 1232/875/1546
f 1228/871/1542 1224/867/1538 1232/875/1546
f 1234/876/1548 1224/867/1538 1228/871/1542
f 1230/872/1544 1234/876/1548 1228/871/1542
f 1224/867/1538 1234/876/1548 1233/877/1547
f 1225/870/1539 1224/867/1538 1233/877/1547
f 1231/874/1545 1225/870/1539 1228/871/1542
f 1232/875/1546 1231/874/1545 1228/871/1542
f 1235/867/1549 1236/868/1550 1237/869/1551
f 1238/870/1552 1235/867/1549 1237/869/1551
f 1239/871/1553 1240/872/1554 1241/873/1555
f 1238/870/1552 1239/871/1553 1241/873/1555
f 1242/874/1556 1237/869/1551 1236/868/1550
f 1243/875/1557 1242/874/1556 1236/868/1550
f 1244/876/1558 1245/877/1559 1241/873/1555
f 1240/872/1554 1244/876/1558 1241/873/1555
f 1245/877/1559 1238/870/1552 1241/873/1555
f 1242/874/1556 1238/870/1552 1237/869/1551
f 1243/875/1557 1236/868/1550 1235/867/1549
f 1239/871/1553 1243/875/1557 1235/867/1549
f 1239/871/1553 1235/867/1549 1244/876/1558
f 1240/872/1554 1239/871/1553 1244/876/1558
f 1235/867/1549 1238/870/1552 1245/877/1559
f 1244/876/1558 1235/867/1549 1245/877/1559
f 1242/874/1556 1243/875/1557 1239/871/1553
f 1238/870/1552 1242/874/1556 1239/871/1553
f 392/250/409 385/243/402 372/230/1560
f 385/243/402 388/246/405 372/230/1560
f 725/539/851 742/560/872 723/537/849
f 1100/878/1561 1125/857/1562 1161/859/1466
f 1103/799/1469 1100/878/1561 1161/859/1466
f 1124/856/1563 1125/857/1562 1100/878/1561
f 1099/734/1429 1124/856/1563 1100/878/1561
f 985/735/1240 984/734/1239 1052/878/1564
f 986/736/1565 985/735/1240 1052/878/1564
f 1046/804/1312 986/736/1565 1052/878/1564
f 1041/799/1307 1046/804/1312 1052/878/1564
f 1160/801/1465 1150/781/1453 1104/800/1471
f 1103/799/1469 1160/801/1465 1104/800/1471
f 1162/802/1467 1150/781/1453 1160/801/1465
f 1164/806/1470 1162/802/1467 1161/859/1466
f 1163/803/1468 1164/806/1470 1161/859/1466
f 1099/734/1429 1130/858/1566 1124/856/1563
f 996/748/1255 1124/856/1416 995/747/1254
f 1130/858/1428 995/747/1254 1124/856/1416
f 1043/801/1309 1025/781/1288 1044/802/1310
f 1046/804/1312 1041/799/1307 1043/801/1309
f 1042/800/1308 1025/781/1288 1043/801/1309
f 1046/804/1312 1044/802/1310 1048/806/1314
f 1045/803/1311 1046/804/1312 1048/806/1314
f 1032/788/1295 984/734/1239 983/733/1296
f 985/735/1243 987/737/1242 1047/805/1313
f 996/748/1255 985/735/1243 1047/805/1313
f 995/747/1254 983/733/1296 985/735/1243
usemtl her_obelix03_a

f 1/1/1 2/2/2 3/3/3
f 4/2/4 5/4/5 6/5/6
f 3/3/3 2/2/2 7/4/7
f 8/5/8 7/4/7 2/2/2
f 7/4/7 9/6/9 3/3/3
f 1/1/1 3/3/3 10/7/10
f 5/4/5 4/2/4 11/3/11
f 11/3/11 12/8/12 13/6/13
f 14/7/14 11/3/11 15/1/15
f 9/6/9 16/8/16 3/3/3
f 14/7/14 12/8/12 11/3/11
f 11/3/11 13/6/13 5/4/5
f 17/9/17 6/5/6 5/4/5
f 11/3/11 4/2/4 15/1/15
f 7/4/7 18/9/18 9/6/9
f 7/4/7 8/5/8 18/9/18
f 19/10/19 14/7/14 15/1/15
f 1/1/1 10/7/10 20/10/20
f 13/6/13 17/9/17 5/4/5
f 3/3/3 16/8/16 10/7/10
f 21/11/21 22/12/22 23/13/23
f 21/11/21 23/13/23 24/12/24
f 24/12/24 25/14/25 26/13/26
f 27/15/27 28/11/28 29/13/29
f 30/13/30 31/14/31 32/12/32
f 23/13/23 25/14/25 24/12/24
f 33/14/33 30/13/30 34/11/34
f 35/12/35 33/14/33 34/11/34
f 33/14/33 35/12/35 36/11/36
f 22/12/22 37/14/37 23/13/23
f 38/14/38 27/15/27 29/13/29
f 39/11/39 24/12/24 26/13/26
f 34/11/34 30/13/30 32/12/32
f 40/12/40 41/14/41 42/11/42
f 41/14/41 40/12/40 43/11/43
f 44/13/44 33/14/33 36/11/36
f 45/13/45 46/14/46 47/12/47
f 48/11/48 45/13/45 47/12/47
f 49/14/49 45/13/45 48/11/48
f 50/12/50 49/14/49 48/11/48
f 49/14/49 50/12/50 51/11/51
f 52/13/52 49/14/49 51/11/51
f 53/14/53 54/12/54 55/11/55
f 56/13/56 53/14/53 55/11/55
f 57/13/57 58/14/58 59/12/59
f 60/12/60 61/14/61 55/11/55
f 42/11/42 57/13/57 59/12/59
f 62/11/62 63/13/63 60/12/60
f 41/14/41 57/13/57 42/11/42
f 64/13/64 41/14/41 43/11/43
f 65/16/65 66/17/66 67/15/67
f 68/18/68 65/16/65 67/15/67
f 67/15/67 69/19/69 70/16/70
f 70/16/70 68/18/68 67/15/67
f 71/14/71 72/13/72 66/17/66
f 66/17/66 73/15/73 71/14/71
f 61/14/61 56/13/56 55/11/55
f 67/15/67 66/17/66 74/14/74
f 74/14/74 75/13/75 69/19/69
f 69/19/69 67/15/67 74/14/74
f 76/14/76 77/13/77 78/11/78
f 79/12/79 76/14/76 78/11/78
f 78/11/78 77/13/77 80/14/80
f 81/15/81 78/11/78 80/14/80
f 81/15/81 80/14/80 82/13/82
f 79/11/83 81/15/81 82/13/82
f 83/14/84 84/12/85 85/11/86
f 86/13/87 83/14/84 85/11/86
f 86/13/87 85/11/86 87/12/88
f 88/14/89 86/13/87 87/12/88
f 89/13/90 88/14/89 87/12/88
f 90/11/91 89/13/90 87/12/88
f 91/13/92 92/14/93 93/12/94
f 63/13/63 61/14/61 60/12/60
f 94/14/95 91/13/92 95/11/96
f 96/12/97 94/14/95 95/11/96
f 94/14/95 96/12/97 97/11/98
f 73/15/73 66/17/66 65/16/65
f 98/15/99 99/16/100 100/18/101
f 98/15/99 100/18/101 101/16/102
f 101/16/102 102/19/103 98/15/99
f 103/12/104 104/11/105 105/14/106
f 65/16/65 106/18/107 73/15/73
f 103/12/104 105/14/106 107/11/108
f 66/17/66 72/13/72 74/14/74
f 108/11/109 109/12/110 110/13/111
f 108/11/109 110/13/111 111/14/112
f 112/12/113 108/11/109 111/14/112
f 111/14/112 113/13/114 114/11/115
f 99/16/100 115/17/116 116/15/117
f 117/12/118 118/14/119 119/13/120
f 120/11/121 117/12/118 119/13/120
f 120/11/121 119/13/120 121/14/122
f 122/12/123 120/11/121 121/14/122
f 121/14/122 123/13/124 124/11/125
f 122/12/123 121/14/122 124/11/125
f 125/20/126 126/13/127 127/11/128
f 95/11/96 91/13/92 93/12/94
f 127/11/128 126/13/127 128/14/129
f 129/12/130 127/11/128 128/14/129
f 128/14/129 130/13/131 131/11/132
f 129/12/130 128/14/129 131/11/132
f 132/21/133 133/22/134 134/23/135
f 134/23/135 135/24/136 132/21/133
f 135/24/136 134/23/135 136/25/137
f 137/26/138 132/21/133 135/24/136
f 138/27/139 137/26/138 135/24/136
f 138/27/139 139/28/140 137/26/138
f 140/23/141 141/22/142 142/21/143
f 142/21/143 135/24/136 140/23/141
f 136/25/137 140/23/141 135/24/136
f 135/24/136 142/21/143 143/26/144
f 138/27/139 135/24/136 143/26/144
f 143/26/144 139/28/140 138/27/139
f 144/21/145 145/22/146 146/23/147
f 146/23/147 147/24/148 144/21/145
f 147/24/148 146/23/147 148/25/149
f 149/29/150 150/27/151 151/26/152
f 152/30/153 149/29/150 151/26/152
f 147/24/148 149/29/150 152/30/153
f 144/21/145 147/24/148 152/30/153
f 150/27/151 153/28/154 151/26/152
f 154/23/155 155/22/156 156/21/157
f 156/21/157 147/24/148 154/23/155
f 148/25/149 154/23/155 147/24/148
f 157/26/158 150/27/151 149/29/150
f 158/30/159 157/26/158 149/29/150
f 158/30/159 149/29/150 147/24/148
f 156/21/157 158/30/159 147/24/148
f 157/26/158 153/28/154 150/27/151
f 38/14/38 159/13/160 160/11/161
f 159/13/160 161/14/162 160/11/161
f 162/13/163 94/14/95 97/11/98
f 161/14/162 28/12/164 160/11/161
f 163/14/165 98/15/99 102/19/103
f 98/15/99 115/17/116 99/16/100
f 102/19/103 164/13/166 163/14/165
f 163/14/165 115/17/116 98/15/99
f 163/14/165 165/13/167 115/17/116
f 105/14/106 166/13/168 107/11/108
f 167/31/169 19/10/19 168/32/170
f 19/10/19 167/31/169 14/7/14
f 169/14/171 116/15/117 115/17/116
f 12/8/12 170/33/172 13/6/13
f 171/34/173 14/7/14 167/31/169
f 172/35/174 171/34/173 167/31/169
f 168/32/170 173/36/175 167/31/169
f 12/8/12 174/37/176 170/33/172
f 12/8/12 171/34/173 174/37/176
f 27/15/27 38/14/38 160/11/161
f 116/15/117 175/18/177 99/16/100
f 172/35/174 167/31/169 173/36/175
f 115/17/116 165/13/167 169/14/171
f 109/12/110 176/14/178 110/13/111
f 104/11/105 177/12/179 178/13/180
f 104/11/105 178/13/180 105/14/106
f 177/12/179 179/14/181 178/13/180
f 112/12/113 111/14/112 114/11/115
f 180/31/182 181/36/183 182/32/184
f 180/31/182 10/7/10 183/34/185
f 180/31/182 183/34/185 184/35/186
f 182/32/184 20/10/20 180/31/182
f 10/7/10 180/31/182 20/10/20
f 16/8/16 183/34/185 10/7/10
f 9/6/9 185/33/187 16/8/16
f 181/36/183 180/31/182 184/35/186
f 186/37/188 183/34/185 16/8/16
f 185/33/187 186/37/188 16/8/16
f 14/7/14 171/34/173 12/8/12
f 187/38/189 188/39/190 189/40/189
f 190/41/191 191/39/192 192/38/191
f 193/42/193 194/43/194 195/44/193
f 196/45/195 193/42/193 195/44/193
f 197/45/196 198/42/197 199/43/196
f 200/44/198 197/45/196 199/43/196
f 201/46/199 187/38/189 189/40/189
f 202/46/200 190/41/191 192/38/191
f 203/47/201 125/20/126 127/11/128
